buy_date,code,name,Market,buy_price,alloc,sell_date,sell_close,ret_180d,peak_180d,rank,combo,set,YYYYMM
2020-04-06,237690,에스티팜,KOSDAQ,39200.0,1000000.0,2020-12-28,93500.0,138.5204081632653,202.55102040816325,1,F10_KOSDAQ만__S01_거래대금낮,FULL_weekly_3,2020-04
2020-04-10,253450,스튜디오드래곤,KOSDAQ,77500.0,1000000.0,2021-01-05,100400.0,29.548387096774185,30.838709677419352,1,F10_KOSDAQ만__S01_거래대금낮,FULL_weekly_3,2020-04
2020-04-07,196170,알테오젠,KOSDAQ,25366.0,1000000.0,2020-12-29,98537.0,288.4609319561618,399.8265394622723,1,F10_KOSDAQ만__S01_거래대금낮,FULL_weekly_3,2020-04
2020-04-16,101490,에스앤에스텍,KOSDAQ,18300.0,1000000.0,2021-01-08,42550.0,132.51366120218577,191.8032786885246,1,F10_KOSDAQ만__S01_거래대금낮,FULL_weekly_3,2020-04
2020-04-14,032500,케이엠더블유,KOSDAQ,61100.0,1000000.0,2021-01-07,80600.0,31.914893617021267,46.48117839607202,1,F10_KOSDAQ만__S01_거래대금낮,FULL_weekly_3,2020-04
2020-04-16,253450,스튜디오드래곤,KOSDAQ,84800.0,1000000.0,2021-01-08,99800.0,17.688679245283012,20.99056603773586,1,F10_KOSDAQ만__S01_거래대금낮,FULL_weekly_3,2020-04
2020-04-21,052020,에스티큐브,KOSDAQ,9433.0,1000000.0,2021-01-13,7504.0,-20.44948584755645,20.778119368175552,1,F10_KOSDAQ만__S01_거래대금낮,FULL_weekly_3,2020-04
2020-04-20,007390,네이처셀,KOSDAQ,12700.0,1000000.0,2021-01-12,9550.0,-24.803149606299215,4.330708661417315,1,F10_KOSDAQ만__S01_거래대금낮,FULL_weekly_3,2020-04
2020-04-27,225570,넥슨게임즈,KOSDAQ,8290.0,1000000.0,2021-01-19,13550.0,63.44993968636912,97.82870928829917,1,F10_KOSDAQ만__S01_거래대금낮,FULL_weekly_3,2020-04
2020-04-27,225570,넥슨게임즈,KOSDAQ,8290.0,1000000.0,2021-01-19,13550.0,63.44993968636912,97.82870928829917,1,F10_KOSDAQ만__S01_거래대금낮,FULL_weekly_3,2020-04
2020-12-30,023160,태광,KOSDAQ,7660.0,1000000.0,2021-09-23,11550.0,50.78328981723237,76.2402088772846,1,F10_KOSDAQ만__S01_거래대금낮,FULL_weekly_3,2020-12
2020-12-30,023160,태광,KOSDAQ,7660.0,1000000.0,2021-09-23,11550.0,50.78328981723237,76.2402088772846,1,F10_KOSDAQ만__S01_거래대금낮,FULL_weekly_3,2020-12
2020-12-30,023160,태광,KOSDAQ,7660.0,1000000.0,2021-09-23,11550.0,50.78328981723237,76.2402088772846,1,F10_KOSDAQ만__S01_거래대금낮,FULL_weekly_3,2020-12
2021-01-04,058610,에스피지,KOSDAQ,9400.0,1000000.0,2021-09-24,11200.0,19.14893617021276,48.93617021276595,1,F10_KOSDAQ만__S01_거래대금낮,FULL_weekly_3,2021-01
2021-01-04,058610,에스피지,KOSDAQ,9400.0,1000000.0,2021-09-24,11200.0,19.14893617021276,48.93617021276595,1,F10_KOSDAQ만__S01_거래대금낮,FULL_weekly_3,2021-01
2021-01-04,058610,에스피지,KOSDAQ,9400.0,1000000.0,2021-09-24,11200.0,19.14893617021276,48.93617021276595,1,F10_KOSDAQ만__S01_거래대금낮,FULL_weekly_3,2021-01
2021-01-13,009520,포스코엠텍,KOSDAQ,5110.0,1000000.0,2021-10-06,7100.0,38.94324853228963,142.66144814090018,1,F10_KOSDAQ만__S01_거래대금낮,FULL_weekly_3,2021-01
2021-01-12,037460,삼지전자,KOSDAQ,13400.0,1000000.0,2021-10-05,11700.0,-12.686567164179108,28.73134328358209,1,F10_KOSDAQ만__S01_거래대금낮,FULL_weekly_3,2021-01
2021-01-12,037460,삼지전자,KOSDAQ,13400.0,1000000.0,2021-10-05,11700.0,-12.686567164179108,28.73134328358209,1,F10_KOSDAQ만__S01_거래대금낮,FULL_weekly_3,2021-01
2021-01-18,189300,인텔리안테크,KOSDAQ,59324.0,1000000.0,2021-10-12,68056.0,14.719169307531521,52.26215359719506,1,F10_KOSDAQ만__S01_거래대금낮,FULL_weekly_3,2021-01
2021-01-18,189300,인텔리안테크,KOSDAQ,59324.0,1000000.0,2021-10-12,68056.0,14.719169307531521,52.26215359719506,1,F10_KOSDAQ만__S01_거래대금낮,FULL_weekly_3,2021-01
2021-01-18,189300,인텔리안테크,KOSDAQ,59324.0,1000000.0,2021-10-12,68056.0,14.719169307531521,52.26215359719506,1,F10_KOSDAQ만__S01_거래대금낮,FULL_weekly_3,2021-01
2021-01-25,086450,동국제약,KOSDAQ,31800.0,1000000.0,2021-10-19,23300.0,-26.72955974842768,5.817610062893075,1,F10_KOSDAQ만__S01_거래대금낮,FULL_weekly_3,2021-01
2021-01-26,214150,클래시스,KOSDAQ,17500.0,1000000.0,2021-10-20,22850.0,30.571428571428562,55.42857142857143,1,F10_KOSDAQ만__S01_거래대금낮,FULL_weekly_3,2021-01
2021-01-26,214150,클래시스,KOSDAQ,17500.0,1000000.0,2021-10-20,22850.0,30.571428571428562,55.42857142857143,1,F10_KOSDAQ만__S01_거래대금낮,FULL_weekly_3,2021-01
2021-02-02,052400,코나아이,KOSDAQ,28400.0,1000000.0,2021-10-27,33450.0,17.781690140845075,75.0,1,F10_KOSDAQ만__S01_거래대금낮,FULL_weekly_3,2021-02
2021-02-02,052400,코나아이,KOSDAQ,28400.0,1000000.0,2021-10-27,33450.0,17.781690140845075,75.0,1,F10_KOSDAQ만__S01_거래대금낮,FULL_weekly_3,2021-02
2021-09-27,225570,넥슨게임즈,KOSDAQ,14100.0,1000000.0,2022-06-21,15550.0,10.283687943262422,121.63120567375887,1,F10_KOSDAQ만__S01_거래대금낮,FULL_weekly_3,2021-09
2021-09-27,225570,넥슨게임즈,KOSDAQ,14100.0,1000000.0,2022-06-21,15550.0,10.283687943262422,121.63120567375887,1,F10_KOSDAQ만__S01_거래대금낮,FULL_weekly_3,2021-09
2021-09-27,225570,넥슨게임즈,KOSDAQ,14100.0,1000000.0,2022-06-21,15550.0,10.283687943262422,121.63120567375887,1,F10_KOSDAQ만__S01_거래대금낮,FULL_weekly_3,2021-09
2021-10-05,225570,넥슨게임즈,KOSDAQ,14950.0,1000000.0,2022-06-28,16550.0,10.702341137123739,109.03010033444818,1,F10_KOSDAQ만__S01_거래대금낮,FULL_weekly_3,2021-10
2021-10-05,225570,넥슨게임즈,KOSDAQ,14950.0,1000000.0,2022-06-28,16550.0,10.702341137123739,109.03010033444818,1,F10_KOSDAQ만__S01_거래대금낮,FULL_weekly_3,2021-10
2021-10-05,225570,넥슨게임즈,KOSDAQ,14950.0,1000000.0,2022-06-28,16550.0,10.702341137123739,109.03010033444818,1,F10_KOSDAQ만__S01_거래대금낮,FULL_weekly_3,2021-10
2021-10-13,053800,안랩,KOSDAQ,73200.0,1000000.0,2022-07-05,88800.0,21.311475409836067,198.49726775956285,1,F10_KOSDAQ만__S01_거래대금낮,FULL_weekly_3,2021-10
2021-10-15,036830,솔브레인홀딩스,KOSDAQ,42900.0,1000000.0,2022-07-07,19400.0,-54.77855477855478,9.906759906759909,1,F10_KOSDAQ만__S01_거래대금낮,FULL_weekly_3,2021-10
2021-10-15,036830,솔브레인홀딩스,KOSDAQ,42900.0,1000000.0,2022-07-07,19400.0,-54.77855477855478,9.906759906759909,1,F10_KOSDAQ만__S01_거래대금낮,FULL_weekly_3,2021-10
2021-10-22,053800,안랩,KOSDAQ,78200.0,1000000.0,2022-07-14,90500.0,15.728900255754485,179.41176470588235,1,F10_KOSDAQ만__S01_거래대금낮,FULL_weekly_3,2021-10
2021-10-20,035900,JYP Ent.,KOSDAQ,48950.0,1000000.0,2022-07-12,52400.0,7.04800817160367,35.240040858018396,1,F10_KOSDAQ만__S01_거래대금낮,FULL_weekly_3,2021-10
2021-10-20,035900,JYP Ent.,KOSDAQ,48950.0,1000000.0,2022-07-12,52400.0,7.04800817160367,35.240040858018396,1,F10_KOSDAQ만__S01_거래대금낮,FULL_weekly_3,2021-10
2021-10-28,298380,에이비엘바이오,KOSDAQ,25000.0,1000000.0,2022-07-20,25100.0,0.40000000000000036,39.19999999999999,1,F10_KOSDAQ만__S01_거래대금낮,FULL_weekly_3,2021-10
2021-10-28,298380,에이비엘바이오,KOSDAQ,25000.0,1000000.0,2022-07-20,25100.0,0.40000000000000036,39.19999999999999,1,F10_KOSDAQ만__S01_거래대금낮,FULL_weekly_3,2021-10
2021-10-28,298380,에이비엘바이오,KOSDAQ,25000.0,1000000.0,2022-07-20,25100.0,0.40000000000000036,39.19999999999999,1,F10_KOSDAQ만__S01_거래대금낮,FULL_weekly_3,2021-10
2021-11-03,121600,나노신소재,KOSDAQ,48200.0,1000000.0,2022-07-26,80100.0,66.1825726141079,106.01659751037343,1,F10_KOSDAQ만__S01_거래대금낮,FULL_weekly_3,2021-11
2021-11-05,121600,나노신소재,KOSDAQ,51000.0,1000000.0,2022-07-28,82900.0,62.549019607843135,94.70588235294117,1,F10_KOSDAQ만__S01_거래대금낮,FULL_weekly_3,2021-11
2021-11-11,060250,NHN KCP,KOSDAQ,39191.0,1000000.0,2022-08-03,13450.0,-65.68089612411012,4.051950702967511,1,F10_KOSDAQ만__S01_거래대금낮,FULL_weekly_3,2021-11
2021-11-11,060250,NHN KCP,KOSDAQ,39191.0,1000000.0,2022-08-03,13450.0,-65.68089612411012,4.051950702967511,1,F10_KOSDAQ만__S01_거래대금낮,FULL_weekly_3,2021-11
2021-11-11,060250,NHN KCP,KOSDAQ,39191.0,1000000.0,2022-08-03,13450.0,-65.68089612411012,4.051950702967511,1,F10_KOSDAQ만__S01_거래대금낮,FULL_weekly_3,2021-11
2022-06-21,033500,동성화인텍,KOSDAQ,11700.0,1000000.0,2023-03-13,10510.0,-10.170940170940169,21.36752136752136,1,F10_KOSDAQ만__S01_거래대금낮,FULL_weekly_3,2022-06
2022-06-24,298380,에이비엘바이오,KOSDAQ,26800.0,1000000.0,2023-03-16,20250.0,-24.44029850746269,2.6119402985074647,1,F10_KOSDAQ만__S01_거래대금낮,FULL_weekly_3,2022-06
2022-06-24,222080,씨아이에스,KOSDAQ,16550.0,1000000.0,2023-03-16,10500.0,-36.55589123867069,7.85498489425982,1,F10_KOSDAQ만__S01_거래대금낮,FULL_weekly_3,2022-06
2022-06-29,087010,펩트론,KOSDAQ,9633.0,1000000.0,2023-03-21,7297.0,-24.249974047544896,8.636977058029682,1,F10_KOSDAQ만__S01_거래대금낮,FULL_weekly_3,2022-06
2022-06-29,087010,펩트론,KOSDAQ,9633.0,1000000.0,2023-03-21,7297.0,-24.249974047544896,8.636977058029682,1,F10_KOSDAQ만__S01_거래대금낮,FULL_weekly_3,2022-06
2022-07-01,094170,동운아나텍,KOSDAQ,7897.0,1000000.0,2023-03-23,8189.0,3.697606686083321,43.76345447638344,1,F10_KOSDAQ만__S01_거래대금낮,FULL_weekly_3,2022-07
2022-07-08,033100,제룡전기,KOSDAQ,6980.0,1000000.0,2023-03-30,12250.0,75.50143266475644,89.54154727793697,1,F10_KOSDAQ만__S01_거래대금낮,FULL_weekly_3,2022-07
2022-07-07,052020,에스티큐브,KOSDAQ,6508.0,1000000.0,2023-03-29,13063.0,100.72218807621387,303.13460356484325,1,F10_KOSDAQ만__S01_거래대금낮,FULL_weekly_3,2022-07
2022-07-07,007390,네이처셀,KOSDAQ,19100.0,1000000.0,2023-03-29,14990.0,-21.51832460732984,48.16753926701571,1,F10_KOSDAQ만__S01_거래대금낮,FULL_weekly_3,2022-07
2022-07-19,102940,코오롱생명과학,KOSDAQ,38050.0,1000000.0,2023-04-10,34200.0,-10.11826544021025,32.98291721419184,1,F10_KOSDAQ만__S01_거래대금낮,FULL_weekly_3,2022-07
2022-07-19,052020,에스티큐브,KOSDAQ,11231.0,1000000.0,2023-04-10,18136.0,61.48161339150566,133.60341910782654,1,F10_KOSDAQ만__S01_거래대금낮,FULL_weekly_3,2022-07
2022-07-19,052020,에스티큐브,KOSDAQ,11231.0,1000000.0,2023-04-10,18136.0,61.48161339150566,133.60341910782654,1,F10_KOSDAQ만__S01_거래대금낮,FULL_weekly_3,2022-07
2022-07-27,214370,케어젠,KOSDAQ,27480.0,1000000.0,2023-04-18,44200.0,60.84425036390102,77.9475982532751,1,F10_KOSDAQ만__S01_거래대금낮,FULL_weekly_3,2022-07
2022-07-27,214370,케어젠,KOSDAQ,27480.0,1000000.0,2023-04-18,44200.0,60.84425036390102,77.9475982532751,1,F10_KOSDAQ만__S01_거래대금낮,FULL_weekly_3,2022-07
2022-07-28,009520,포스코엠텍,KOSDAQ,6180.0,1000000.0,2023-04-19,31300.0,406.4724919093851,540.7766990291262,1,F10_KOSDAQ만__S01_거래대금낮,FULL_weekly_3,2022-07
2022-08-04,039200,오스코텍,KOSDAQ,28673.0,1000000.0,2023-04-26,22600.0,-21.180204373452373,3.198130645555053,1,F10_KOSDAQ만__S01_거래대금낮,FULL_weekly_3,2022-08
2022-08-04,039200,오스코텍,KOSDAQ,28673.0,1000000.0,2023-04-26,22600.0,-21.180204373452373,3.198130645555053,1,F10_KOSDAQ만__S01_거래대금낮,FULL_weekly_3,2022-08
2022-08-04,039200,오스코텍,KOSDAQ,28673.0,1000000.0,2023-04-26,22600.0,-21.180204373452373,3.198130645555053,1,F10_KOSDAQ만__S01_거래대금낮,FULL_weekly_3,2022-08
2022-08-08,082920,비츠로셀,KOSDAQ,6787.0,1000000.0,2023-04-28,8947.0,31.82554884337705,62.089288345366136,1,F10_KOSDAQ만__S01_거래대금낮,FULL_weekly_3,2022-08
2023-03-16,171090,선익시스템,KOSDAQ,25650.0,1000000.0,2023-12-07,25550.0,-0.3898635477582846,77.19298245614034,1,F10_KOSDAQ만__S01_거래대금낮,FULL_weekly_3,2023-03
2023-03-15,281740,레이크머티리얼즈,KOSDAQ,6680.0,1000000.0,2023-12-06,13610.0,103.74251497005989,289.97005988023955,1,F10_KOSDAQ만__S01_거래대금낮,FULL_weekly_3,2023-03
2023-03-17,095610,테스,KOSDAQ,20650.0,1000000.0,2023-12-08,19360.0,-6.246973365617436,16.22276029055689,1,F10_KOSDAQ만__S01_거래대금낮,FULL_weekly_3,2023-03
2023-03-24,083450,GST,KOSDAQ,13405.0,1000000.0,2023-12-15,12228.0,-8.780305856023872,18.12756434166356,1,F10_KOSDAQ만__S01_거래대금낮,FULL_weekly_3,2023-03
2023-03-24,083450,GST,KOSDAQ,13405.0,1000000.0,2023-12-15,12228.0,-8.780305856023872,18.12756434166356,1,F10_KOSDAQ만__S01_거래대금낮,FULL_weekly_3,2023-03
2023-04-05,036830,솔브레인홀딩스,KOSDAQ,34000.0,1000000.0,2023-12-28,44350.0,30.44117647058824,45.58823529411764,1,F10_KOSDAQ만__S01_거래대금낮,FULL_weekly_3,2023-04
2023-04-05,036830,솔브레인홀딩스,KOSDAQ,34000.0,1000000.0,2023-12-28,44350.0,30.44117647058824,45.58823529411764,1,F10_KOSDAQ만__S01_거래대금낮,FULL_weekly_3,2023-04
2023-04-05,036830,솔브레인홀딩스,KOSDAQ,34000.0,1000000.0,2023-12-28,44350.0,30.44117647058824,45.58823529411764,1,F10_KOSDAQ만__S01_거래대금낮,FULL_weekly_3,2023-04
2023-04-14,950160,코오롱티슈진,KOSDAQ,10990.0,1000000.0,2024-01-10,10530.0,-4.185623293903551,2.91173794358508,1,F10_KOSDAQ만__S01_거래대금낮,FULL_weekly_3,2023-04
2023-04-11,252990,샘씨엔에스,KOSDAQ,5630.0,1000000.0,2024-01-05,5770.0,2.48667850799289,37.4777975133215,1,F10_KOSDAQ만__S01_거래대금낮,FULL_weekly_3,2023-04
2023-04-11,252990,샘씨엔에스,KOSDAQ,5630.0,1000000.0,2024-01-05,5770.0,2.48667850799289,37.4777975133215,1,F10_KOSDAQ만__S01_거래대금낮,FULL_weekly_3,2023-04
2023-04-18,389470,인벤티지랩,KOSDAQ,11880.0,1000000.0,2024-01-12,15400.0,29.629629629629626,175.6734006734007,1,F10_KOSDAQ만__S01_거래대금낮,FULL_weekly_3,2023-04
2023-04-18,389470,인벤티지랩,KOSDAQ,11880.0,1000000.0,2024-01-12,15400.0,29.629629629629626,175.6734006734007,1,F10_KOSDAQ만__S01_거래대금낮,FULL_weekly_3,2023-04
2023-04-18,389470,인벤티지랩,KOSDAQ,11880.0,1000000.0,2024-01-12,15400.0,29.629629629629626,175.6734006734007,1,F10_KOSDAQ만__S01_거래대금낮,FULL_weekly_3,2023-04
2023-04-25,368770,파이버프로,KOSDAQ,4135.0,1000000.0,2024-01-19,3630.0,-12.212817412333731,30.35066505441355,1,F10_KOSDAQ만__S01_거래대금낮,FULL_weekly_3,2023-04
2023-05-02,237690,에스티팜,KOSDAQ,90000.0,1000000.0,2024-01-25,61200.0,-31.999999999999996,3.44444444444445,1,F10_KOSDAQ만__S01_거래대금낮,FULL_weekly_3,2023-05
2023-05-02,237690,에스티팜,KOSDAQ,90000.0,1000000.0,2024-01-25,61200.0,-31.999999999999996,3.44444444444445,1,F10_KOSDAQ만__S01_거래대금낮,FULL_weekly_3,2023-05
2023-05-02,237690,에스티팜,KOSDAQ,90000.0,1000000.0,2024-01-25,61200.0,-31.999999999999996,3.44444444444445,1,F10_KOSDAQ만__S01_거래대금낮,FULL_weekly_3,2023-05
2023-05-08,023160,태광,KOSDAQ,18850.0,1000000.0,2024-01-30,12680.0,-32.73209549071618,20.15915119363396,1,F10_KOSDAQ만__S01_거래대금낮,FULL_weekly_3,2023-05
2023-05-08,014620,성광벤드,KOSDAQ,13550.0,1000000.0,2024-01-30,10800.0,-20.295202952029523,28.78228782287824,1,F10_KOSDAQ만__S01_거래대금낮,FULL_weekly_3,2023-05
2023-05-09,336570,원텍,KOSDAQ,7770.0,1000000.0,2024-01-31,7880.0,1.4157014157014203,94.46589446589446,1,F10_KOSDAQ만__S01_거래대금낮,FULL_weekly_3,2023-05
2023-05-18,078350,한양디지텍,KOSDAQ,13650.0,1000000.0,2024-02-13,15100.0,10.62271062271063,34.432234432234445,1,F10_KOSDAQ만__S01_거래대금낮,FULL_weekly_3,2023-05
2023-05-18,078350,한양디지텍,KOSDAQ,13650.0,1000000.0,2024-02-13,15100.0,10.62271062271063,34.432234432234445,1,F10_KOSDAQ만__S01_거래대금낮,FULL_weekly_3,2023-05
2023-05-19,140860,파크시스템스,KOSDAQ,159300.0,1000000.0,2024-02-14,179000.0,12.366603892027616,34.33772755806655,1,F10_KOSDAQ만__S01_거래대금낮,FULL_weekly_3,2023-05
2023-05-23,028300,HLB,KOSDAQ,35815.0,1000000.0,2024-02-16,68600.0,91.5398576015636,118.90269440178697,1,F10_KOSDAQ만__S01_거래대금낮,FULL_weekly_3,2023-05
2023-05-22,092190,서울바이오시스,KOSDAQ,6730.0,1000000.0,2024-02-15,3810.0,-43.38781575037147,5.20059435364042,1,F10_KOSDAQ만__S01_거래대금낮,FULL_weekly_3,2023-05
2023-12-12,027360,아주IB투자,KOSDAQ,2350.0,1000000.0,2024-09-05,2035.0,-13.40425531914894,55.3191489361702,1,F10_KOSDAQ만__S01_거래대금낮,FULL_weekly_3,2023-12
2023-12-12,027360,아주IB투자,KOSDAQ,2350.0,1000000.0,2024-09-05,2035.0,-13.40425531914894,55.3191489361702,1,F10_KOSDAQ만__S01_거래대금낮,FULL_weekly_3,2023-12
2023-12-12,027360,아주IB투자,KOSDAQ,2350.0,1000000.0,2024-09-05,2035.0,-13.40425531914894,55.3191489361702,1,F10_KOSDAQ만__S01_거래대금낮,FULL_weekly_3,2023-12
2023-12-20,083450,GST,KOSDAQ,13405.0,1000000.0,2024-09-13,15250.0,13.763521074226027,129.92167101827675,1,F10_KOSDAQ만__S01_거래대금낮,FULL_weekly_3,2023-12
2023-12-20,083450,GST,KOSDAQ,13405.0,1000000.0,2024-09-13,15250.0,13.763521074226027,129.92167101827675,1,F10_KOSDAQ만__S01_거래대금낮,FULL_weekly_3,2023-12
2023-12-20,083450,GST,KOSDAQ,13405.0,1000000.0,2024-09-13,15250.0,13.763521074226027,129.92167101827675,1,F10_KOSDAQ만__S01_거래대금낮,FULL_weekly_3,2023-12
2023-12-28,174900,앱클론,KOSDAQ,14820.0,1000000.0,2024-09-25,14550.0,-1.8218623481781382,49.46018893387314,1,F10_KOSDAQ만__S01_거래대금낮,FULL_weekly_3,2023-12
2023-12-28,174900,앱클론,KOSDAQ,14820.0,1000000.0,2024-09-25,14550.0,-1.8218623481781382,49.46018893387314,1,F10_KOSDAQ만__S01_거래대금낮,FULL_weekly_3,2023-12
2023-12-28,174900,앱클론,KOSDAQ,14820.0,1000000.0,2024-09-25,14550.0,-1.8218623481781382,49.46018893387314,1,F10_KOSDAQ만__S01_거래대금낮,FULL_weekly_3,2023-12
2024-01-03,099320,쎄트렉아이,KOSDAQ,36100.0,1000000.0,2024-09-27,36200.0,0.27700831024930483,62.04986149584488,1,F10_KOSDAQ만__S01_거래대금낮,FULL_weekly_3,2024-01
2024-01-11,950160,코오롱티슈진,KOSDAQ,11690.0,1000000.0,2024-10-10,15190.0,29.940119760479035,86.4841745081266,1,F10_KOSDAQ만__S01_거래대금낮,FULL_weekly_3,2024-01
2024-01-08,019210,와이지-원,KOSDAQ,6010.0,1000000.0,2024-10-04,5330.0,-11.314475873544094,12.312811980033267,1,F10_KOSDAQ만__S01_거래대금낮,FULL_weekly_3,2024-01
2024-01-08,019210,와이지-원,KOSDAQ,6010.0,1000000.0,2024-10-04,5330.0,-11.314475873544094,12.312811980033267,1,F10_KOSDAQ만__S01_거래대금낮,FULL_weekly_3,2024-01
2024-01-19,090710,휴림로봇,KOSDAQ,4000.0,1000000.0,2024-10-18,1341.0,-66.475,2.4250000000000105,1,F10_KOSDAQ만__S01_거래대금낮,FULL_weekly_3,2024-01
2024-01-19,090710,휴림로봇,KOSDAQ,4000.0,1000000.0,2024-10-18,1341.0,-66.475,2.4250000000000105,1,F10_KOSDAQ만__S01_거래대금낮,FULL_weekly_3,2024-01
2024-01-19,090710,휴림로봇,KOSDAQ,4000.0,1000000.0,2024-10-18,1341.0,-66.475,2.4250000000000105,1,F10_KOSDAQ만__S01_거래대금낮,FULL_weekly_3,2024-01
2024-01-24,126340,비나텍,KOSDAQ,47305.0,1000000.0,2024-10-23,34690.0,-26.667371313814602,20.982982771377223,1,F10_KOSDAQ만__S01_거래대금낮,FULL_weekly_3,2024-01
2024-02-08,033160,엠케이전자,KOSDAQ,12940.0,1000000.0,2024-11-07,7750.0,-40.108191653786704,15.919629057187024,1,F10_KOSDAQ만__S01_거래대금낮,FULL_weekly_3,2024-02
2024-02-06,083450,GST,KOSDAQ,17239.0,1000000.0,2024-11-05,15640.0,-9.275480016242243,78.78647253320959,1,F10_KOSDAQ만__S01_거래대금낮,FULL_weekly_3,2024-02
2024-02-06,252990,샘씨엔에스,KOSDAQ,8160.0,1000000.0,2024-11-05,5480.0,-32.84313725490197,13.725490196078427,1,F10_KOSDAQ만__S01_거래대금낮,FULL_weekly_3,2024-02
2024-02-13,033160,엠케이전자,KOSDAQ,13350.0,1000000.0,2024-11-08,7710.0,-42.247191011235955,12.35955056179776,1,F10_KOSDAQ만__S01_거래대금낮,FULL_weekly_3,2024-02
2024-02-13,178320,서진시스템,KOSDAQ,21450.0,1000000.0,2024-11-08,29450.0,37.2960372960373,68.997668997669,1,F10_KOSDAQ만__S01_거래대금낮,FULL_weekly_3,2024-02
2024-02-13,178320,서진시스템,KOSDAQ,21450.0,1000000.0,2024-11-08,29450.0,37.2960372960373,68.997668997669,1,F10_KOSDAQ만__S01_거래대금낮,FULL_weekly_3,2024-02
2024-02-20,145020,휴젤,KOSDAQ,181400.0,1000000.0,2024-11-15,276000.0,52.14994487320838,79.71334068357221,1,F10_KOSDAQ만__S01_거래대금낮,FULL_weekly_3,2024-02
2024-02-20,145020,휴젤,KOSDAQ,181400.0,1000000.0,2024-11-15,276000.0,52.14994487320838,79.71334068357221,1,F10_KOSDAQ만__S01_거래대금낮,FULL_weekly_3,2024-02
2024-02-22,376300,디어유,KOSDAQ,38000.0,1000000.0,2024-11-19,39450.0,3.815789473684217,7.105263157894748,1,F10_KOSDAQ만__S01_거래대금낮,FULL_weekly_3,2024-02
2024-02-29,358570,지아이이노베이션,KOSDAQ,9816.0,1000000.0,2024-11-26,8950.0,-8.822330888345553,38.579869600652,1,F10_KOSDAQ만__S01_거래대금낮,FULL_weekly_3,2024-02
2024-02-27,043260,성호전자,KOSDAQ,1583.0,1000000.0,2024-11-22,1193.0,-24.636765634870493,54.453569172457364,1,F10_KOSDAQ만__S01_거래대금낮,FULL_weekly_3,2024-02
2024-09-06,226950,올릭스,KOSDAQ,17060.0,1000000.0,2025-06-12,47000.0,175.49824150058618,275.1465416178195,1,F10_KOSDAQ만__S01_거래대금낮,FULL_weekly_3,2024-09
2024-09-03,389470,인벤티지랩,KOSDAQ,16700.0,1000000.0,2025-06-09,38000.0,127.54491017964074,265.2694610778443,1,F10_KOSDAQ만__S01_거래대금낮,FULL_weekly_3,2024-09
2024-09-13,226950,올릭스,KOSDAQ,18890.0,1000000.0,2025-06-19,41000.0,117.04605611434621,238.80359978824774,1,F10_KOSDAQ만__S01_거래대금낮,FULL_weekly_3,2024-09
2024-09-12,388720,유일로보틱스,KOSDAQ,33000.0,1000000.0,2025-06-18,73200.0,121.81818181818183,208.78787878787878,1,F10_KOSDAQ만__S01_거래대금낮,FULL_weekly_3,2024-09
2024-09-12,388720,유일로보틱스,KOSDAQ,33000.0,1000000.0,2025-06-18,73200.0,121.81818181818183,208.78787878787878,1,F10_KOSDAQ만__S01_거래대금낮,FULL_weekly_3,2024-09
2024-09-20,124500,아이티센글로벌,KOSDAQ,5720.0,1000000.0,2025-06-23,30750.0,437.5874125874126,468.1818181818182,1,F10_KOSDAQ만__S01_거래대금낮,FULL_weekly_3,2024-09
2024-10-04,124500,아이티센글로벌,KOSDAQ,7290.0,1000000.0,2025-07-03,24250.0,232.6474622770919,352.6748971193416,1,F10_KOSDAQ만__S01_거래대금낮,FULL_weekly_3,2024-10
2024-10-10,174900,앱클론,KOSDAQ,16290.0,1000000.0,2025-07-08,11100.0,-31.86003683241252,11.111111111111116,1,F10_KOSDAQ만__S01_거래대금낮,FULL_weekly_3,2024-10
2024-10-07,319400,현대무벡스,KOSDAQ,2975.0,1000000.0,2025-07-04,4940.0,66.05042016806723,91.26050420168067,1,F10_KOSDAQ만__S01_거래대금낮,FULL_weekly_3,2024-10
2024-10-11,319400,현대무벡스,KOSDAQ,3120.0,1000000.0,2025-07-09,4985.0,59.775641025641036,82.37179487179486,1,F10_KOSDAQ만__S01_거래대금낮,FULL_weekly_3,2024-10
2024-10-14,347700,스피어,KOSDAQ,3975.0,1000000.0,2025-07-10,10200.0,156.60377358490564,187.79874213836476,1,F10_KOSDAQ만__S01_거래대금낮,FULL_weekly_3,2024-10
2024-10-17,348210,넥스틴,KOSDAQ,62800.0,1000000.0,2025-07-15,49100.0,-21.81528662420382,10.66878980891719,1,F10_KOSDAQ만__S01_거래대금낮,FULL_weekly_3,2024-10
2024-10-17,348210,넥스틴,KOSDAQ,62800.0,1000000.0,2025-07-15,49100.0,-21.81528662420382,10.66878980891719,1,F10_KOSDAQ만__S01_거래대금낮,FULL_weekly_3,2024-10
2024-10-22,218410,RFHIC,KOSDAQ,13630.0,1000000.0,2025-07-18,28500.0,109.09757887013937,115.70066030814381,1,F10_KOSDAQ만__S01_거래대금낮,FULL_weekly_3,2024-10
2024-10-31,214430,아이쓰리시스템,KOSDAQ,38500.0,1000000.0,2025-07-29,117100.0,204.15584415584416,223.63636363636363,1,F10_KOSDAQ만__S01_거래대금낮,FULL_weekly_3,2024-10
2024-11-13,253450,스튜디오드래곤,KOSDAQ,42450.0,1000000.0,2025-08-11,48300.0,13.780918727915203,34.275618374558306,1,F10_KOSDAQ만__S01_거래대금낮,FULL_weekly_3,2024-11
2024-11-14,112040,위메이드,KOSDAQ,41850.0,1000000.0,2025-08-12,30600.0,-26.881720430107524,13.381123058542421,1,F10_KOSDAQ만__S01_거래대금낮,FULL_weekly_3,2024-11
2024-11-13,082920,비츠로셀,KOSDAQ,10547.0,1000000.0,2025-08-11,17133.0,62.44429695648051,65.08011756897696,1,F10_KOSDAQ만__S01_거래대금낮,FULL_weekly_3,2024-11
2024-11-21,214370,케어젠,KOSDAQ,23000.0,1000000.0,2025-08-20,46550.0,102.39130434782608,177.3913043478261,1,F10_KOSDAQ만__S01_거래대금낮,FULL_weekly_3,2024-11
2024-11-21,214370,케어젠,KOSDAQ,23000.0,1000000.0,2025-08-20,46550.0,102.39130434782608,177.3913043478261,1,F10_KOSDAQ만__S01_거래대금낮,FULL_weekly_3,2024-11
2024-11-21,214370,케어젠,KOSDAQ,23000.0,1000000.0,2025-08-20,46550.0,102.39130434782608,177.3913043478261,1,F10_KOSDAQ만__S01_거래대금낮,FULL_weekly_3,2024-11
2024-11-25,112040,위메이드,KOSDAQ,43200.0,1000000.0,2025-08-22,29250.0,-32.291666666666664,9.837962962962955,1,F10_KOSDAQ만__S01_거래대금낮,FULL_weekly_3,2024-11
2024-11-29,348340,뉴로메카,KOSDAQ,26350.0,1000000.0,2025-08-28,22450.0,-14.800759013282727,40.03795066413662,1,F10_KOSDAQ만__S01_거래대금낮,FULL_weekly_3,2024-11
2024-11-29,027360,아주IB투자,KOSDAQ,2810.0,1000000.0,2025-08-28,2210.0,-21.352313167259783,19.928825622775804,1,F10_KOSDAQ만__S01_거래대금낮,FULL_weekly_3,2024-11
2024-12-04,053800,안랩,KOSDAQ,65300.0,1000000.0,2025-09-02,60200.0,-7.810107197549765,78.7136294027565,1,F10_KOSDAQ만__S01_거래대금낮,FULL_weekly_3,2024-12
2024-12-06,052400,코나아이,KOSDAQ,21000.0,1000000.0,2025-09-04,52000.0,147.61904761904762,309.5238095238095,1,F10_KOSDAQ만__S01_거래대금낮,FULL_weekly_3,2024-12
2025-06-11,064760,티씨케이,KOSDAQ,101900.0,1000000.0,2026-03-09,226000.0,121.78606476938177,157.11481844946027,1,F10_KOSDAQ만__S01_거래대금낮,FULL_weekly_3,2025-06
2025-06-10,085660,차바이오텍,KOSDAQ,11600.0,1000000.0,2026-03-06,19800.0,70.6896551724138,106.46551724137932,1,F10_KOSDAQ만__S01_거래대금낮,FULL_weekly_3,2025-06
2025-06-18,033640,네패스,KOSDAQ,11440.0,1000000.0,2026-03-16,16740.0,46.328671328671334,77.01048951048952,1,F10_KOSDAQ만__S01_거래대금낮,FULL_weekly_3,2025-06
2025-06-18,033640,네패스,KOSDAQ,11440.0,1000000.0,2026-03-16,16740.0,46.328671328671334,77.01048951048952,1,F10_KOSDAQ만__S01_거래대금낮,FULL_weekly_3,2025-06
2025-06-19,319400,현대무벡스,KOSDAQ,4825.0,1000000.0,2026-03-17,30450.0,531.0880829015545,944.5595854922279,1,F10_KOSDAQ만__S01_거래대금낮,FULL_weekly_3,2025-06
2025-06-25,046890,서울반도체,KOSDAQ,7270.0,1000000.0,2026-03-23,10030.0,37.964236588720766,105.08940852819806,1,F10_KOSDAQ만__S01_거래대금낮,FULL_weekly_3,2025-06
2025-06-25,046890,서울반도체,KOSDAQ,7270.0,1000000.0,2026-03-23,10030.0,37.964236588720766,105.08940852819806,1,F10_KOSDAQ만__S01_거래대금낮,FULL_weekly_3,2025-06
2025-06-25,046890,서울반도체,KOSDAQ,7270.0,1000000.0,2026-03-23,10030.0,37.964236588720766,105.08940852819806,1,F10_KOSDAQ만__S01_거래대금낮,FULL_weekly_3,2025-06
2025-07-03,036810,에프에스티,KOSDAQ,21023.0,1000000.0,2026-03-31,36500.0,73.6193692622366,142.59144746230322,1,F10_KOSDAQ만__S01_거래대금낮,FULL_weekly_3,2025-07
2025-07-03,036810,에프에스티,KOSDAQ,21023.0,1000000.0,2026-03-31,36500.0,73.6193692622366,142.59144746230322,1,F10_KOSDAQ만__S01_거래대금낮,FULL_weekly_3,2025-07
2025-07-03,036810,에프에스티,KOSDAQ,21023.0,1000000.0,2026-03-31,36500.0,73.6193692622366,142.59144746230322,1,F10_KOSDAQ만__S01_거래대금낮,FULL_weekly_3,2025-07
2025-07-08,010170,대한광통신,KOSDAQ,1009.0,1000000.0,2026-04-03,12740.0,1162.6362735381565,1198.3151635282456,1,F10_KOSDAQ만__S01_거래대금낮,FULL_weekly_3,2025-07
2025-07-08,010170,대한광통신,KOSDAQ,1009.0,1000000.0,2026-04-03,12740.0,1162.6362735381565,1198.3151635282456,1,F10_KOSDAQ만__S01_거래대금낮,FULL_weekly_3,2025-07
2025-07-08,010170,대한광통신,KOSDAQ,1009.0,1000000.0,2026-04-03,12740.0,1162.6362735381565,1198.3151635282456,1,F10_KOSDAQ만__S01_거래대금낮,FULL_weekly_3,2025-07
2025-07-14,214370,케어젠,KOSDAQ,43000.0,1000000.0,2026-04-09,84300.0,96.04651162790698,257.6744186046512,1,F10_KOSDAQ만__S01_거래대금낮,FULL_weekly_3,2025-07
2025-07-17,232140,와이씨,KOSDAQ,11690.0,1000000.0,2026-04-14,19580.0,67.49358426005132,103.1650983746792,1,F10_KOSDAQ만__S01_거래대금낮,FULL_weekly_3,2025-07
2025-07-17,232140,와이씨,KOSDAQ,11690.0,1000000.0,2026-04-14,19580.0,67.49358426005132,103.1650983746792,1,F10_KOSDAQ만__S01_거래대금낮,FULL_weekly_3,2025-07
2025-07-23,089890,코세스,KOSDAQ,9500.0,1000000.0,2026-04-20,34900.0,267.36842105263156,284.2105263157895,1,F10_KOSDAQ만__S01_거래대금낮,FULL_weekly_3,2025-07
2025-07-23,089890,코세스,KOSDAQ,9500.0,1000000.0,2026-04-20,34900.0,267.36842105263156,284.2105263157895,1,F10_KOSDAQ만__S01_거래대금낮,FULL_weekly_3,2025-07
2025-07-21,030530,원익홀딩스,KOSDAQ,6350.0,1000000.0,2026-04-16,30750.0,384.25196850393706,696.8503937007874,1,F10_KOSDAQ만__S01_거래대금낮,FULL_weekly_3,2025-07
2025-07-28,074600,원익QnC,KOSDAQ,19500.0,1000000.0,2026-04-23,36650.0,87.94871794871794,94.61538461538461,1,F10_KOSDAQ만__S01_거래대금낮,FULL_weekly_3,2025-07
2025-07-28,074600,원익QnC,KOSDAQ,19500.0,1000000.0,2026-04-23,36650.0,87.94871794871794,94.61538461538461,1,F10_KOSDAQ만__S01_거래대금낮,FULL_weekly_3,2025-07
2025-07-28,074600,원익QnC,KOSDAQ,19500.0,1000000.0,2026-04-23,36650.0,87.94871794871794,94.61538461538461,1,F10_KOSDAQ만__S01_거래대금낮,FULL_weekly_3,2025-07
2025-08-04,089890,코세스,KOSDAQ,11140.0,1000000.0,2026-04-30,47400.0,325.4937163375224,346.14003590664277,1,F10_KOSDAQ만__S01_거래대금낮,FULL_weekly_3,2025-08
2025-08-08,240810,원익IPS,KOSDAQ,35850.0,1000000.0,2026-05-08,132900.0,270.7112970711297,298.88423988842396,1,F10_KOSDAQ만__S01_거래대금낮,FULL_weekly_3,2025-08
2025-08-08,222800,심텍,KOSDAQ,27850.0,1000000.0,2026-05-08,115800.0,315.7989228007182,330.1615798922801,1,F10_KOSDAQ만__S01_거래대금낮,FULL_weekly_3,2025-08
2025-08-13,064760,티씨케이,KOSDAQ,115200.0,1000000.0,2026-05-13,335000.0,190.79861111111111,194.27083333333334,1,F10_KOSDAQ만__S01_거래대금낮,FULL_weekly_3,2025-08
2025-08-12,023160,태광,KOSDAQ,25000.0,1000000.0,2026-05-12,37350.0,49.4,105.2,1,F10_KOSDAQ만__S01_거래대금낮,FULL_weekly_3,2025-08
2025-08-12,023160,태광,KOSDAQ,25000.0,1000000.0,2026-05-12,37350.0,49.4,105.2,1,F10_KOSDAQ만__S01_거래대금낮,FULL_weekly_3,2025-08
2025-08-22,213420,덕산네오룩스,KOSDAQ,41250.0,1000000.0,2026-05-21,44450.0,7.757575757575763,38.909090909090914,1,F10_KOSDAQ만__S01_거래대금낮,FULL_weekly_3,2025-08
2025-08-18,126340,비나텍,KOSDAQ,35903.0,1000000.0,2026-05-15,155100.0,331.9973261287358,469.59028493440655,1,F10_KOSDAQ만__S01_거래대금낮,FULL_weekly_3,2025-08
2025-08-18,126340,비나텍,KOSDAQ,35903.0,1000000.0,2026-05-15,155100.0,331.9973261287358,469.59028493440655,1,F10_KOSDAQ만__S01_거래대금낮,FULL_weekly_3,2025-08
2020-04-07,196170,알테오젠,KOSDAQ,25366.0,1000000.0,2020-12-29,98537.0,288.4609319561618,399.8265394622723,2,F10_KOSDAQ만__S07_slope강한,FULL_weekly_3,2020-04
2020-04-06,237690,에스티팜,KOSDAQ,39200.0,1000000.0,2020-12-28,93500.0,138.5204081632653,202.55102040816325,2,F10_KOSDAQ만__S07_slope강한,FULL_weekly_3,2020-04
2020-04-08,032500,케이엠더블유,KOSDAQ,60300.0,1000000.0,2020-12-30,80700.0,33.83084577114428,48.424543946932005,2,F10_KOSDAQ만__S07_slope강한,FULL_weekly_3,2020-04
2020-04-17,007390,네이처셀,KOSDAQ,10900.0,1000000.0,2021-01-11,9680.0,-11.192660550458712,29.8165137614679,2,F10_KOSDAQ만__S07_slope강한,FULL_weekly_3,2020-04
2020-04-17,007390,네이처셀,KOSDAQ,10900.0,1000000.0,2021-01-11,9680.0,-11.192660550458712,29.8165137614679,2,F10_KOSDAQ만__S07_slope강한,FULL_weekly_3,2020-04
2020-04-17,007390,네이처셀,KOSDAQ,10900.0,1000000.0,2021-01-11,9680.0,-11.192660550458712,29.8165137614679,2,F10_KOSDAQ만__S07_slope강한,FULL_weekly_3,2020-04
2020-04-20,007390,네이처셀,KOSDAQ,12700.0,1000000.0,2021-01-12,9550.0,-24.803149606299215,4.330708661417315,2,F10_KOSDAQ만__S07_slope강한,FULL_weekly_3,2020-04
2020-04-21,052020,에스티큐브,KOSDAQ,9433.0,1000000.0,2021-01-13,7504.0,-20.44948584755645,20.778119368175552,2,F10_KOSDAQ만__S07_slope강한,FULL_weekly_3,2020-04
2020-04-27,225570,넥슨게임즈,KOSDAQ,8290.0,1000000.0,2021-01-19,13550.0,63.44993968636912,97.82870928829917,2,F10_KOSDAQ만__S07_slope강한,FULL_weekly_3,2020-04
2020-04-27,225570,넥슨게임즈,KOSDAQ,8290.0,1000000.0,2021-01-19,13550.0,63.44993968636912,97.82870928829917,2,F10_KOSDAQ만__S07_slope강한,FULL_weekly_3,2020-04
2020-12-30,023160,태광,KOSDAQ,7660.0,1000000.0,2021-09-23,11550.0,50.78328981723237,76.2402088772846,2,F10_KOSDAQ만__S07_slope강한,FULL_weekly_3,2020-12
2020-12-30,023160,태광,KOSDAQ,7660.0,1000000.0,2021-09-23,11550.0,50.78328981723237,76.2402088772846,2,F10_KOSDAQ만__S07_slope강한,FULL_weekly_3,2020-12
2020-12-30,023160,태광,KOSDAQ,7660.0,1000000.0,2021-09-23,11550.0,50.78328981723237,76.2402088772846,2,F10_KOSDAQ만__S07_slope강한,FULL_weekly_3,2020-12
2021-01-07,053800,안랩,KOSDAQ,98800.0,1000000.0,2021-09-29,68400.0,-30.76923076923077,6.578947368421062,2,F10_KOSDAQ만__S07_slope강한,FULL_weekly_3,2021-01
2021-01-04,058610,에스피지,KOSDAQ,9400.0,1000000.0,2021-09-24,11200.0,19.14893617021276,48.93617021276595,2,F10_KOSDAQ만__S07_slope강한,FULL_weekly_3,2021-01
2021-01-04,058610,에스피지,KOSDAQ,9400.0,1000000.0,2021-09-24,11200.0,19.14893617021276,48.93617021276595,2,F10_KOSDAQ만__S07_slope강한,FULL_weekly_3,2021-01
2021-01-12,037460,삼지전자,KOSDAQ,13400.0,1000000.0,2021-10-05,11700.0,-12.686567164179108,28.73134328358209,2,F10_KOSDAQ만__S07_slope강한,FULL_weekly_3,2021-01
2021-01-12,037460,삼지전자,KOSDAQ,13400.0,1000000.0,2021-10-05,11700.0,-12.686567164179108,28.73134328358209,2,F10_KOSDAQ만__S07_slope강한,FULL_weekly_3,2021-01
2021-01-12,037460,삼지전자,KOSDAQ,13400.0,1000000.0,2021-10-05,11700.0,-12.686567164179108,28.73134328358209,2,F10_KOSDAQ만__S07_slope강한,FULL_weekly_3,2021-01
2021-01-22,015750,성우하이텍,KOSDAQ,8530.0,1000000.0,2021-10-18,6190.0,-27.432590855803053,4.689331770222749,2,F10_KOSDAQ만__S07_slope강한,FULL_weekly_3,2021-01
2021-01-18,189300,인텔리안테크,KOSDAQ,59324.0,1000000.0,2021-10-12,68056.0,14.719169307531521,52.26215359719506,2,F10_KOSDAQ만__S07_slope강한,FULL_weekly_3,2021-01
2021-01-18,189300,인텔리안테크,KOSDAQ,59324.0,1000000.0,2021-10-12,68056.0,14.719169307531521,52.26215359719506,2,F10_KOSDAQ만__S07_slope강한,FULL_weekly_3,2021-01
2021-01-25,108490,로보티즈,KOSDAQ,19281.0,1000000.0,2021-10-19,12513.0,-35.1019138011514,4.548519267672835,2,F10_KOSDAQ만__S07_slope강한,FULL_weekly_3,2021-01
2021-01-25,108490,로보티즈,KOSDAQ,19281.0,1000000.0,2021-10-19,12513.0,-35.1019138011514,4.548519267672835,2,F10_KOSDAQ만__S07_slope강한,FULL_weekly_3,2021-01
2021-01-25,086450,동국제약,KOSDAQ,31800.0,1000000.0,2021-10-19,23300.0,-26.72955974842768,5.817610062893075,2,F10_KOSDAQ만__S07_slope강한,FULL_weekly_3,2021-01
2021-09-27,225570,넥슨게임즈,KOSDAQ,14100.0,1000000.0,2022-06-21,15550.0,10.283687943262422,121.63120567375887,2,F10_KOSDAQ만__S07_slope강한,FULL_weekly_3,2021-09
2021-09-27,225570,넥슨게임즈,KOSDAQ,14100.0,1000000.0,2022-06-21,15550.0,10.283687943262422,121.63120567375887,2,F10_KOSDAQ만__S07_slope강한,FULL_weekly_3,2021-09
2021-09-27,225570,넥슨게임즈,KOSDAQ,14100.0,1000000.0,2022-06-21,15550.0,10.283687943262422,121.63120567375887,2,F10_KOSDAQ만__S07_slope강한,FULL_weekly_3,2021-09
2021-10-05,225570,넥슨게임즈,KOSDAQ,14950.0,1000000.0,2022-06-28,16550.0,10.702341137123739,109.03010033444818,2,F10_KOSDAQ만__S07_slope강한,FULL_weekly_3,2021-10
2021-10-05,225570,넥슨게임즈,KOSDAQ,14950.0,1000000.0,2022-06-28,16550.0,10.702341137123739,109.03010033444818,2,F10_KOSDAQ만__S07_slope강한,FULL_weekly_3,2021-10
2021-10-05,225570,넥슨게임즈,KOSDAQ,14950.0,1000000.0,2022-06-28,16550.0,10.702341137123739,109.03010033444818,2,F10_KOSDAQ만__S07_slope강한,FULL_weekly_3,2021-10
2021-10-13,121600,나노신소재,KOSDAQ,47250.0,1000000.0,2022-07-05,71200.0,50.68783068783069,110.15873015873017,2,F10_KOSDAQ만__S07_slope강한,FULL_weekly_3,2021-10
2021-10-13,053800,안랩,KOSDAQ,73200.0,1000000.0,2022-07-05,88800.0,21.311475409836067,198.49726775956285,2,F10_KOSDAQ만__S07_slope강한,FULL_weekly_3,2021-10
2021-10-15,036830,솔브레인홀딩스,KOSDAQ,42900.0,1000000.0,2022-07-07,19400.0,-54.77855477855478,9.906759906759909,2,F10_KOSDAQ만__S07_slope강한,FULL_weekly_3,2021-10
2021-10-22,053800,안랩,KOSDAQ,78200.0,1000000.0,2022-07-14,90500.0,15.728900255754485,179.41176470588235,2,F10_KOSDAQ만__S07_slope강한,FULL_weekly_3,2021-10
2021-10-20,035900,JYP Ent.,KOSDAQ,48950.0,1000000.0,2022-07-12,52400.0,7.04800817160367,35.240040858018396,2,F10_KOSDAQ만__S07_slope강한,FULL_weekly_3,2021-10
2021-10-20,035900,JYP Ent.,KOSDAQ,48950.0,1000000.0,2022-07-12,52400.0,7.04800817160367,35.240040858018396,2,F10_KOSDAQ만__S07_slope강한,FULL_weekly_3,2021-10
2021-10-26,035900,JYP Ent.,KOSDAQ,53400.0,1000000.0,2022-07-18,55100.0,3.183520599250933,23.97003745318351,2,F10_KOSDAQ만__S07_slope강한,FULL_weekly_3,2021-10
2021-10-28,298380,에이비엘바이오,KOSDAQ,25000.0,1000000.0,2022-07-20,25100.0,0.40000000000000036,39.19999999999999,2,F10_KOSDAQ만__S07_slope강한,FULL_weekly_3,2021-10
2021-10-28,298380,에이비엘바이오,KOSDAQ,25000.0,1000000.0,2022-07-20,25100.0,0.40000000000000036,39.19999999999999,2,F10_KOSDAQ만__S07_slope강한,FULL_weekly_3,2021-10
2022-06-24,222080,씨아이에스,KOSDAQ,16550.0,1000000.0,2023-03-16,10500.0,-36.55589123867069,7.85498489425982,2,F10_KOSDAQ만__S07_slope강한,FULL_weekly_3,2022-06
2022-06-21,033500,동성화인텍,KOSDAQ,11700.0,1000000.0,2023-03-13,10510.0,-10.170940170940169,21.36752136752136,2,F10_KOSDAQ만__S07_slope강한,FULL_weekly_3,2022-06
2022-06-24,298380,에이비엘바이오,KOSDAQ,26800.0,1000000.0,2023-03-16,20250.0,-24.44029850746269,2.6119402985074647,2,F10_KOSDAQ만__S07_slope강한,FULL_weekly_3,2022-06
2022-06-28,033100,제룡전기,KOSDAQ,6900.0,1000000.0,2023-03-20,12160.0,76.23188405797102,91.73913043478261,2,F10_KOSDAQ만__S07_slope강한,FULL_weekly_3,2022-06
2022-06-28,033100,제룡전기,KOSDAQ,6900.0,1000000.0,2023-03-20,12160.0,76.23188405797102,91.73913043478261,2,F10_KOSDAQ만__S07_slope강한,FULL_weekly_3,2022-06
2022-07-01,094170,동운아나텍,KOSDAQ,7897.0,1000000.0,2023-03-23,8189.0,3.697606686083321,43.76345447638344,2,F10_KOSDAQ만__S07_slope강한,FULL_weekly_3,2022-07
2022-07-08,033100,제룡전기,KOSDAQ,6980.0,1000000.0,2023-03-30,12250.0,75.50143266475644,89.54154727793697,2,F10_KOSDAQ만__S07_slope강한,FULL_weekly_3,2022-07
2022-07-04,033100,제룡전기,KOSDAQ,7250.0,1000000.0,2023-03-24,11920.0,64.41379310344828,82.48275862068965,2,F10_KOSDAQ만__S07_slope강한,FULL_weekly_3,2022-07
2022-07-07,007390,네이처셀,KOSDAQ,19100.0,1000000.0,2023-03-29,14990.0,-21.51832460732984,48.16753926701571,2,F10_KOSDAQ만__S07_slope강한,FULL_weekly_3,2022-07
2022-07-15,052020,에스티큐브,KOSDAQ,9758.0,1000000.0,2023-04-06,18237.0,86.89280590284893,168.86657101865134,2,F10_KOSDAQ만__S07_slope강한,FULL_weekly_3,2022-07
2022-07-14,007390,네이처셀,KOSDAQ,21350.0,1000000.0,2023-04-05,21700.0,1.6393442622950838,32.5526932084309,2,F10_KOSDAQ만__S07_slope강한,FULL_weekly_3,2022-07
2022-07-14,007390,네이처셀,KOSDAQ,21350.0,1000000.0,2023-04-05,21700.0,1.6393442622950838,32.5526932084309,2,F10_KOSDAQ만__S07_slope강한,FULL_weekly_3,2022-07
2022-07-19,052020,에스티큐브,KOSDAQ,11231.0,1000000.0,2023-04-10,18136.0,61.48161339150566,133.60341910782654,2,F10_KOSDAQ만__S07_slope강한,FULL_weekly_3,2022-07
2022-07-19,052020,에스티큐브,KOSDAQ,11231.0,1000000.0,2023-04-10,18136.0,61.48161339150566,133.60341910782654,2,F10_KOSDAQ만__S07_slope강한,FULL_weekly_3,2022-07
2022-07-27,214370,케어젠,KOSDAQ,27480.0,1000000.0,2023-04-18,44200.0,60.84425036390102,77.9475982532751,2,F10_KOSDAQ만__S07_slope강한,FULL_weekly_3,2022-07
2022-07-27,214370,케어젠,KOSDAQ,27480.0,1000000.0,2023-04-18,44200.0,60.84425036390102,77.9475982532751,2,F10_KOSDAQ만__S07_slope강한,FULL_weekly_3,2022-07
2023-03-15,281740,레이크머티리얼즈,KOSDAQ,6680.0,1000000.0,2023-12-06,13610.0,103.74251497005989,289.97005988023955,2,F10_KOSDAQ만__S07_slope강한,FULL_weekly_3,2023-03
2023-03-24,080220,제주반도체,KOSDAQ,5350.0,1000000.0,2023-12-15,11580.0,116.44859813084113,160.0,2,F10_KOSDAQ만__S07_slope강한,FULL_weekly_3,2023-03
2023-03-20,403870,HPSP,KOSDAQ,23200.0,1000000.0,2023-12-11,44000.0,89.65517241379311,111.63793103448273,2,F10_KOSDAQ만__S07_slope강한,FULL_weekly_3,2023-03
2023-03-20,403870,HPSP,KOSDAQ,23200.0,1000000.0,2023-12-11,44000.0,89.65517241379311,111.63793103448273,2,F10_KOSDAQ만__S07_slope강한,FULL_weekly_3,2023-03
2023-03-30,080220,제주반도체,KOSDAQ,6080.0,1000000.0,2023-12-21,12690.0,108.71710526315788,128.78289473684214,2,F10_KOSDAQ만__S07_slope강한,FULL_weekly_3,2023-03
2023-03-29,080220,제주반도체,KOSDAQ,5630.0,1000000.0,2023-12-20,12080.0,114.56483126110126,147.06927175843694,2,F10_KOSDAQ만__S07_slope강한,FULL_weekly_3,2023-03
2023-03-27,122640,예스티,KOSDAQ,10030.0,1000000.0,2023-12-18,17850.0,77.96610169491525,165.20438683948154,2,F10_KOSDAQ만__S07_slope강한,FULL_weekly_3,2023-03
2023-04-07,033160,엠케이전자,KOSDAQ,16380.0,1000000.0,2024-01-03,12870.0,-21.42857142857143,12.454212454212454,2,F10_KOSDAQ만__S07_slope강한,FULL_weekly_3,2023-04
2023-04-07,033160,엠케이전자,KOSDAQ,16380.0,1000000.0,2024-01-03,12870.0,-21.42857142857143,12.454212454212454,2,F10_KOSDAQ만__S07_slope강한,FULL_weekly_3,2023-04
2023-04-07,033160,엠케이전자,KOSDAQ,16380.0,1000000.0,2024-01-03,12870.0,-21.42857142857143,12.454212454212454,2,F10_KOSDAQ만__S07_slope강한,FULL_weekly_3,2023-04
2023-04-11,252990,샘씨엔에스,KOSDAQ,5630.0,1000000.0,2024-01-05,5770.0,2.48667850799289,37.4777975133215,2,F10_KOSDAQ만__S07_slope강한,FULL_weekly_3,2023-04
2023-04-11,252990,샘씨엔에스,KOSDAQ,5630.0,1000000.0,2024-01-05,5770.0,2.48667850799289,37.4777975133215,2,F10_KOSDAQ만__S07_slope강한,FULL_weekly_3,2023-04
2023-04-11,252990,샘씨엔에스,KOSDAQ,5630.0,1000000.0,2024-01-05,5770.0,2.48667850799289,37.4777975133215,2,F10_KOSDAQ만__S07_slope강한,FULL_weekly_3,2023-04
2023-04-21,126340,비나텍,KOSDAQ,72825.0,1000000.0,2024-01-17,41276.0,-43.321661517336075,8.38311019567457,2,F10_KOSDAQ만__S07_slope강한,FULL_weekly_3,2023-04
2023-04-21,126340,비나텍,KOSDAQ,72825.0,1000000.0,2024-01-17,41276.0,-43.321661517336075,8.38311019567457,2,F10_KOSDAQ만__S07_slope강한,FULL_weekly_3,2023-04
2023-04-21,126340,비나텍,KOSDAQ,72825.0,1000000.0,2024-01-17,41276.0,-43.321661517336075,8.38311019567457,2,F10_KOSDAQ만__S07_slope강한,FULL_weekly_3,2023-04
2023-04-25,368770,파이버프로,KOSDAQ,4135.0,1000000.0,2024-01-19,3630.0,-12.212817412333731,30.35066505441355,2,F10_KOSDAQ만__S07_slope강한,FULL_weekly_3,2023-04
2023-05-02,237690,에스티팜,KOSDAQ,90000.0,1000000.0,2024-01-25,61200.0,-31.999999999999996,3.44444444444445,2,F10_KOSDAQ만__S07_slope강한,FULL_weekly_3,2023-05
2023-05-02,237690,에스티팜,KOSDAQ,90000.0,1000000.0,2024-01-25,61200.0,-31.999999999999996,3.44444444444445,2,F10_KOSDAQ만__S07_slope강한,FULL_weekly_3,2023-05
2023-05-02,237690,에스티팜,KOSDAQ,90000.0,1000000.0,2024-01-25,61200.0,-31.999999999999996,3.44444444444445,2,F10_KOSDAQ만__S07_slope강한,FULL_weekly_3,2023-05
2023-05-09,336570,원텍,KOSDAQ,7770.0,1000000.0,2024-01-31,7880.0,1.4157014157014203,94.46589446589446,2,F10_KOSDAQ만__S07_slope강한,FULL_weekly_3,2023-05
2023-12-06,080220,제주반도체,KOSDAQ,8450.0,1000000.0,2024-08-30,13770.0,62.9585798816568,356.2130177514793,2,F10_KOSDAQ만__S07_slope강한,FULL_weekly_3,2023-12
2023-12-06,080220,제주반도체,KOSDAQ,8450.0,1000000.0,2024-08-30,13770.0,62.9585798816568,356.2130177514793,2,F10_KOSDAQ만__S07_slope강한,FULL_weekly_3,2023-12
2023-12-15,028300,HLB,KOSDAQ,43550.0,1000000.0,2024-09-10,85700.0,96.78530424799081,196.21125143513206,2,F10_KOSDAQ만__S07_slope강한,FULL_weekly_3,2023-12
2023-12-15,028300,HLB,KOSDAQ,43550.0,1000000.0,2024-09-10,85700.0,96.78530424799081,196.21125143513206,2,F10_KOSDAQ만__S07_slope강한,FULL_weekly_3,2023-12
2023-12-13,027360,아주IB투자,KOSDAQ,2755.0,1000000.0,2024-09-06,1947.0,-29.32849364791289,32.486388384754996,2,F10_KOSDAQ만__S07_slope강한,FULL_weekly_3,2023-12
2023-12-22,298380,에이비엘바이오,KOSDAQ,23250.0,1000000.0,2024-09-20,33000.0,41.93548387096775,65.59139784946237,2,F10_KOSDAQ만__S07_slope강한,FULL_weekly_3,2023-12
2023-12-22,356860,티엘비,KOSDAQ,29750.0,1000000.0,2024-09-20,12300.0,-58.655462184873954,10.924369747899165,2,F10_KOSDAQ만__S07_slope강한,FULL_weekly_3,2023-12
2023-12-22,356860,티엘비,KOSDAQ,29750.0,1000000.0,2024-09-20,12300.0,-58.655462184873954,10.924369747899165,2,F10_KOSDAQ만__S07_slope강한,FULL_weekly_3,2023-12
2023-12-27,397030,에이프릴바이오,KOSDAQ,15900.0,1000000.0,2024-09-24,23850.0,50.0,60.691823899371066,2,F10_KOSDAQ만__S07_slope강한,FULL_weekly_3,2023-12
2023-12-27,397030,에이프릴바이오,KOSDAQ,15900.0,1000000.0,2024-09-24,23850.0,50.0,60.691823899371066,2,F10_KOSDAQ만__S07_slope강한,FULL_weekly_3,2023-12
2023-12-27,397030,에이프릴바이오,KOSDAQ,15900.0,1000000.0,2024-09-24,23850.0,50.0,60.691823899371066,2,F10_KOSDAQ만__S07_slope강한,FULL_weekly_3,2023-12
2024-01-03,099320,쎄트렉아이,KOSDAQ,36100.0,1000000.0,2024-09-27,36200.0,0.27700831024930483,62.04986149584488,2,F10_KOSDAQ만__S07_slope강한,FULL_weekly_3,2024-01
2024-01-03,099320,쎄트렉아이,KOSDAQ,36100.0,1000000.0,2024-09-27,36200.0,0.27700831024930483,62.04986149584488,2,F10_KOSDAQ만__S07_slope강한,FULL_weekly_3,2024-01
2024-01-03,099320,쎄트렉아이,KOSDAQ,36100.0,1000000.0,2024-09-27,36200.0,0.27700831024930483,62.04986149584488,2,F10_KOSDAQ만__S07_slope강한,FULL_weekly_3,2024-01
2024-01-11,032500,케이엠더블유,KOSDAQ,13990.0,1000000.0,2024-10-10,7200.0,-48.53466761972838,42.95925661186561,2,F10_KOSDAQ만__S07_slope강한,FULL_weekly_3,2024-01
2024-01-11,032500,케이엠더블유,KOSDAQ,13990.0,1000000.0,2024-10-10,7200.0,-48.53466761972838,42.95925661186561,2,F10_KOSDAQ만__S07_slope강한,FULL_weekly_3,2024-01
2024-01-11,032500,케이엠더블유,KOSDAQ,13990.0,1000000.0,2024-10-10,7200.0,-48.53466761972838,42.95925661186561,2,F10_KOSDAQ만__S07_slope강한,FULL_weekly_3,2024-01
2024-01-19,090710,휴림로봇,KOSDAQ,4000.0,1000000.0,2024-10-18,1341.0,-66.475,2.4250000000000105,2,F10_KOSDAQ만__S07_slope강한,FULL_weekly_3,2024-01
2024-01-19,090710,휴림로봇,KOSDAQ,4000.0,1000000.0,2024-10-18,1341.0,-66.475,2.4250000000000105,2,F10_KOSDAQ만__S07_slope강한,FULL_weekly_3,2024-01
2024-01-19,090710,휴림로봇,KOSDAQ,4000.0,1000000.0,2024-10-18,1341.0,-66.475,2.4250000000000105,2,F10_KOSDAQ만__S07_slope강한,FULL_weekly_3,2024-01
2024-01-23,252990,샘씨엔에스,KOSDAQ,6860.0,1000000.0,2024-10-22,5610.0,-18.221574344023328,35.276967930029144,2,F10_KOSDAQ만__S07_slope강한,FULL_weekly_3,2024-01
2024-01-23,252990,샘씨엔에스,KOSDAQ,6860.0,1000000.0,2024-10-22,5610.0,-18.221574344023328,35.276967930029144,2,F10_KOSDAQ만__S07_slope강한,FULL_weekly_3,2024-01
2024-02-06,083450,GST,KOSDAQ,17239.0,1000000.0,2024-11-05,15640.0,-9.275480016242243,78.78647253320959,2,F10_KOSDAQ만__S07_slope강한,FULL_weekly_3,2024-02
2024-02-06,252990,샘씨엔에스,KOSDAQ,8160.0,1000000.0,2024-11-05,5480.0,-32.84313725490197,13.725490196078427,2,F10_KOSDAQ만__S07_slope강한,FULL_weekly_3,2024-02
2024-02-06,252990,샘씨엔에스,KOSDAQ,8160.0,1000000.0,2024-11-05,5480.0,-32.84313725490197,13.725490196078427,2,F10_KOSDAQ만__S07_slope강한,FULL_weekly_3,2024-02
2024-09-06,226950,올릭스,KOSDAQ,17060.0,1000000.0,2025-06-12,47000.0,175.49824150058618,275.1465416178195,2,F10_KOSDAQ만__S07_slope강한,FULL_weekly_3,2024-09
2024-09-03,389470,인벤티지랩,KOSDAQ,16700.0,1000000.0,2025-06-09,38000.0,127.54491017964074,265.2694610778443,2,F10_KOSDAQ만__S07_slope강한,FULL_weekly_3,2024-09
2024-09-03,389470,인벤티지랩,KOSDAQ,16700.0,1000000.0,2025-06-09,38000.0,127.54491017964074,265.2694610778443,2,F10_KOSDAQ만__S07_slope강한,FULL_weekly_3,2024-09
2024-09-13,226950,올릭스,KOSDAQ,18890.0,1000000.0,2025-06-19,41000.0,117.04605611434621,238.80359978824774,2,F10_KOSDAQ만__S07_slope강한,FULL_weekly_3,2024-09
2024-09-09,389470,인벤티지랩,KOSDAQ,16330.0,1000000.0,2025-06-13,40900.0,150.45927740355177,273.5456215554195,2,F10_KOSDAQ만__S07_slope강한,FULL_weekly_3,2024-09
2024-09-10,389470,인벤티지랩,KOSDAQ,18890.0,1000000.0,2025-06-16,43500.0,130.28057173107464,222.92218104817363,2,F10_KOSDAQ만__S07_slope강한,FULL_weekly_3,2024-09
2024-09-20,124500,아이티센글로벌,KOSDAQ,5720.0,1000000.0,2025-06-23,30750.0,437.5874125874126,468.1818181818182,2,F10_KOSDAQ만__S07_slope강한,FULL_weekly_3,2024-09
2024-09-20,124500,아이티센글로벌,KOSDAQ,5720.0,1000000.0,2025-06-23,30750.0,437.5874125874126,468.1818181818182,2,F10_KOSDAQ만__S07_slope강한,FULL_weekly_3,2024-09
2024-09-20,124500,아이티센글로벌,KOSDAQ,5720.0,1000000.0,2025-06-23,30750.0,437.5874125874126,468.1818181818182,2,F10_KOSDAQ만__S07_slope강한,FULL_weekly_3,2024-09
2024-09-26,347850,디앤디파마텍,KOSDAQ,10760.0,1000000.0,2025-06-27,30705.0,185.36245353159853,260.0185873605948,2,F10_KOSDAQ만__S07_slope강한,FULL_weekly_3,2024-09
2024-09-24,082270,젬백스,KOSDAQ,17830.0,1000000.0,2025-06-25,62900.0,252.77621985417835,307.7397644419517,2,F10_KOSDAQ만__S07_slope강한,FULL_weekly_3,2024-09
2024-09-23,319400,현대무벡스,KOSDAQ,3100.0,1000000.0,2025-06-24,5120.0,65.16129032258064,67.74193548387098,2,F10_KOSDAQ만__S07_slope강한,FULL_weekly_3,2024-09
2024-10-04,124500,아이티센글로벌,KOSDAQ,7290.0,1000000.0,2025-07-03,24250.0,232.6474622770919,352.6748971193416,2,F10_KOSDAQ만__S07_slope강한,FULL_weekly_3,2024-10
2024-10-08,226950,올릭스,KOSDAQ,21600.0,1000000.0,2025-07-07,38850.0,79.86111111111111,196.29629629629628,2,F10_KOSDAQ만__S07_slope강한,FULL_weekly_3,2024-10
2024-10-11,226950,올릭스,KOSDAQ,26900.0,1000000.0,2025-07-09,38050.0,41.44981412639406,137.9182156133829,2,F10_KOSDAQ만__S07_slope강한,FULL_weekly_3,2024-10
2024-10-10,174900,앱클론,KOSDAQ,16290.0,1000000.0,2025-07-08,11100.0,-31.86003683241252,11.111111111111116,2,F10_KOSDAQ만__S07_slope강한,FULL_weekly_3,2024-10
2024-10-14,347700,스피어,KOSDAQ,3975.0,1000000.0,2025-07-10,10200.0,156.60377358490564,187.79874213836476,2,F10_KOSDAQ만__S07_slope강한,FULL_weekly_3,2024-10
2024-10-14,295310,에이치브이엠,KOSDAQ,17750.0,1000000.0,2025-07-10,28450.0,60.28169014084508,92.95774647887325,2,F10_KOSDAQ만__S07_slope강한,FULL_weekly_3,2024-10
2024-10-15,140860,파크시스템스,KOSDAQ,202500.0,1000000.0,2025-07-11,300500.0,48.39506172839507,52.8395061728395,2,F10_KOSDAQ만__S07_slope강한,FULL_weekly_3,2024-10
2024-10-21,052020,에스티큐브,KOSDAQ,6416.0,1000000.0,2025-07-17,7450.0,16.115960099750627,63.185785536159614,2,F10_KOSDAQ만__S07_slope강한,FULL_weekly_3,2024-10
2024-10-21,052020,에스티큐브,KOSDAQ,6416.0,1000000.0,2025-07-17,7450.0,16.115960099750627,63.185785536159614,2,F10_KOSDAQ만__S07_slope강한,FULL_weekly_3,2024-10
2024-10-31,214430,아이쓰리시스템,KOSDAQ,38500.0,1000000.0,2025-07-29,117100.0,204.15584415584416,223.63636363636363,2,F10_KOSDAQ만__S07_slope강한,FULL_weekly_3,2024-10
2024-11-05,376300,디어유,KOSDAQ,39200.0,1000000.0,2025-08-01,46250.0,17.984693877551017,61.224489795918366,2,F10_KOSDAQ만__S07_slope강한,FULL_weekly_3,2024-11
2024-11-05,376300,디어유,KOSDAQ,39200.0,1000000.0,2025-08-01,46250.0,17.984693877551017,61.224489795918366,2,F10_KOSDAQ만__S07_slope강한,FULL_weekly_3,2024-11
2024-11-05,376300,디어유,KOSDAQ,39200.0,1000000.0,2025-08-01,46250.0,17.984693877551017,61.224489795918366,2,F10_KOSDAQ만__S07_slope강한,FULL_weekly_3,2024-11
2025-06-12,225570,넥슨게임즈,KOSDAQ,15240.0,1000000.0,2026-03-10,11040.0,-27.55905511811023,20.866141732283474,2,F10_KOSDAQ만__S07_slope강한,FULL_weekly_3,2025-06
2025-06-12,225570,넥슨게임즈,KOSDAQ,15240.0,1000000.0,2026-03-10,11040.0,-27.55905511811023,20.866141732283474,2,F10_KOSDAQ만__S07_slope강한,FULL_weekly_3,2025-06
2025-06-12,225570,넥슨게임즈,KOSDAQ,15240.0,1000000.0,2026-03-10,11040.0,-27.55905511811023,20.866141732283474,2,F10_KOSDAQ만__S07_slope강한,FULL_weekly_3,2025-06
2025-06-18,033640,네패스,KOSDAQ,11440.0,1000000.0,2026-03-16,16740.0,46.328671328671334,77.01048951048952,2,F10_KOSDAQ만__S07_slope강한,FULL_weekly_3,2025-06
2025-06-18,033640,네패스,KOSDAQ,11440.0,1000000.0,2026-03-16,16740.0,46.328671328671334,77.01048951048952,2,F10_KOSDAQ만__S07_slope강한,FULL_weekly_3,2025-06
2025-06-19,319400,현대무벡스,KOSDAQ,4825.0,1000000.0,2026-03-17,30450.0,531.0880829015545,944.5595854922279,2,F10_KOSDAQ만__S07_slope강한,FULL_weekly_3,2025-06
2025-06-23,090360,로보스타,KOSDAQ,30800.0,1000000.0,2026-03-19,65700.0,113.3116883116883,250.64935064935065,2,F10_KOSDAQ만__S07_slope강한,FULL_weekly_3,2025-06
2025-06-25,046890,서울반도체,KOSDAQ,7270.0,1000000.0,2026-03-23,10030.0,37.964236588720766,105.08940852819806,2,F10_KOSDAQ만__S07_slope강한,FULL_weekly_3,2025-06
2025-06-25,046890,서울반도체,KOSDAQ,7270.0,1000000.0,2026-03-23,10030.0,37.964236588720766,105.08940852819806,2,F10_KOSDAQ만__S07_slope강한,FULL_weekly_3,2025-06
2025-07-01,032190,다우데이타,KOSDAQ,19810.0,1000000.0,2026-03-27,24150.0,21.908127208480565,58.75820292781424,2,F10_KOSDAQ만__S07_slope강한,FULL_weekly_3,2025-07
2025-06-30,090710,휴림로봇,KOSDAQ,3495.0,1000000.0,2026-03-26,13110.0,275.10729613733906,661.0872675250357,2,F10_KOSDAQ만__S07_slope강한,FULL_weekly_3,2025-06
2025-07-02,068760,셀트리온제약,KOSDAQ,53149.0,1000000.0,2026-03-30,57000.0,7.24566783947016,47.32168055843007,2,F10_KOSDAQ만__S07_slope강한,FULL_weekly_3,2025-07
2025-07-07,006730,서부T&D,KOSDAQ,9920.0,1000000.0,2026-04-02,12940.0,30.443548387096776,106.1491935483871,2,F10_KOSDAQ만__S07_slope강한,FULL_weekly_3,2025-07
2025-07-08,010170,대한광통신,KOSDAQ,1009.0,1000000.0,2026-04-03,12740.0,1162.6362735381565,1198.3151635282456,2,F10_KOSDAQ만__S07_slope강한,FULL_weekly_3,2025-07
2025-07-08,010170,대한광통신,KOSDAQ,1009.0,1000000.0,2026-04-03,12740.0,1162.6362735381565,1198.3151635282456,2,F10_KOSDAQ만__S07_slope강한,FULL_weekly_3,2025-07
2025-07-14,214370,케어젠,KOSDAQ,43000.0,1000000.0,2026-04-09,84300.0,96.04651162790698,257.6744186046512,2,F10_KOSDAQ만__S07_slope강한,FULL_weekly_3,2025-07
2025-07-17,232140,와이씨,KOSDAQ,11690.0,1000000.0,2026-04-14,19580.0,67.49358426005132,103.1650983746792,2,F10_KOSDAQ만__S07_slope강한,FULL_weekly_3,2025-07
2025-07-17,232140,와이씨,KOSDAQ,11690.0,1000000.0,2026-04-14,19580.0,67.49358426005132,103.1650983746792,2,F10_KOSDAQ만__S07_slope강한,FULL_weekly_3,2025-07
2025-07-21,030530,원익홀딩스,KOSDAQ,6350.0,1000000.0,2026-04-16,30750.0,384.25196850393706,696.8503937007874,2,F10_KOSDAQ만__S07_slope강한,FULL_weekly_3,2025-07
2025-07-23,089890,코세스,KOSDAQ,9500.0,1000000.0,2026-04-20,34900.0,267.36842105263156,284.2105263157895,2,F10_KOSDAQ만__S07_slope강한,FULL_weekly_3,2025-07
2025-07-23,089890,코세스,KOSDAQ,9500.0,1000000.0,2026-04-20,34900.0,267.36842105263156,284.2105263157895,2,F10_KOSDAQ만__S07_slope강한,FULL_weekly_3,2025-07
2025-07-28,399720,가온칩스,KOSDAQ,51000.0,1000000.0,2026-04-23,68700.0,34.70588235294119,52.941176470588225,2,F10_KOSDAQ만__S07_slope강한,FULL_weekly_3,2025-07
2025-07-28,399720,가온칩스,KOSDAQ,51000.0,1000000.0,2026-04-23,68700.0,34.70588235294119,52.941176470588225,2,F10_KOSDAQ만__S07_slope강한,FULL_weekly_3,2025-07
2025-07-28,399720,가온칩스,KOSDAQ,51000.0,1000000.0,2026-04-23,68700.0,34.70588235294119,52.941176470588225,2,F10_KOSDAQ만__S07_slope강한,FULL_weekly_3,2025-07
2025-08-08,240810,원익IPS,KOSDAQ,35850.0,1000000.0,2026-05-08,132900.0,270.7112970711297,298.88423988842396,2,F10_KOSDAQ만__S07_slope강한,FULL_weekly_3,2025-08
2025-08-04,089890,코세스,KOSDAQ,11140.0,1000000.0,2026-04-30,47400.0,325.4937163375224,346.14003590664277,2,F10_KOSDAQ만__S07_slope강한,FULL_weekly_3,2025-08
2025-08-08,222800,심텍,KOSDAQ,27850.0,1000000.0,2026-05-08,115800.0,315.7989228007182,330.1615798922801,2,F10_KOSDAQ만__S07_slope강한,FULL_weekly_3,2025-08
2025-08-13,064760,티씨케이,KOSDAQ,115200.0,1000000.0,2026-05-13,335000.0,190.79861111111111,194.27083333333334,2,F10_KOSDAQ만__S07_slope강한,FULL_weekly_3,2025-08
2025-08-12,023160,태광,KOSDAQ,25000.0,1000000.0,2026-05-12,37350.0,49.4,105.2,2,F10_KOSDAQ만__S07_slope강한,FULL_weekly_3,2025-08
2025-08-12,023160,태광,KOSDAQ,25000.0,1000000.0,2026-05-12,37350.0,49.4,105.2,2,F10_KOSDAQ만__S07_slope강한,FULL_weekly_3,2025-08
2025-08-22,213420,덕산네오룩스,KOSDAQ,41250.0,1000000.0,2026-05-21,44450.0,7.757575757575763,38.909090909090914,2,F10_KOSDAQ만__S07_slope강한,FULL_weekly_3,2025-08
2025-08-19,137400,피엔티,KOSDAQ,39800.0,1000000.0,2026-05-18,47100.0,18.341708542713576,55.77889447236182,2,F10_KOSDAQ만__S07_slope강한,FULL_weekly_3,2025-08
2025-08-22,195940,HK이노엔,KOSDAQ,47600.0,1000000.0,2026-05-21,44550.0,-6.4075630252100835,23.109243697479,2,F10_KOSDAQ만__S07_slope강한,FULL_weekly_3,2025-08
2020-04-07,196170,알테오젠,KOSDAQ,25366.0,1000000.0,2020-12-29,98537.0,288.4609319561618,399.8265394622723,3,F01_회피6_기본__S07_slope강한,FULL_weekly_3,2020-04
2020-04-06,237690,에스티팜,KOSDAQ,39200.0,1000000.0,2020-12-28,93500.0,138.5204081632653,202.55102040816325,3,F01_회피6_기본__S07_slope강한,FULL_weekly_3,2020-04
2020-04-07,006280,녹십자,KOSPI,166000.0,1000000.0,2020-12-29,388000.0,133.73493975903617,173.79518072289156,3,F01_회피6_기본__S07_slope강한,FULL_weekly_3,2020-04
2020-04-17,007390,네이처셀,KOSDAQ,10900.0,1000000.0,2021-01-11,9680.0,-11.192660550458712,29.8165137614679,3,F01_회피6_기본__S07_slope강한,FULL_weekly_3,2020-04
2020-04-17,007390,네이처셀,KOSDAQ,10900.0,1000000.0,2021-01-11,9680.0,-11.192660550458712,29.8165137614679,3,F01_회피6_기본__S07_slope강한,FULL_weekly_3,2020-04
2020-04-17,007390,네이처셀,KOSDAQ,10900.0,1000000.0,2021-01-11,9680.0,-11.192660550458712,29.8165137614679,3,F01_회피6_기본__S07_slope강한,FULL_weekly_3,2020-04
2020-04-20,007390,네이처셀,KOSDAQ,12700.0,1000000.0,2021-01-12,9550.0,-24.803149606299215,4.330708661417315,3,F01_회피6_기본__S07_slope강한,FULL_weekly_3,2020-04
2020-04-22,097230,HJ중공업,KOSPI,7190.0,1000000.0,2021-01-14,7130.0,-0.8344923504867818,42.55910987482614,3,F01_회피6_기본__S07_slope강한,FULL_weekly_3,2020-04
2020-04-22,097230,HJ중공업,KOSPI,7190.0,1000000.0,2021-01-14,7130.0,-0.8344923504867818,42.55910987482614,3,F01_회피6_기본__S07_slope강한,FULL_weekly_3,2020-04
2020-04-27,139480,이마트,KOSPI,119500.0,1000000.0,2021-01-19,172000.0,43.93305439330544,60.25104602510461,3,F01_회피6_기본__S07_slope강한,FULL_weekly_3,2020-04
2020-12-28,272210,한화시스템,KOSPI,15334.0,1000000.0,2021-09-16,18850.0,22.929437850528235,36.44189383070302,3,F01_회피6_기본__S07_slope강한,FULL_weekly_3,2020-12
2020-12-30,011210,현대위아,KOSPI,53500.0,1000000.0,2021-09-23,83000.0,55.140186915887845,114.95327102803739,3,F01_회피6_기본__S07_slope강한,FULL_weekly_3,2020-12
2021-01-06,003530,한화투자증권,KOSPI,2625.0,1000000.0,2021-09-28,4445.0,69.33333333333334,212.38095238095238,3,F01_회피6_기본__S07_slope강한,FULL_weekly_3,2021-01
2021-01-06,001510,SK증권,KOSPI,1763.0,1000000.0,2021-09-28,1763.0,0.0,38.513896766874645,3,F01_회피6_기본__S07_slope강한,FULL_weekly_3,2021-01
2021-01-07,053800,안랩,KOSDAQ,98800.0,1000000.0,2021-09-29,68400.0,-30.76923076923077,6.578947368421062,3,F01_회피6_기본__S07_slope강한,FULL_weekly_3,2021-01
2021-01-11,003530,한화투자증권,KOSPI,3120.0,1000000.0,2021-10-01,4255.0,36.37820512820513,162.82051282051282,3,F01_회피6_기본__S07_slope강한,FULL_weekly_3,2021-01
2021-01-11,003530,한화투자증권,KOSPI,3120.0,1000000.0,2021-10-01,4255.0,36.37820512820513,162.82051282051282,3,F01_회피6_기본__S07_slope강한,FULL_weekly_3,2021-01
2021-01-11,003530,한화투자증권,KOSPI,3120.0,1000000.0,2021-10-01,4255.0,36.37820512820513,162.82051282051282,3,F01_회피6_기본__S07_slope강한,FULL_weekly_3,2021-01
2021-01-22,015750,성우하이텍,KOSDAQ,8530.0,1000000.0,2021-10-18,6190.0,-27.432590855803053,4.689331770222749,3,F01_회피6_기본__S07_slope강한,FULL_weekly_3,2021-01
2021-01-18,189300,인텔리안테크,KOSDAQ,59324.0,1000000.0,2021-10-12,68056.0,14.719169307531521,52.26215359719506,3,F01_회피6_기본__S07_slope강한,FULL_weekly_3,2021-01
2021-01-18,189300,인텔리안테크,KOSDAQ,59324.0,1000000.0,2021-10-12,68056.0,14.719169307531521,52.26215359719506,3,F01_회피6_기본__S07_slope강한,FULL_weekly_3,2021-01
2021-01-25,005440,현대지에프홀딩스,KOSPI,6270.0,1000000.0,2021-10-19,6494.0,3.572567783094094,26.04465709728867,3,F01_회피6_기본__S07_slope강한,FULL_weekly_3,2021-01
2021-01-25,108490,로보티즈,KOSDAQ,19281.0,1000000.0,2021-10-19,12513.0,-35.1019138011514,4.548519267672835,3,F01_회피6_기본__S07_slope강한,FULL_weekly_3,2021-01
2021-01-25,108490,로보티즈,KOSDAQ,19281.0,1000000.0,2021-10-19,12513.0,-35.1019138011514,4.548519267672835,3,F01_회피6_기본__S07_slope강한,FULL_weekly_3,2021-01
2021-02-01,047050,포스코인터내셔널,KOSPI,18300.0,1000000.0,2021-10-26,22300.0,21.857923497267763,55.73770491803278,3,F01_회피6_기본__S07_slope강한,FULL_weekly_3,2021-02
2021-09-27,225570,넥슨게임즈,KOSDAQ,14100.0,1000000.0,2022-06-21,15550.0,10.283687943262422,121.63120567375887,3,F01_회피6_기본__S07_slope강한,FULL_weekly_3,2021-09
2021-09-27,225570,넥슨게임즈,KOSDAQ,14100.0,1000000.0,2022-06-21,15550.0,10.283687943262422,121.63120567375887,3,F01_회피6_기본__S07_slope강한,FULL_weekly_3,2021-09
2021-09-27,225570,넥슨게임즈,KOSDAQ,14100.0,1000000.0,2022-06-21,15550.0,10.283687943262422,121.63120567375887,3,F01_회피6_기본__S07_slope강한,FULL_weekly_3,2021-09
2021-10-05,032350,롯데관광개발,KOSPI,21650.0,1000000.0,2022-06-28,12150.0,-43.87990762124711,2.3094688221708903,3,F01_회피6_기본__S07_slope강한,FULL_weekly_3,2021-10
2021-10-05,225570,넥슨게임즈,KOSDAQ,14950.0,1000000.0,2022-06-28,16550.0,10.702341137123739,109.03010033444818,3,F01_회피6_기본__S07_slope강한,FULL_weekly_3,2021-10
2021-10-05,225570,넥슨게임즈,KOSDAQ,14950.0,1000000.0,2022-06-28,16550.0,10.702341137123739,109.03010033444818,3,F01_회피6_기본__S07_slope강한,FULL_weekly_3,2021-10
2021-10-13,121600,나노신소재,KOSDAQ,47250.0,1000000.0,2022-07-05,71200.0,50.68783068783069,110.15873015873017,3,F01_회피6_기본__S07_slope강한,FULL_weekly_3,2021-10
2021-10-12,001120,LX인터내셔널,KOSPI,31300.0,1000000.0,2022-07-04,31650.0,1.1182108626198062,35.78274760383386,3,F01_회피6_기본__S07_slope강한,FULL_weekly_3,2021-10
2021-10-13,053800,안랩,KOSDAQ,73200.0,1000000.0,2022-07-05,88800.0,21.311475409836067,198.49726775956285,3,F01_회피6_기본__S07_slope강한,FULL_weekly_3,2021-10
2021-10-22,053800,안랩,KOSDAQ,78200.0,1000000.0,2022-07-14,90500.0,15.728900255754485,179.41176470588235,3,F01_회피6_기본__S07_slope강한,FULL_weekly_3,2021-10
2021-10-18,017900,광전자,KOSPI,3655.0,1000000.0,2022-07-08,2260.0,-38.16689466484268,7.797537619699035,3,F01_회피6_기본__S07_slope강한,FULL_weekly_3,2021-10
2021-10-18,017900,광전자,KOSPI,3655.0,1000000.0,2022-07-08,2260.0,-38.16689466484268,7.797537619699035,3,F01_회피6_기본__S07_slope강한,FULL_weekly_3,2021-10
2021-10-26,035900,JYP Ent.,KOSDAQ,53400.0,1000000.0,2022-07-18,55100.0,3.183520599250933,23.97003745318351,3,F01_회피6_기본__S07_slope강한,FULL_weekly_3,2021-10
2021-10-25,017960,한국카본,KOSPI,12750.0,1000000.0,2022-07-15,12200.0,-4.313725490196074,20.392156862745093,3,F01_회피6_기본__S07_slope강한,FULL_weekly_3,2021-10
2021-10-25,017960,한국카본,KOSPI,12750.0,1000000.0,2022-07-15,12200.0,-4.313725490196074,20.392156862745093,3,F01_회피6_기본__S07_slope강한,FULL_weekly_3,2021-10
2021-11-05,121600,나노신소재,KOSDAQ,51000.0,1000000.0,2022-07-28,82900.0,62.549019607843135,94.70588235294117,3,F01_회피6_기본__S07_slope강한,FULL_weekly_3,2021-11
2021-11-03,121600,나노신소재,KOSDAQ,48200.0,1000000.0,2022-07-26,80100.0,66.1825726141079,106.01659751037343,3,F01_회피6_기본__S07_slope강한,FULL_weekly_3,2021-11
2022-06-21,267270,HD건설기계,KOSPI,44850.0,1000000.0,2023-03-13,53500.0,19.28651059085842,47.1571906354515,3,F01_회피6_기본__S07_slope강한,FULL_weekly_3,2022-06
2022-06-24,222080,씨아이에스,KOSDAQ,16550.0,1000000.0,2023-03-16,10500.0,-36.55589123867069,7.85498489425982,3,F01_회피6_기본__S07_slope강한,FULL_weekly_3,2022-06
2022-06-21,033500,동성화인텍,KOSDAQ,11700.0,1000000.0,2023-03-13,10510.0,-10.170940170940169,21.36752136752136,3,F01_회피6_기본__S07_slope강한,FULL_weekly_3,2022-06
2022-06-28,033100,제룡전기,KOSDAQ,6900.0,1000000.0,2023-03-20,12160.0,76.23188405797102,91.73913043478261,3,F01_회피6_기본__S07_slope강한,FULL_weekly_3,2022-06
2022-06-28,033100,제룡전기,KOSDAQ,6900.0,1000000.0,2023-03-20,12160.0,76.23188405797102,91.73913043478261,3,F01_회피6_기본__S07_slope강한,FULL_weekly_3,2022-06
2022-06-30,267270,HD건설기계,KOSPI,44950.0,1000000.0,2023-03-22,51700.0,15.016685205784208,46.82981090100111,3,F01_회피6_기본__S07_slope강한,FULL_weekly_3,2022-06
2022-07-08,033100,제룡전기,KOSDAQ,6980.0,1000000.0,2023-03-30,12250.0,75.50143266475644,89.54154727793697,3,F01_회피6_기본__S07_slope강한,FULL_weekly_3,2022-07
2022-07-04,033100,제룡전기,KOSDAQ,7250.0,1000000.0,2023-03-24,11920.0,64.41379310344828,82.48275862068965,3,F01_회피6_기본__S07_slope강한,FULL_weekly_3,2022-07
2022-07-05,010120,LS ELECTRIC,KOSPI,11820.0,1000000.0,2023-03-27,11420.0,-3.384094754653133,4.060913705583746,3,F01_회피6_기본__S07_slope강한,FULL_weekly_3,2022-07
2022-07-15,052020,에스티큐브,KOSDAQ,9758.0,1000000.0,2023-04-06,18237.0,86.89280590284893,168.86657101865134,3,F01_회피6_기본__S07_slope강한,FULL_weekly_3,2022-07
2022-07-14,007390,네이처셀,KOSDAQ,21350.0,1000000.0,2023-04-05,21700.0,1.6393442622950838,32.5526932084309,3,F01_회피6_기본__S07_slope강한,FULL_weekly_3,2022-07
2022-07-14,007390,네이처셀,KOSDAQ,21350.0,1000000.0,2023-04-05,21700.0,1.6393442622950838,32.5526932084309,3,F01_회피6_기본__S07_slope강한,FULL_weekly_3,2022-07
2022-07-19,052020,에스티큐브,KOSDAQ,11231.0,1000000.0,2023-04-10,18136.0,61.48161339150566,133.60341910782654,3,F01_회피6_기본__S07_slope강한,FULL_weekly_3,2022-07
2022-07-19,052020,에스티큐브,KOSDAQ,11231.0,1000000.0,2023-04-10,18136.0,61.48161339150566,133.60341910782654,3,F01_회피6_기본__S07_slope강한,FULL_weekly_3,2022-07
2022-07-19,052020,에스티큐브,KOSDAQ,11231.0,1000000.0,2023-04-10,18136.0,61.48161339150566,133.60341910782654,3,F01_회피6_기본__S07_slope강한,FULL_weekly_3,2022-07
2022-07-27,322000,HD현대에너지솔루션,KOSPI,35800.0,1000000.0,2023-04-18,53700.0,50.0,140.78212290502793,3,F01_회피6_기본__S07_slope강한,FULL_weekly_3,2022-07
2022-07-28,322000,HD현대에너지솔루션,KOSPI,40800.0,1000000.0,2023-04-19,53600.0,31.372549019607842,111.27450980392157,3,F01_회피6_기본__S07_slope강한,FULL_weekly_3,2022-07
2022-08-02,277810,레인보우로보틱스,KOSDAQ,29300.0,1000000.0,2023-04-24,101100.0,245.05119453924914,411.94539249146754,3,F01_회피6_기본__S07_slope강한,FULL_weekly_3,2022-08
2023-03-15,281740,레이크머티리얼즈,KOSDAQ,6680.0,1000000.0,2023-12-06,13610.0,103.74251497005989,289.97005988023955,3,F01_회피6_기본__S07_slope강한,FULL_weekly_3,2023-03
2023-03-16,171090,선익시스템,KOSDAQ,25650.0,1000000.0,2023-12-07,25550.0,-0.3898635477582846,77.19298245614034,3,F01_회피6_기본__S07_slope강한,FULL_weekly_3,2023-03
2023-03-24,080220,제주반도체,KOSDAQ,5350.0,1000000.0,2023-12-15,11580.0,116.44859813084113,160.0,3,F01_회피6_기본__S07_slope강한,FULL_weekly_3,2023-03
2023-03-24,195870,해성디에스,KOSPI,49200.0,1000000.0,2023-12-15,55400.0,12.601626016260159,63.414634146341456,3,F01_회피6_기본__S07_slope강한,FULL_weekly_3,2023-03
2023-03-20,403870,HPSP,KOSDAQ,23200.0,1000000.0,2023-12-11,44000.0,89.65517241379311,111.63793103448273,3,F01_회피6_기본__S07_slope강한,FULL_weekly_3,2023-03
2023-03-30,080220,제주반도체,KOSDAQ,6080.0,1000000.0,2023-12-21,12690.0,108.71710526315788,128.78289473684214,3,F01_회피6_기본__S07_slope강한,FULL_weekly_3,2023-03
2023-03-29,080220,제주반도체,KOSDAQ,5630.0,1000000.0,2023-12-20,12080.0,114.56483126110126,147.06927175843694,3,F01_회피6_기본__S07_slope강한,FULL_weekly_3,2023-03
2023-03-27,122640,예스티,KOSDAQ,10030.0,1000000.0,2023-12-18,17850.0,77.96610169491525,165.20438683948154,3,F01_회피6_기본__S07_slope강한,FULL_weekly_3,2023-03
2023-04-07,033160,엠케이전자,KOSDAQ,16380.0,1000000.0,2024-01-03,12870.0,-21.42857142857143,12.454212454212454,3,F01_회피6_기본__S07_slope강한,FULL_weekly_3,2023-04
2023-04-07,033160,엠케이전자,KOSDAQ,16380.0,1000000.0,2024-01-03,12870.0,-21.42857142857143,12.454212454212454,3,F01_회피6_기본__S07_slope강한,FULL_weekly_3,2023-04
2023-04-07,033160,엠케이전자,KOSDAQ,16380.0,1000000.0,2024-01-03,12870.0,-21.42857142857143,12.454212454212454,3,F01_회피6_기본__S07_slope강한,FULL_weekly_3,2023-04
2023-04-11,003160,디아이,KOSPI,7900.0,1000000.0,2024-01-05,6420.0,-18.734177215189874,15.569620253164551,3,F01_회피6_기본__S07_slope강한,FULL_weekly_3,2023-04
2023-04-11,051915,LG화학우,KOSPI,382500.0,1000000.0,2024-01-05,302000.0,-21.04575163398693,26.013071895424833,3,F01_회피6_기본__S07_slope강한,FULL_weekly_3,2023-04
2023-04-11,252990,샘씨엔에스,KOSDAQ,5630.0,1000000.0,2024-01-05,5770.0,2.48667850799289,37.4777975133215,3,F01_회피6_기본__S07_slope강한,FULL_weekly_3,2023-04
2023-04-21,126340,비나텍,KOSDAQ,72825.0,1000000.0,2024-01-17,41276.0,-43.321661517336075,8.38311019567457,3,F01_회피6_기본__S07_slope강한,FULL_weekly_3,2023-04
2023-04-21,126340,비나텍,KOSDAQ,72825.0,1000000.0,2024-01-17,41276.0,-43.321661517336075,8.38311019567457,3,F01_회피6_기본__S07_slope강한,FULL_weekly_3,2023-04
2023-04-21,126340,비나텍,KOSDAQ,72825.0,1000000.0,2024-01-17,41276.0,-43.321661517336075,8.38311019567457,3,F01_회피6_기본__S07_slope강한,FULL_weekly_3,2023-04
2023-04-25,368770,파이버프로,KOSDAQ,4135.0,1000000.0,2024-01-19,3630.0,-12.212817412333731,30.35066505441355,3,F01_회피6_기본__S07_slope강한,FULL_weekly_3,2023-04
2023-04-26,005387,현대차2우B,KOSPI,113000.0,1000000.0,2024-01-22,109300.0,-3.2743362831858414,2.5663716814159354,3,F01_회피6_기본__S07_slope강한,FULL_weekly_3,2023-04
2023-04-24,011930,신성이엔지,KOSPI,23400.0,1000000.0,2024-01-18,20100.0,-14.102564102564108,31.837606837606835,3,F01_회피6_기본__S07_slope강한,FULL_weekly_3,2023-04
2023-05-04,307950,현대오토에버,KOSPI,125000.0,1000000.0,2024-01-29,156100.0,24.879999999999992,110.4,3,F01_회피6_기본__S07_slope강한,FULL_weekly_3,2023-05
2023-05-02,008770,호텔신라,KOSPI,87300.0,1000000.0,2024-01-25,59500.0,-31.844215349369986,7.674684994272618,3,F01_회피6_기본__S07_slope강한,FULL_weekly_3,2023-05
2023-05-02,248070,솔루엠,KOSPI,25600.0,1000000.0,2024-01-25,30600.0,19.53125,26.7578125,3,F01_회피6_기본__S07_slope강한,FULL_weekly_3,2023-05
2023-05-09,336570,원텍,KOSDAQ,7770.0,1000000.0,2024-01-31,7880.0,1.4157014157014203,94.46589446589446,3,F01_회피6_기본__S07_slope강한,FULL_weekly_3,2023-05
2023-05-09,336570,원텍,KOSDAQ,7770.0,1000000.0,2024-01-31,7880.0,1.4157014157014203,94.46589446589446,3,F01_회피6_기본__S07_slope강한,FULL_weekly_3,2023-05
2023-05-09,336570,원텍,KOSDAQ,7770.0,1000000.0,2024-01-31,7880.0,1.4157014157014203,94.46589446589446,3,F01_회피6_기본__S07_slope강한,FULL_weekly_3,2023-05
2023-05-15,073240,금호타이어,KOSPI,5230.0,1000000.0,2024-02-06,6140.0,17.39961759082218,20.458891013384317,3,F01_회피6_기본__S07_slope강한,FULL_weekly_3,2023-05
2023-12-06,080220,제주반도체,KOSDAQ,8450.0,1000000.0,2024-08-30,13770.0,62.9585798816568,356.2130177514793,3,F01_회피6_기본__S07_slope강한,FULL_weekly_3,2023-12
2023-12-06,080220,제주반도체,KOSDAQ,8450.0,1000000.0,2024-08-30,13770.0,62.9585798816568,356.2130177514793,3,F01_회피6_기본__S07_slope강한,FULL_weekly_3,2023-12
2023-12-15,028300,HLB,KOSDAQ,43550.0,1000000.0,2024-09-10,85700.0,96.78530424799081,196.21125143513206,3,F01_회피6_기본__S07_slope강한,FULL_weekly_3,2023-12
2023-12-15,028300,HLB,KOSDAQ,43550.0,1000000.0,2024-09-10,85700.0,96.78530424799081,196.21125143513206,3,F01_회피6_기본__S07_slope강한,FULL_weekly_3,2023-12
2023-12-13,007810,코리아써키트,KOSPI,19650.0,1000000.0,2024-09-06,10200.0,-48.091603053435115,14.75826972010179,3,F01_회피6_기본__S07_slope강한,FULL_weekly_3,2023-12
2023-12-22,298380,에이비엘바이오,KOSDAQ,23250.0,1000000.0,2024-09-20,33000.0,41.93548387096775,65.59139784946237,3,F01_회피6_기본__S07_slope강한,FULL_weekly_3,2023-12
2023-12-22,356860,티엘비,KOSDAQ,29750.0,1000000.0,2024-09-20,12300.0,-58.655462184873954,10.924369747899165,3,F01_회피6_기본__S07_slope강한,FULL_weekly_3,2023-12
2023-12-22,356860,티엘비,KOSDAQ,29750.0,1000000.0,2024-09-20,12300.0,-58.655462184873954,10.924369747899165,3,F01_회피6_기본__S07_slope강한,FULL_weekly_3,2023-12
2023-12-27,397030,에이프릴바이오,KOSDAQ,15900.0,1000000.0,2024-09-24,23850.0,50.0,60.691823899371066,3,F01_회피6_기본__S07_slope강한,FULL_weekly_3,2023-12
2023-12-27,397030,에이프릴바이오,KOSDAQ,15900.0,1000000.0,2024-09-24,23850.0,50.0,60.691823899371066,3,F01_회피6_기본__S07_slope강한,FULL_weekly_3,2023-12
2023-12-27,397030,에이프릴바이오,KOSDAQ,15900.0,1000000.0,2024-09-24,23850.0,50.0,60.691823899371066,3,F01_회피6_기본__S07_slope강한,FULL_weekly_3,2023-12
2024-01-02,003230,삼양식품,KOSPI,234500.0,1000000.0,2024-09-26,548000.0,133.68869936034113,206.18336886993603,3,F01_회피6_기본__S07_slope강한,FULL_weekly_3,2024-01
2024-01-03,285130,SK케미칼,KOSPI,71500.0,1000000.0,2024-09-27,51100.0,-28.53146853146853,0.5594405594405494,3,F01_회피6_기본__S07_slope강한,FULL_weekly_3,2024-01
2024-01-03,099320,쎄트렉아이,KOSDAQ,36100.0,1000000.0,2024-09-27,36200.0,0.27700831024930483,62.04986149584488,3,F01_회피6_기본__S07_slope강한,FULL_weekly_3,2024-01
2024-01-11,377300,카카오페이,KOSPI,58000.0,1000000.0,2024-10-10,24650.0,-57.49999999999999,2.4137931034482696,3,F01_회피6_기본__S07_slope강한,FULL_weekly_3,2024-01
2024-01-11,377300,카카오페이,KOSPI,58000.0,1000000.0,2024-10-10,24650.0,-57.49999999999999,2.4137931034482696,3,F01_회피6_기본__S07_slope강한,FULL_weekly_3,2024-01
2024-01-11,032500,케이엠더블유,KOSDAQ,13990.0,1000000.0,2024-10-10,7200.0,-48.53466761972838,42.95925661186561,3,F01_회피6_기본__S07_slope강한,FULL_weekly_3,2024-01
2024-01-16,017900,광전자,KOSPI,2845.0,1000000.0,2024-10-15,1851.0,-34.93848857644991,11.423550087873458,3,F01_회피6_기본__S07_slope강한,FULL_weekly_3,2024-01
2024-01-15,020560,아시아나항공,KOSPI,12090.0,1000000.0,2024-10-14,9560.0,-20.926385442514473,20.84367245657568,3,F01_회피6_기본__S07_slope강한,FULL_weekly_3,2024-01
2024-01-25,000500,가온전선,KOSPI,26250.0,1000000.0,2024-10-24,38250.0,45.71428571428571,183.80952380952382,3,F01_회피6_기본__S07_slope강한,FULL_weekly_3,2024-01
2024-01-23,008930,한미사이언스,KOSPI,41600.0,1000000.0,2024-10-22,33650.0,-19.110576923076927,12.98076923076923,3,F01_회피6_기본__S07_slope강한,FULL_weekly_3,2024-01
2024-01-23,252990,샘씨엔에스,KOSDAQ,6860.0,1000000.0,2024-10-22,5610.0,-18.221574344023328,35.276967930029144,3,F01_회피6_기본__S07_slope강한,FULL_weekly_3,2024-01
2024-01-31,003090,대웅,KOSPI,23200.0,1000000.0,2024-10-30,24800.0,6.896551724137923,21.12068965517242,3,F01_회피6_기본__S07_slope강한,FULL_weekly_3,2024-01
2024-01-31,003090,대웅,KOSPI,23200.0,1000000.0,2024-10-30,24800.0,6.896551724137923,21.12068965517242,3,F01_회피6_기본__S07_slope강한,FULL_weekly_3,2024-01
2024-01-31,003090,대웅,KOSPI,23200.0,1000000.0,2024-10-30,24800.0,6.896551724137923,21.12068965517242,3,F01_회피6_기본__S07_slope강한,FULL_weekly_3,2024-01
2024-02-06,083450,GST,KOSDAQ,17239.0,1000000.0,2024-11-05,15640.0,-9.275480016242243,78.78647253320959,3,F01_회피6_기본__S07_slope강한,FULL_weekly_3,2024-02
2024-02-06,252990,샘씨엔에스,KOSDAQ,8160.0,1000000.0,2024-11-05,5480.0,-32.84313725490197,13.725490196078427,3,F01_회피6_기본__S07_slope강한,FULL_weekly_3,2024-02
2024-02-06,252990,샘씨엔에스,KOSDAQ,8160.0,1000000.0,2024-11-05,5480.0,-32.84313725490197,13.725490196078427,3,F01_회피6_기본__S07_slope강한,FULL_weekly_3,2024-02
2024-02-13,281820,케이씨텍,KOSPI,33200.0,1000000.0,2024-11-08,35300.0,6.325301204819267,77.71084337349396,3,F01_회피6_기본__S07_slope강한,FULL_weekly_3,2024-02
2024-02-14,281820,케이씨텍,KOSPI,35300.0,1000000.0,2024-11-11,32050.0,-9.206798866855525,67.13881019830028,3,F01_회피6_기본__S07_slope강한,FULL_weekly_3,2024-02
2024-02-16,005385,현대차우,KOSPI,157200.0,1000000.0,2024-11-13,150000.0,-4.580152671755721,23.40966921119594,3,F01_회피6_기본__S07_slope강한,FULL_weekly_3,2024-02
2024-09-06,226950,올릭스,KOSDAQ,17060.0,1000000.0,2025-06-12,47000.0,175.49824150058618,275.1465416178195,3,F01_회피6_기본__S07_slope강한,FULL_weekly_3,2024-09
2024-09-03,389470,인벤티지랩,KOSDAQ,16700.0,1000000.0,2025-06-09,38000.0,127.54491017964074,265.2694610778443,3,F01_회피6_기본__S07_slope강한,FULL_weekly_3,2024-09
2024-09-03,389470,인벤티지랩,KOSDAQ,16700.0,1000000.0,2025-06-09,38000.0,127.54491017964074,265.2694610778443,3,F01_회피6_기본__S07_slope강한,FULL_weekly_3,2024-09
2024-09-13,226950,올릭스,KOSDAQ,18890.0,1000000.0,2025-06-19,41000.0,117.04605611434621,238.80359978824774,3,F01_회피6_기본__S07_slope강한,FULL_weekly_3,2024-09
2024-09-09,389470,인벤티지랩,KOSDAQ,16330.0,1000000.0,2025-06-13,40900.0,150.45927740355177,273.5456215554195,3,F01_회피6_기본__S07_slope강한,FULL_weekly_3,2024-09
2024-09-10,389470,인벤티지랩,KOSDAQ,18890.0,1000000.0,2025-06-16,43500.0,130.28057173107464,222.92218104817363,3,F01_회피6_기본__S07_slope강한,FULL_weekly_3,2024-09
2024-09-20,124500,아이티센글로벌,KOSDAQ,5720.0,1000000.0,2025-06-23,30750.0,437.5874125874126,468.1818181818182,3,F01_회피6_기본__S07_slope강한,FULL_weekly_3,2024-09
2024-09-20,124500,아이티센글로벌,KOSDAQ,5720.0,1000000.0,2025-06-23,30750.0,437.5874125874126,468.1818181818182,3,F01_회피6_기본__S07_slope강한,FULL_weekly_3,2024-09
2024-09-20,124500,아이티센글로벌,KOSDAQ,5720.0,1000000.0,2025-06-23,30750.0,437.5874125874126,468.1818181818182,3,F01_회피6_기본__S07_slope강한,FULL_weekly_3,2024-09
2024-09-24,112610,씨에스윈드,KOSPI,72300.0,1000000.0,2025-06-25,47800.0,-33.8865836791148,0.0,3,F01_회피6_기본__S07_slope강한,FULL_weekly_3,2024-09
2024-09-25,180640,한진칼,KOSPI,87900.0,1000000.0,2025-06-26,121700.0,38.45278725824801,87.71331058020478,3,F01_회피6_기본__S07_slope강한,FULL_weekly_3,2024-09
2024-09-25,180640,한진칼,KOSPI,87900.0,1000000.0,2025-06-26,121700.0,38.45278725824801,87.71331058020478,3,F01_회피6_기본__S07_slope강한,FULL_weekly_3,2024-09
2024-10-04,124500,아이티센글로벌,KOSDAQ,7290.0,1000000.0,2025-07-03,24250.0,232.6474622770919,352.6748971193416,3,F01_회피6_기본__S07_slope강한,FULL_weekly_3,2024-10
2024-10-08,226950,올릭스,KOSDAQ,21600.0,1000000.0,2025-07-07,38850.0,79.86111111111111,196.29629629629628,3,F01_회피6_기본__S07_slope강한,FULL_weekly_3,2024-10
2024-10-11,226950,올릭스,KOSDAQ,26900.0,1000000.0,2025-07-09,38050.0,41.44981412639406,137.9182156133829,3,F01_회피6_기본__S07_slope강한,FULL_weekly_3,2024-10
2024-10-10,009420,한올바이오파마,KOSPI,42700.0,1000000.0,2025-07-08,25150.0,-41.10070257611241,21.779859484777518,3,F01_회피6_기본__S07_slope강한,FULL_weekly_3,2024-10
2024-10-14,347700,스피어,KOSDAQ,3975.0,1000000.0,2025-07-10,10200.0,156.60377358490564,187.79874213836476,3,F01_회피6_기본__S07_slope강한,FULL_weekly_3,2024-10
2024-10-14,295310,에이치브이엠,KOSDAQ,17750.0,1000000.0,2025-07-10,28450.0,60.28169014084508,92.95774647887325,3,F01_회피6_기본__S07_slope강한,FULL_weekly_3,2024-10
2024-10-18,128940,한미약품,KOSPI,350500.0,1000000.0,2025-07-16,284000.0,-18.972895863052784,4.707560627674745,3,F01_회피6_기본__S07_slope강한,FULL_weekly_3,2024-10
2024-10-21,052020,에스티큐브,KOSDAQ,6416.0,1000000.0,2025-07-17,7450.0,16.115960099750627,63.185785536159614,3,F01_회피6_기본__S07_slope강한,FULL_weekly_3,2024-10
2024-10-21,052020,에스티큐브,KOSDAQ,6416.0,1000000.0,2025-07-17,7450.0,16.115960099750627,63.185785536159614,3,F01_회피6_기본__S07_slope강한,FULL_weekly_3,2024-10
2024-10-30,026960,동서,KOSPI,27600.0,1000000.0,2025-07-28,30100.0,9.05797101449275,16.666666666666675,3,F01_회피6_기본__S07_slope강한,FULL_weekly_3,2024-10
2024-10-30,026960,동서,KOSPI,27600.0,1000000.0,2025-07-28,30100.0,9.05797101449275,16.666666666666675,3,F01_회피6_기본__S07_slope강한,FULL_weekly_3,2024-10
2024-10-30,026960,동서,KOSPI,27600.0,1000000.0,2025-07-28,30100.0,9.05797101449275,16.666666666666675,3,F01_회피6_기본__S07_slope강한,FULL_weekly_3,2024-10
2024-11-05,376300,디어유,KOSDAQ,39200.0,1000000.0,2025-08-01,46250.0,17.984693877551017,61.224489795918366,3,F01_회피6_기본__S07_slope강한,FULL_weekly_3,2024-11
2024-11-05,376300,디어유,KOSDAQ,39200.0,1000000.0,2025-08-01,46250.0,17.984693877551017,61.224489795918366,3,F01_회피6_기본__S07_slope강한,FULL_weekly_3,2024-11
2024-11-05,376300,디어유,KOSDAQ,39200.0,1000000.0,2025-08-01,46250.0,17.984693877551017,61.224489795918366,3,F01_회피6_기본__S07_slope강한,FULL_weekly_3,2024-11
2024-11-12,083650,비에이치아이,KOSDAQ,15040.0,1000000.0,2025-08-08,42750.0,184.24202127659575,216.48936170212764,3,F01_회피6_기본__S07_slope강한,FULL_weekly_3,2024-11
2024-11-14,112040,위메이드,KOSDAQ,41850.0,1000000.0,2025-08-12,30600.0,-26.881720430107524,13.381123058542421,3,F01_회피6_기본__S07_slope강한,FULL_weekly_3,2024-11
2024-11-13,253450,스튜디오드래곤,KOSDAQ,42450.0,1000000.0,2025-08-11,48300.0,13.780918727915203,34.275618374558306,3,F01_회피6_기본__S07_slope강한,FULL_weekly_3,2024-11
2024-11-18,204320,HL만도,KOSPI,42050.0,1000000.0,2025-08-14,34900.0,-17.003567181926282,11.771700356718195,3,F01_회피6_기본__S07_slope강한,FULL_weekly_3,2024-11
2024-11-18,204320,HL만도,KOSPI,42050.0,1000000.0,2025-08-14,34900.0,-17.003567181926282,11.771700356718195,3,F01_회피6_기본__S07_slope강한,FULL_weekly_3,2024-11
2024-11-18,204320,HL만도,KOSPI,42050.0,1000000.0,2025-08-14,34900.0,-17.003567181926282,11.771700356718195,3,F01_회피6_기본__S07_slope강한,FULL_weekly_3,2024-11
2025-06-11,003160,디아이,KOSPI,17360.0,1000000.0,2026-03-09,31150.0,79.43548387096774,140.20737327188942,3,F01_회피6_기본__S07_slope강한,FULL_weekly_3,2025-06
2025-06-12,225570,넥슨게임즈,KOSDAQ,15240.0,1000000.0,2026-03-10,11040.0,-27.55905511811023,20.866141732283474,3,F01_회피6_기본__S07_slope강한,FULL_weekly_3,2025-06
2025-06-12,225570,넥슨게임즈,KOSDAQ,15240.0,1000000.0,2026-03-10,11040.0,-27.55905511811023,20.866141732283474,3,F01_회피6_기본__S07_slope강한,FULL_weekly_3,2025-06
2025-06-18,033640,네패스,KOSDAQ,11440.0,1000000.0,2026-03-16,16740.0,46.328671328671334,77.01048951048952,3,F01_회피6_기본__S07_slope강한,FULL_weekly_3,2025-06
2025-06-18,033640,네패스,KOSDAQ,11440.0,1000000.0,2026-03-16,16740.0,46.328671328671334,77.01048951048952,3,F01_회피6_기본__S07_slope강한,FULL_weekly_3,2025-06
2025-06-19,319400,현대무벡스,KOSDAQ,4825.0,1000000.0,2026-03-17,30450.0,531.0880829015545,944.5595854922279,3,F01_회피6_기본__S07_slope강한,FULL_weekly_3,2025-06
2025-06-27,103590,일진전기,KOSPI,37600.0,1000000.0,2026-03-25,79500.0,111.43617021276597,160.63829787234042,3,F01_회피6_기본__S07_slope강한,FULL_weekly_3,2025-06
2025-06-27,103590,일진전기,KOSPI,37600.0,1000000.0,2026-03-25,79500.0,111.43617021276597,160.63829787234042,3,F01_회피6_기본__S07_slope강한,FULL_weekly_3,2025-06
2025-06-27,103590,일진전기,KOSPI,37600.0,1000000.0,2026-03-25,79500.0,111.43617021276597,160.63829787234042,3,F01_회피6_기본__S07_slope강한,FULL_weekly_3,2025-06
2025-07-01,032190,다우데이타,KOSDAQ,19810.0,1000000.0,2026-03-27,24150.0,21.908127208480565,58.75820292781424,3,F01_회피6_기본__S07_slope강한,FULL_weekly_3,2025-07
2025-06-30,090710,휴림로봇,KOSDAQ,3495.0,1000000.0,2026-03-26,13110.0,275.10729613733906,661.0872675250357,3,F01_회피6_기본__S07_slope강한,FULL_weekly_3,2025-06
2025-07-01,005300,롯데칠성,KOSPI,126600.0,1000000.0,2026-03-27,117900.0,-6.872037914691942,22.274881516587676,3,F01_회피6_기본__S07_slope강한,FULL_weekly_3,2025-07
2025-07-08,071320,지역난방공사,KOSPI,88000.0,1000000.0,2026-04-03,71900.0,-18.295454545454547,32.61363636363637,3,F01_회피6_기본__S07_slope강한,FULL_weekly_3,2025-07
2025-07-07,006730,서부T&D,KOSDAQ,9920.0,1000000.0,2026-04-02,12940.0,30.443548387096776,106.1491935483871,3,F01_회피6_기본__S07_slope강한,FULL_weekly_3,2025-07
2025-07-08,010170,대한광통신,KOSDAQ,1009.0,1000000.0,2026-04-03,12740.0,1162.6362735381565,1198.3151635282456,3,F01_회피6_기본__S07_slope강한,FULL_weekly_3,2025-07
2025-07-14,214370,케어젠,KOSDAQ,43000.0,1000000.0,2026-04-09,84300.0,96.04651162790698,257.6744186046512,3,F01_회피6_기본__S07_slope강한,FULL_weekly_3,2025-07
2025-07-18,004000,롯데정밀화학,KOSPI,43000.0,1000000.0,2026-04-15,53400.0,24.1860465116279,32.32558139534885,3,F01_회피6_기본__S07_slope강한,FULL_weekly_3,2025-07
2025-07-18,178920,PI첨단소재,KOSPI,21400.0,1000000.0,2026-04-15,23900.0,11.682242990654213,30.373831775700943,3,F01_회피6_기본__S07_slope강한,FULL_weekly_3,2025-07
2025-07-21,030530,원익홀딩스,KOSDAQ,6350.0,1000000.0,2026-04-16,30750.0,384.25196850393706,696.8503937007874,3,F01_회피6_기본__S07_slope강한,FULL_weekly_3,2025-07
2025-07-24,267270,HD건설기계,KOSPI,94600.0,1000000.0,2026-04-21,176200.0,86.25792811839324,88.16067653276956,3,F01_회피6_기본__S07_slope강한,FULL_weekly_3,2025-07
2025-07-25,034220,LG디스플레이,KOSPI,10050.0,1000000.0,2026-04-22,15480.0,54.02985074626865,59.70149253731343,3,F01_회피6_기본__S07_slope강한,FULL_weekly_3,2025-07
2025-07-30,353200,대덕전자,KOSPI,23800.0,1000000.0,2026-04-27,108800.0,357.1428571428571,387.39495798319325,3,F01_회피6_기본__S07_slope강한,FULL_weekly_3,2025-07
2025-07-30,009155,삼성전기우,KOSPI,68300.0,1000000.0,2026-04-27,311500.0,356.0761346998536,376.93997071742314,3,F01_회피6_기본__S07_slope강한,FULL_weekly_3,2025-07
2025-07-30,009155,삼성전기우,KOSPI,68300.0,1000000.0,2026-04-27,311500.0,356.0761346998536,376.93997071742314,3,F01_회피6_기본__S07_slope강한,FULL_weekly_3,2025-07
2025-08-08,240810,원익IPS,KOSDAQ,35850.0,1000000.0,2026-05-08,132900.0,270.7112970711297,298.88423988842396,3,F01_회피6_기본__S07_slope강한,FULL_weekly_3,2025-08
2025-08-04,089890,코세스,KOSDAQ,11140.0,1000000.0,2026-04-30,47400.0,325.4937163375224,346.14003590664277,3,F01_회피6_기본__S07_slope강한,FULL_weekly_3,2025-08
2025-08-08,222800,심텍,KOSDAQ,27850.0,1000000.0,2026-05-08,115800.0,315.7989228007182,330.1615798922801,3,F01_회피6_기본__S07_slope강한,FULL_weekly_3,2025-08
2025-08-11,003670,포스코퓨처엠,KOSPI,162900.0,1000000.0,2026-05-11,280000.0,71.88459177409455,83.85512584407613,3,F01_회피6_기본__S07_slope강한,FULL_weekly_3,2025-08
2025-08-12,036570,NC,KOSPI,223000.0,1000000.0,2026-05-12,250000.0,12.107623318385642,31.390134529147986,3,F01_회피6_기본__S07_slope강한,FULL_weekly_3,2025-08
2025-08-13,090460,비에이치,KOSPI,18030.0,1000000.0,2026-05-13,30150.0,67.22129783693845,105.21353300055463,3,F01_회피6_기본__S07_slope강한,FULL_weekly_3,2025-08
2025-08-21,457190,이수스페셜티케미컬,KOSPI,48100.0,1000000.0,2026-05-20,91300.0,89.81288981288982,174.012474012474,3,F01_회피6_기본__S07_slope강한,FULL_weekly_3,2025-08
2025-08-22,213420,덕산네오룩스,KOSDAQ,41250.0,1000000.0,2026-05-21,44450.0,7.757575757575763,38.909090909090914,3,F01_회피6_기본__S07_slope강한,FULL_weekly_3,2025-08
2025-08-19,137400,피엔티,KOSDAQ,39800.0,1000000.0,2026-05-18,47100.0,18.341708542713576,55.77889447236182,3,F01_회피6_기본__S07_slope강한,FULL_weekly_3,2025-08
