Date,Code,Name,Market,Close,Amount,ret_180d,peak_180d,sell_date,sell_close
2020-04-06,006280,녹십자,KOSPI,154000.0,108845198000.0,129.87012987012986,195.12987012987014,2020-12-28,354000.0
2020-04-07,006280,녹십자,KOSPI,166000.0,247192426000.0,133.73493975903617,173.79518072289156,2020-12-29,388000.0
2020-04-13,174900,앱클론,KOSDAQ,27250.0,201675478750.0,39.26605504587155,79.08256880733946,2021-01-06,37950.0
2020-04-16,032500,케이엠더블유,KOSDAQ,64300.0,198596722800.0,27.68273716951788,39.19129082426127,2021-01-08,82100.0
2020-04-17,007390,네이처셀,KOSDAQ,10900.0,191250985800.0,-11.192660550458712,29.8165137614679,2021-01-11,9680.0
2020-04-20,007390,네이처셀,KOSDAQ,12700.0,274972919700.0,-24.803149606299215,4.330708661417315,2021-01-12,9550.0
2020-04-21,052020,에스티큐브,KOSDAQ,9433.0,31633801325.0,-20.44948584755645,20.778119368175552,2021-01-13,7504.0
2020-04-22,097230,HJ중공업,KOSPI,7190.0,80666759810.0,-0.8344923504867818,42.55910987482614,2021-01-14,7130.0
2020-04-23,006650,대한유화,KOSPI,136000.0,24981976000.0,106.61764705882355,119.48529411764706,2021-01-15,281000.0
2020-04-29,001510,SK증권,KOSPI,1295.0,26242947080.0,41.23552123552123,103.24324324324326,2021-01-21,1829.0
2020-05-04,196170,알테오젠,KOSDAQ,33097.0,277506628662.0,146.98311025168445,283.073994621869,2021-01-22,81744.0
2020-05-06,085660,차바이오텍,KOSDAQ,18232.0,118702225496.0,-0.2523036419482261,34.9330846862659,2021-01-25,18186.0
2020-05-07,196170,알테오젠,KOSDAQ,38382.0,195425484144.0,117.75571882653328,230.32671564796,2021-01-26,83579.0
2020-05-08,001440,대한전선,KOSPI,6849.0,21521907207.0,57.70185428529713,115.63731931668855,2021-01-27,10801.0
2020-05-11,181710,NHN,KOSPI,46008.0,31359420864.0,-19.38793253347244,9.411406711876191,2021-01-28,37088.0
2020-05-14,007070,GS리테일,KOSPI,36606.0,74254758516.0,-18.690924984975144,3.737092279954113,2021-02-02,29764.0
2020-05-15,131290,티에스이,KOSDAQ,15800.0,11279146000.0,296.2025316455696,367.0886075949367,2021-02-03,62600.0
2020-05-18,131290,티에스이,KOSDAQ,17800.0,28075548400.0,248.87640449438203,314.6067415730337,2021-02-04,62100.0
2020-05-19,035900,JYP Ent.,KOSDAQ,24050.0,98184798400.0,38.66943866943866,81.2889812889813,2021-02-05,33350.0
2020-05-20,036810,에프에스티,KOSDAQ,11305.0,50520914500.0,178.26625386996903,243.05174701459532,2021-02-08,31458.0
2020-05-21,095340,ISC,KOSDAQ,15800.0,38003629400.0,44.93670886075949,83.54430379746836,2021-02-09,22900.0
2020-05-22,095340,ISC,KOSDAQ,17850.0,72092865600.0,29.691876750700285,62.46498599439776,2021-02-10,23150.0
2020-05-25,009520,포스코엠텍,KOSDAQ,4440.0,21738151200.0,11.711711711711704,43.46846846846846,2021-02-15,4960.0
2020-05-27,082740,한화엔진,KOSPI,3322.0,16345386090.0,70.98133654425045,143.19686935580975,2021-02-17,5680.0
2020-05-29,028300,HLB,KOSDAQ,46115.0,165144593905.0,-33.00661390003252,30.28081968990568,2021-02-19,30894.0
2020-06-01,036810,에프에스티,KOSDAQ,15335.0,75175957745.0,117.95239647864362,152.8985979784806,2021-02-22,33423.0
2020-06-02,141080,리가켐바이오,KOSDAQ,39036.0,134434362816.0,30.904805820268464,91.87416743518804,2021-02-23,51100.0
2020-06-03,075580,세진중공업,KOSPI,3017.0,17883276551.0,68.71063970831952,171.82631753397413,2021-02-24,5090.0
2020-06-04,019210,와이지-원,KOSDAQ,5630.0,50118490830.0,9.058614564831258,29.662522202486684,2021-02-25,6140.0
2020-06-05,226950,올릭스,KOSDAQ,23071.0,7636754781.0,92.66611763686012,164.40119630705215,2021-02-26,44450.0
2020-06-08,241560,두산밥캣,KOSPI,31850.0,198980868450.0,4.2386185243328045,16.483516483516492,2021-03-02,33200.0
2020-06-11,298050,HS효성첨단소재,KOSPI,96100.0,49468724300.0,235.06763787721124,248.59521331945888,2021-03-05,322000.0
2020-06-12,298040,효성중공업,KOSPI,22700.0,34267375200.0,215.85903083700438,325.1101321585903,2021-03-08,71700.0
2020-06-16,121600,나노신소재,KOSDAQ,18450.0,27720387000.0,34.417344173441734,182.92682926829266,2021-03-10,24800.0
2020-06-18,005290,동진쎄미켐,KOSDAQ,21800.0,93974262800.0,43.11926605504588,78.21100917431193,2021-03-12,31200.0
2020-06-22,075580,세진중공업,KOSPI,4023.0,33793111494.0,41.436738752174996,103.85284613472533,2021-03-16,5690.0
2020-06-23,065350,신성델타테크,KOSDAQ,4000.0,43306988000.0,119.24999999999999,245.00000000000003,2021-03-17,8770.0
2020-06-24,003160,디아이,KOSPI,4370.0,32522816040.0,58.58123569794049,69.33638443935928,2021-03-18,6930.0
2020-06-25,066970,엘앤에프,KOSPI,29807.0,159574278288.0,122.31690542490021,189.43201261448652,2021-03-19,66266.0
2020-06-26,089970,브이엠,KOSDAQ,13100.0,41709365100.0,79.7709923664122,79.7709923664122,2021-03-22,23550.0
2020-06-30,281820,케이씨텍,KOSPI,22300.0,23307424800.0,23.542600896860975,40.5829596412556,2021-03-24,27550.0
2020-07-01,036930,주성엔지니어링,KOSDAQ,6820.0,179059816100.0,64.95601173020529,75.2199413489736,2021-03-25,11250.0
2020-07-02,009450,경동나비엔,KOSPI,45150.0,16462909050.0,12.956810631229242,36.87707641196014,2021-03-26,51000.0
2020-07-06,241710,코스메카코리아,KOSDAQ,13000.0,12931685000.0,28.076923076923066,31.92307692307692,2021-03-30,16650.0
2020-07-07,112610,씨에스윈드,KOSPI,24436.0,35567379952.0,210.19806842363727,341.9708626616467,2021-03-31,75800.0
2020-07-08,004000,롯데정밀화학,KOSPI,46050.0,30980229600.0,25.51574375678609,44.408251900108574,2021-04-01,57800.0
2020-07-09,010060,OCI홀딩스,KOSPI,37746.0,121022584056.0,144.21130715837438,191.58056482806126,2021-04-02,92180.0
2020-07-10,037460,삼지전자,KOSDAQ,11350.0,21104496450.0,20.70484581497798,51.98237885462555,2021-04-05,13700.0
2020-07-13,011930,신성이엔지,KOSPI,14650.0,21104702100.0,132.76450511945393,200.34129692832764,2021-04-06,34100.0
2020-07-14,089030,테크윙,KOSDAQ,10911.0,76237710174.0,6.498029511502157,16.937036018696737,2021-04-07,11620.0
2020-07-15,007660,이수페타시스,KOSPI,3875.0,22270028000.0,-25.03225806451613,33.03225806451613,2021-04-08,2905.0
2020-07-16,241710,코스메카코리아,KOSDAQ,13750.0,10558308750.0,21.45454545454546,29.81818181818181,2021-04-09,16700.0
2020-07-17,232140,와이씨,KOSDAQ,4875.0,21129751500.0,40.92307692307693,64.1025641025641,2021-04-12,6870.0
2020-07-20,005250,녹십자홀딩스,KOSPI,26650.0,46554325350.0,42.589118198874296,111.25703564727955,2021-04-13,38000.0
2020-07-21,042700,한미반도체,KOSPI,5575.0,109525870200.0,184.75336322869956,201.34529147982062,2021-04-14,15875.0
2020-07-22,103140,풍산,KOSPI,24650.0,53219078850.0,41.98782961460446,61.05476673427992,2021-04-15,35000.0
2020-07-23,095610,테스,KOSDAQ,26050.0,155378429150.0,33.397312859884835,37.428023032629554,2021-04-16,34750.0
2020-07-27,026960,동서,KOSPI,20800.0,9914860800.0,60.817307692307686,113.94230769230771,2021-04-20,33450.0
2020-07-28,100790,미래에셋벤처투자,KOSDAQ,3632.0,12859194064.0,144.0803964757709,208.37004405286342,2021-04-21,8865.0
2020-07-29,084370,유진테크,KOSDAQ,32300.0,25998689900.0,59.13312693498452,67.18266253869969,2021-04-22,51400.0
2020-07-30,127120,제이에스링크,KOSDAQ,8135.0,39658344645.0,-33.98893669330055,300.5777504609712,2021-04-23,5370.0
2020-08-03,008930,한미사이언스,KOSPI,46574.0,295296159510.0,48.47339717438914,99.7552282389316,2021-04-27,69150.0
2020-08-05,178920,PI첨단소재,KOSPI,35400.0,18207565200.0,37.994350282485875,46.89265536723164,2021-04-29,48850.0
2020-08-07,086280,현대글로비스,KOSPI,61024.0,39196264416.0,57.787100157315166,92.62257472469848,2021-05-03,96288.0
2020-08-10,066575,LG전자우,KOSPI,34100.0,39771102800.0,113.48973607038121,177.1260997067449,2021-05-04,72800.0
2020-08-11,103590,일진전기,KOSPI,2883.0,9973432902.0,37.21817551161983,52.48005549774541,2021-05-06,3956.0
2020-08-12,018880,한온시스템,KOSPI,11154.0,266703059766.0,37.08983324367941,68.33422987269142,2021-05-07,15291.0
2020-08-14,085620,미래에셋생명,KOSPI,3850.0,8897357700.0,6.1038961038961,17.922077922077918,2021-05-11,4085.0
2020-08-19,064760,티씨케이,KOSDAQ,109000.0,34104901000.0,53.30275229357797,127.33944954128442,2021-05-13,167100.0
2020-08-25,007390,네이처셀,KOSDAQ,11250.0,50786145000.0,26.222222222222214,63.99999999999999,2021-05-20,14200.0
2020-08-26,011930,신성이엔지,KOSPI,16150.0,160150732100.0,70.27863777089782,172.44582043343652,2021-05-21,27500.0
2020-08-28,002020,코오롱,KOSPI,23000.0,21248872000.0,31.08695652173914,68.69565217391305,2021-05-25,30150.0
2020-09-01,017960,한국카본,KOSPI,10000.0,112049810000.0,18.500000000000007,47.50000000000001,2021-05-27,11850.0
2020-09-02,272210,한화시스템,KOSPI,11579.0,112815748586.0,54.59020640815269,80.68917868555144,2021-05-28,17900.0
2020-09-03,039200,오스코텍,KOSDAQ,32583.0,45548525109.0,15.11217506061444,111.84973759322348,2021-05-31,37507.0
2020-09-04,069260,TKG휴켐스,KOSPI,20500.0,34794814000.0,7.804878048780495,34.878048780487816,2021-06-01,22100.0
2020-09-07,006650,대한유화,KOSPI,145000.0,132759680000.0,79.3103448275862,179.65517241379308,2021-06-02,260000.0
2020-09-08,014820,동원시스템즈,KOSPI,24100.0,7087593100.0,87.34439834024896,163.07053941908714,2021-06-03,45150.0
2020-09-09,307950,현대오토에버,KOSPI,48200.0,24412962600.0,125.10373443983403,235.0622406639004,2021-06-04,108500.0
2020-09-10,056190,에스에프에이,KOSDAQ,36250.0,59433252500.0,18.20689655172414,30.482758620689655,2021-06-07,42850.0
2020-09-11,097230,HJ중공업,KOSPI,9060.0,29085580740.0,-5.960264900662249,13.134657836644582,2021-06-08,8520.0
2020-09-14,080220,제주반도체,KOSDAQ,3300.0,7934190000.0,84.24242424242425,142.42424242424244,2021-06-09,6080.0
2020-09-15,267270,HD건설기계,KOSPI,27600.0,56401096800.0,91.66666666666667,147.1014492753623,2021-06-10,52900.0
2020-09-17,005850,에스엘,KOSPI,13300.0,27965870100.0,152.6315789473684,176.69172932330827,2021-06-14,33600.0
2020-09-18,043260,성호전자,KOSDAQ,940.0,10525509000.0,63.829787234042556,144.14893617021275,2021-06-15,1540.0
2020-09-21,082270,젬백스,KOSDAQ,26000.0,155957074000.0,-16.92307692307692,28.846153846153854,2021-06-16,21600.0
2020-09-23,078350,한양디지텍,KOSDAQ,5720.0,19247502560.0,25.874125874125873,30.069930069930063,2021-06-18,7200.0
2020-09-24,027360,아주IB투자,KOSDAQ,1755.0,43213507155.0,304.55840455840456,432.7635327635328,2021-06-21,7100.0
2020-09-25,003540,대신증권,KOSPI,12500.0,10511837500.0,48.8,65.19999999999999,2021-06-22,18600.0
2020-09-28,267270,HD건설기계,KOSPI,26800.0,34188652800.0,110.44776119402985,154.4776119402985,2021-06-23,56400.0
2020-09-29,005850,에스엘,KOSPI,14150.0,31782371600.0,146.64310954063606,160.07067137809184,2021-06-24,34900.0
2020-10-07,094170,동운아나텍,KOSDAQ,7274.0,34797884928.0,-9.623315919714049,56.695078361286775,2021-06-29,6574.0
2020-10-08,058610,에스피지,KOSDAQ,7320.0,15749031240.0,59.836065573770504,91.25683060109289,2021-06-30,11700.0
2020-10-12,161000,애경케미칼,KOSPI,8000.0,9254528000.0,48.12499999999999,96.875,2021-07-01,11850.0
2020-10-13,089010,켐트로닉스,KOSDAQ,18800.0,144629095600.0,31.382978723404253,81.38297872340425,2021-07-02,24700.0
2020-10-14,214320,이노션,KOSPI,29400.0,14936434800.0,12.244897959183664,19.727891156462583,2021-07-05,33000.0
2020-10-20,058610,에스피지,KOSDAQ,7780.0,10553943440.0,41.38817480719794,79.94858611825192,2021-07-09,11000.0
2020-10-21,047050,포스코인터내셔널,KOSPI,15350.0,16101889050.0,53.09446254071661,65.47231270358307,2021-07-12,23500.0
2020-10-26,011200,HMM,KOSPI,8820.0,204629900580.0,388.6621315192744,479.36507936507934,2021-07-15,43100.0
2020-10-28,052400,코나아이,KOSDAQ,28000.0,6452404000.0,54.28571428571429,77.49999999999999,2021-07-19,43200.0
2020-10-29,145020,휴젤,KOSDAQ,211300.0,51018596300.0,21.438712730714627,31.566493137718886,2021-07-20,256600.0
2020-11-02,014820,동원시스템즈,KOSPI,24950.0,5731314400.0,80.7615230460922,154.10821643286573,2021-07-22,45100.0
2020-11-03,014820,동원시스템즈,KOSPI,27150.0,8014381350.0,67.40331491712708,133.5174953959484,2021-07-23,45450.0
2020-11-04,094170,동운아나텍,KOSDAQ,8454.0,13764811254.0,-23.846699787083036,34.82375207002602,2021-07-26,6438.0
2020-11-06,014820,동원시스템즈,KOSPI,31250.0,30252906250.0,40.480000000000004,102.88,2021-07-28,43900.0
2020-11-09,033500,동성화인텍,KOSDAQ,10900.0,34888436600.0,14.220183486238525,33.02752293577982,2021-07-29,12450.0
2020-11-10,010950,S-Oil,KOSPI,66400.0,258819165600.0,48.04216867469879,67.16867469879517,2021-07-30,98300.0
2020-11-12,161000,애경케미칼,KOSPI,8980.0,25708833020.0,41.42538975501113,75.38975501113585,2021-08-03,12700.0
2020-11-13,095610,테스,KOSDAQ,28500.0,35130496500.0,6.315789473684208,32.28070175438595,2021-08-04,30300.0
2020-11-16,003530,한화투자증권,KOSPI,2175.0,8572170900.0,111.95402298850574,277.01149425287355,2021-08-05,4610.0
2020-11-19,161000,애경케미칼,KOSPI,9700.0,32869196900.0,32.98969072164948,62.371134020618555,2021-08-10,12900.0
2020-11-20,249420,일동제약,KOSPI,20450.0,38924816300.0,-25.67237163814181,23.716381418092915,2021-08-11,15200.0
2020-11-23,100790,미래에셋벤처투자,KOSDAQ,4271.0,102672115102.0,89.72137672676187,162.23366892999297,2021-08-12,8103.0
2020-11-24,249420,일동제약,KOSPI,23300.0,95065234900.0,-35.622317596566525,-3.0042918454935674,2021-08-13,15000.0
2020-11-25,267270,HD건설기계,KOSPI,33650.0,54612738600.0,51.56017830609212,102.6745913818722,2021-08-17,51000.0
2020-11-26,043260,성호전자,KOSDAQ,1860.0,159781097760.0,-6.989247311827961,23.38709677419355,2021-08-18,1730.0
2020-11-27,066970,엘앤에프,KOSPI,48954.0,198424513890.0,152.48192180414267,171.07080116027288,2021-08-19,123600.0
2020-12-02,281740,레이크머티리얼즈,KOSDAQ,2500.0,23337072500.0,112.80000000000001,127.59999999999998,2021-08-24,5320.0
2020-12-03,189300,인텔리안테크,KOSDAQ,34290.0,13794626970.0,61.487314085739285,163.42373869932928,2021-08-25,55374.0
2020-12-04,281740,레이크머티리얼즈,KOSDAQ,2745.0,75655592820.0,85.42805100182149,107.28597449908924,2021-08-26,5090.0
2020-12-07,008930,한미사이언스,KOSPI,82188.0,244389963024.0,-14.222270891127664,13.19657370905729,2021-08-27,70499.0
2020-12-08,036810,에프에스티,KOSDAQ,24773.0,35612401377.0,7.140838816453399,43.64832680741129,2021-08-30,26542.0
2020-12-10,095340,ISC,KOSDAQ,23300.0,51615511400.0,10.300429184549365,28.755364806866957,2021-09-01,25700.0
2020-12-11,111770,영원무역,KOSPI,33500.0,15586846500.0,28.358208955223873,49.1044776119403,2021-09-02,43000.0
2020-12-14,077970,STX엔진,KOSPI,8240.0,16480428480.0,35.92233009708738,134.83009708737862,2021-09-03,11200.0
2020-12-16,094170,동운아나텍,KOSDAQ,9584.0,11475632416.0,-37.48956594323873,18.927378964941568,2021-09-07,5991.0
2020-12-18,006340,대원전선,KOSPI,1125.0,8491851000.0,94.66666666666667,242.2222222222222,2021-09-09,2190.0
2020-12-22,089010,켐트로닉스,KOSDAQ,28300.0,297065750900.0,-8.127208480565374,20.4946996466431,2021-09-13,26000.0
2020-12-23,195870,해성디에스,KOSPI,22300.0,33182823700.0,74.2152466367713,113.67713004484305,2021-09-14,38850.0
2020-12-24,094170,동운아나텍,KOSDAQ,10421.0,9867363533.0,-44.43911332885519,9.375299875251898,2021-09-15,5790.0
2020-12-28,272210,한화시스템,KOSPI,15334.0,97146502244.0,22.929437850528235,36.44189383070302,2021-09-16,18850.0
2020-12-30,011210,현대위아,KOSPI,53500.0,92425369500.0,55.140186915887845,114.95327102803739,2021-09-23,83000.0
2021-01-04,058610,에스피지,KOSDAQ,9400.0,17983008400.0,19.14893617021276,48.93617021276595,2021-09-24,11200.0
2021-01-06,003530,한화투자증권,KOSPI,2625.0,109951327500.0,69.33333333333334,212.38095238095238,2021-09-28,4445.0
2021-01-07,122640,예스티,KOSDAQ,10950.0,28156600050.0,17.351598173515992,60.73059360730593,2021-09-29,12850.0
2021-01-08,005850,에스엘,KOSPI,18800.0,67889093600.0,45.21276595744681,103.45744680851064,2021-09-30,27300.0
2021-01-11,003530,한화투자증권,KOSPI,3120.0,105836911440.0,36.37820512820513,162.82051282051282,2021-10-01,4255.0
2021-01-13,009520,포스코엠텍,KOSDAQ,5110.0,34275253460.0,38.94324853228963,142.66144814090018,2021-10-06,7100.0
2021-01-15,012450,한화에어로스페이스,KOSPI,36620.0,122848967520.0,35.74276351720371,57.441288913162204,2021-10-08,49709.0
2021-01-18,189300,인텔리안테크,KOSDAQ,59324.0,121786595544.0,14.719169307531521,52.26215359719506,2021-10-12,68056.0
2021-01-20,001740,SK네트웍스,KOSPI,5950.0,26502371000.0,-12.605042016806722,7.731092436974785,2021-10-14,5200.0
2021-01-25,005440,현대지에프홀딩스,KOSPI,6270.0,34916614260.0,3.572567783094094,26.04465709728867,2021-10-19,6494.0
2021-01-26,214150,클래시스,KOSDAQ,17500.0,28631610000.0,30.571428571428562,55.42857142857143,2021-10-20,22850.0
2021-01-29,053610,프로텍,KOSDAQ,36800.0,175635212800.0,-30.163043478260864,4.891304347826098,2021-10-25,25700.0
2021-02-01,047050,포스코인터내셔널,KOSPI,18300.0,256268515200.0,21.857923497267763,55.73770491803278,2021-10-26,22300.0
2021-02-02,000240,한국앤컴퍼니,KOSPI,18200.0,64694029400.0,-4.94505494505495,28.57142857142858,2021-10-27,17300.0
2021-02-03,000240,한국앤컴퍼니,KOSPI,20600.0,79371552800.0,-19.1747572815534,13.592233009708732,2021-10-28,16650.0
2021-02-05,026960,동서,KOSPI,38500.0,62379625000.0,-11.298701298701296,15.58441558441559,2021-11-01,34150.0
2021-02-08,052400,코나아이,KOSDAQ,33400.0,20937959000.0,2.5449101796407136,48.80239520958083,2021-11-02,34250.0
2021-02-09,280360,롯데웰푸드,KOSPI,133000.0,16803220000.0,-3.759398496240607,24.06015037593985,2021-11-03,128000.0
2021-02-15,095610,테스,KOSDAQ,32750.0,104990310250.0,-18.62595419847328,15.114503816793889,2021-11-05,26650.0
2021-02-16,103140,풍산,KOSPI,33100.0,95687763900.0,-2.4169184290030232,50.90634441087614,2021-11-08,32300.0
2021-02-17,033160,엠케이전자,KOSDAQ,13000.0,62587655000.0,41.92307692307693,113.46153846153845,2021-11-09,18450.0
2021-02-22,103140,풍산,KOSPI,36600.0,105322978200.0,-11.475409836065575,36.475409836065566,2021-11-12,32400.0
2021-02-23,034230,파라다이스,KOSPI,17300.0,112202315900.0,-4.913294797687861,16.184971098265887,2021-11-15,16450.0
2021-02-24,032350,롯데관광개발,KOSPI,20100.0,73481559900.0,-7.960199004975122,17.66169154228856,2021-11-16,18500.0
2021-03-08,083650,비에이치아이,KOSDAQ,3645.0,10144898865.0,11.659807956104263,111.79698216735252,2021-11-25,4070.0
2021-03-23,019210,와이지-원,KOSDAQ,7940.0,17319410840.0,-4.659949622166248,42.9471032745592,2021-12-10,7570.0
2021-03-24,214450,파마리서치,KOSDAQ,70900.0,40665829400.0,8.60366713681242,43.441466854724965,2021-12-13,77000.0
2021-03-29,005300,롯데칠성,KOSPI,139000.0,24364615000.0,-7.194244604316546,26.258992805755387,2021-12-16,129000.0
2021-03-31,023160,태광,KOSDAQ,8800.0,8970473600.0,20.45454545454546,53.40909090909092,2021-12-20,10600.0
2021-04-09,002020,코오롱,KOSPI,35500.0,96521234000.0,-11.126760563380278,31.408450704225356,2021-12-29,31550.0
2021-04-16,004000,롯데정밀화학,KOSPI,67400.0,93659983600.0,7.71513353115727,50.59347181008902,2022-01-06,72600.0
2021-04-19,077970,STX엔진,KOSPI,10750.0,49414363750.0,4.1860465116279055,80.0,2022-01-07,11200.0
2021-04-20,077970,STX엔진,KOSPI,12050.0,49978158250.0,-8.298755186721996,60.580912863070544,2022-01-10,11050.0
2021-04-26,267250,HD현대,KOSPI,63700.0,73036317900.0,-15.855572998430144,24.489795918367353,2022-01-14,53600.0
2021-04-28,002790,아모레퍼시픽홀딩스,KOSPI,72700.0,93607356800.0,-43.7414030261348,10.866574965612097,2022-01-18,40900.0
2021-04-30,097230,HJ중공업,KOSPI,8700.0,16515966900.0,-12.298850574712638,20.68965517241379,2022-01-20,7630.0
2021-05-04,058610,에스피지,KOSDAQ,11950.0,214293685700.0,-2.5104602510460206,22.17573221757323,2022-01-24,11650.0
2021-05-06,078930,GS,KOSPI,46650.0,48753588450.0,-18.7566988210075,7.8242229367631255,2022-01-25,37900.0
2021-05-10,081660,미스토홀딩스,KOSPI,56000.0,158632992000.0,-49.73214285714286,6.785714285714284,2022-01-27,28150.0
2021-05-11,009450,경동나비엔,KOSPI,63400.0,57145146200.0,-23.65930599369085,24.29022082018928,2022-01-28,48400.0
2021-05-14,078350,한양디지텍,KOSDAQ,6650.0,7929273800.0,177.44360902255642,195.4887218045113,2022-02-07,18450.0
2021-05-20,009520,포스코엠텍,KOSDAQ,9620.0,98414822220.0,-23.49272349272349,4.469854469854462,2022-02-10,7360.0
2021-05-21,001440,대한전선,KOSPI,11455.0,65551730065.0,13.793103448275868,288.6599738105631,2022-02-11,13035.0
2021-05-25,079550,LIG디펜스앤에어로스페이스,KOSPI,47100.0,122207779500.0,23.566878980891715,64.96815286624205,2022-02-15,58200.0
2021-05-26,097230,HJ중공업,KOSPI,8300.0,30564127500.0,-13.97590361445783,26.506024096385538,2022-02-16,7140.0
2021-05-28,323280,태성,KOSDAQ,3808.0,74947468064.0,-33.35084033613446,66.62289915966386,2022-02-18,2538.0
2021-05-31,032350,롯데관광개발,KOSPI,22100.0,45035844100.0,-17.194570135746613,7.0135746606334815,2022-02-21,18300.0
2021-06-04,032820,우리기술,KOSDAQ,1790.0,218733904480.0,4.469273743016755,85.47486033519553,2022-02-25,1870.0
2021-06-07,100840,SNT에너지,KOSPI,9854.0,63164869196.0,-30.018266693728435,-0.7408159123198699,2022-02-28,6896.0
2021-06-08,003570,SNT다이내믹스,KOSPI,11100.0,19658932500.0,-22.792792792792792,4.054054054054057,2022-03-02,8570.0
2021-06-10,033160,엠케이전자,KOSDAQ,13800.0,36654318000.0,13.768115942028981,101.08695652173911,2022-03-04,15700.0
2021-06-14,085660,차바이오텍,KOSDAQ,21601.0,88971494860.0,-25.429378269524562,32.90588398685246,2022-03-08,16108.0
2021-06-15,038500,삼표시멘트,KOSDAQ,5940.0,266992076340.0,-14.47811447811448,13.636363636363647,2022-03-10,5080.0
2021-06-16,120110,코오롱인더,KOSPI,67900.0,76542991000.0,-16.347569955817377,68.63033873343151,2022-03-11,56800.0
2021-06-17,247540,에코프로비엠,KOSDAQ,50281.0,134320914805.0,58.42763668184801,182.60575565322887,2022-03-14,79659.0
2021-06-23,069620,대웅제약,KOSPI,171000.0,92677896000.0,2.3391812865497075,9.064327485380108,2022-03-18,175000.0
2021-06-28,085660,차바이오텍,KOSDAQ,26355.0,144109429905.0,-34.14911781445647,8.93189148169229,2022-03-23,17355.0
2021-06-30,010170,대한광통신,KOSDAQ,3270.0,46778412750.0,-41.86544342507646,1.7125382262996869,2022-03-25,1901.0
2021-07-01,017900,광전자,KOSPI,2975.0,63058882425.0,-3.1932773109243695,32.436974789915965,2022-03-28,2880.0
2021-07-09,141080,리가켐바이오,KOSDAQ,64000.0,102685952000.0,-25.312500000000004,2.34375,2022-04-05,47800.0
2021-07-15,007810,코리아써키트,KOSPI,14850.0,53600258250.0,96.96969696969697,138.7205387205387,2022-04-11,29250.0
2021-07-20,007810,코리아써키트,KOSPI,15200.0,17907317600.0,98.6842105263158,133.22368421052633,2022-04-14,30200.0
2021-07-21,010130,고려아연,KOSPI,510000.0,87035070000.0,22.745098039215694,25.49019607843137,2022-04-15,626000.0
2021-07-22,083450,GST,KOSDAQ,15285.0,35052616665.0,-1.151455675498858,26.555446516192347,2022-04-18,15109.0
2021-07-23,347700,스피어,KOSDAQ,14622.0,115098052674.0,-49.117767747230204,7.946929284639581,2022-04-19,7440.0
2021-07-27,005090,SGC에너지,KOSPI,55400.0,31930288600.0,0.18050541516245744,6.137184115523464,2022-04-21,55500.0
2021-07-30,033160,엠케이전자,KOSDAQ,20500.0,169919559500.0,-22.68292682926829,35.365853658536594,2022-04-26,15850.0
2021-08-02,033160,엠케이전자,KOSDAQ,23150.0,144344417000.0,-33.47732181425486,19.87041036717063,2022-04-27,15400.0
2021-08-05,356860,티엘비,KOSDAQ,24450.0,42090528300.0,-14.92842535787321,8.793456032719838,2022-05-02,20800.0
2021-08-09,101490,에스앤에스텍,KOSDAQ,36000.0,42045264000.0,-23.19444444444444,8.333333333333325,2022-05-04,27650.0
2021-08-10,014680,한솔케미칼,KOSPI,293500.0,57935432500.0,-17.546848381601365,33.56047700170357,2022-05-06,242000.0
2021-08-12,122870,와이지엔터테인먼트,KOSDAQ,61600.0,150594197600.0,-10.22727272727273,23.051948051948056,2022-05-10,55300.0
2021-08-13,290650,엘앤씨바이오,KOSDAQ,38750.0,32017342500.0,7.096774193548394,9.16129032258064,2022-05-11,41500.0
2021-08-17,112040,위메이드,KOSDAQ,38140.0,182070291040.0,62.55899318300997,544.2055584687992,2022-05-12,62000.0
2021-08-18,183300,코미코,KOSDAQ,80400.0,18273392400.0,-23.134328358208954,13.059701492537323,2022-05-13,61800.0
2021-08-19,007660,이수페타시스,KOSPI,3468.0,30173354808.0,103.57554786620531,144.49250288350632,2022-05-16,7060.0
2021-08-23,000250,삼천당제약,KOSDAQ,59200.0,55806360000.0,-29.81418918918919,5.912162162162171,2022-05-18,41550.0
2021-08-24,041510,에스엠,KOSDAQ,72100.0,165865977900.0,-2.6352288488210807,24.8266296809986,2022-05-19,70200.0
2021-08-25,100090,SK오션플랜트,KOSPI,21000.0,99328782000.0,2.3809523809523725,22.142857142857153,2022-05-20,21500.0
2021-08-27,006280,녹십자,KOSPI,350000.0,148735650000.0,-46.71428571428572,13.714285714285722,2022-05-24,186500.0
2021-08-30,079550,LIG디펜스앤에어로스페이스,KOSPI,52700.0,36409639500.0,49.905123339658445,66.79316888045541,2022-05-25,79000.0
2021-08-31,006280,녹십자,KOSPI,385000.0,183391670000.0,-50.51948051948052,3.3766233766233666,2022-05-26,190500.0
2021-09-02,103590,일진전기,KOSPI,6116.0,96759755928.0,-3.090255068672332,6.344015696533689,2022-05-30,5927.0
2021-09-03,121600,나노신소재,KOSDAQ,40800.0,116627656800.0,125.98039215686273,132.3529411764706,2022-05-31,92200.0
2021-09-08,137400,피엔티,KOSDAQ,31500.0,195191167500.0,95.87301587301586,99.36507936507937,2022-06-07,61700.0
2021-09-09,161000,애경케미칼,KOSPI,15050.0,138718167700.0,-37.54152823920266,15.946843853820592,2022-06-08,9400.0
2021-09-10,018670,SK가스,KOSPI,152500.0,16456122500.0,-11.475409836065575,21.311475409836067,2022-06-09,135000.0
2021-09-14,102940,코오롱생명과학,KOSDAQ,38950.0,7441397500.0,-15.275994865211807,19.255455712451862,2022-06-13,33000.0
2021-09-15,097230,HJ중공업,KOSPI,10050.0,7117359750.0,-27.363184079601986,4.477611940298498,2022-06-14,7300.0
2021-09-27,225570,넥슨게임즈,KOSDAQ,14100.0,72726939900.0,10.283687943262422,121.63120567375887,2022-06-21,15550.0
2021-10-05,225570,넥슨게임즈,KOSDAQ,14950.0,32735252550.0,10.702341137123739,109.03010033444818,2022-06-28,16550.0
2021-10-06,101490,에스앤에스텍,KOSDAQ,37000.0,111934139000.0,-45.945945945945944,5.405405405405395,2022-06-29,20000.0
2021-10-07,017900,광전자,KOSPI,3250.0,23170589000.0,-29.846153846153843,21.23076923076923,2022-06-30,2280.0
2021-10-13,121600,나노신소재,KOSDAQ,47250.0,123387752250.0,50.68783068783069,110.15873015873017,2022-07-05,71200.0
2021-10-18,017900,광전자,KOSPI,3655.0,46464351975.0,-38.16689466484268,7.797537619699035,2022-07-08,2260.0
2021-10-20,035900,JYP Ent.,KOSDAQ,48950.0,245552192600.0,7.04800817160367,35.240040858018396,2022-07-12,52400.0
2021-10-21,192080,더블유게임즈,KOSPI,62157.0,152542166451.0,-44.8235918721946,17.71160126775746,2022-07-13,34296.0
2021-10-25,017960,한국카본,KOSPI,12750.0,44645782500.0,-4.313725490196074,20.392156862745093,2022-07-15,12200.0
2021-10-26,035900,JYP Ent.,KOSDAQ,53400.0,81387527400.0,3.183520599250933,23.97003745318351,2022-07-18,55100.0
2021-10-27,082740,한화엔진,KOSPI,6817.0,28229176549.0,5.955698987824554,28.869003960686523,2022-07-19,7223.0
2021-10-28,298380,에이비엘바이오,KOSDAQ,25000.0,36447750000.0,0.40000000000000036,39.19999999999999,2022-07-20,25100.0
2021-11-03,121600,나노신소재,KOSDAQ,48200.0,29825244200.0,66.1825726141079,106.01659751037343,2022-07-26,80100.0
2021-11-04,000155,두산우,KOSPI,80400.0,5079350400.0,-43.28358208955224,13.308457711442777,2022-07-27,45600.0
2021-11-05,007660,이수페타시스,KOSPI,4386.0,20603708688.0,57.637938896488826,93.31965344277246,2022-07-28,6914.0
2021-11-09,009520,포스코엠텍,KOSDAQ,9060.0,66083558460.0,-31.56732891832229,-0.3311258278145712,2022-08-01,6200.0
2021-11-11,353200,대덕전자,KOSPI,20150.0,100658700350.0,49.37965260545907,69.23076923076923,2022-08-03,30100.0
2021-11-15,249420,일동제약,KOSPI,16400.0,8258367600.0,132.6219512195122,384.7560975609756,2022-08-05,38150.0
2021-11-16,368770,파이버프로,KOSDAQ,3160.0,26024786720.0,44.303797468354425,124.36708860759494,2022-08-08,4560.0
2021-11-18,094170,동운아나텍,KOSDAQ,7222.0,50162993698.0,6.563278870119071,33.20409858764886,2022-08-10,7696.0
2021-11-19,161580,필옵틱스,KOSDAQ,12050.0,9479349400.0,-34.6058091286307,7.468879668049788,2022-08-11,7880.0
2021-11-22,084370,유진테크,KOSDAQ,54800.0,85587626400.0,-48.54014598540146,0.5474452554744547,2022-08-12,28200.0
2021-11-25,007810,코리아써키트,KOSPI,24600.0,87564315000.0,-21.95121951219512,44.10569105691058,2022-08-18,19200.0
2021-11-29,007660,이수페타시스,KOSPI,5057.0,58917043744.0,26.33972711093533,67.66857820842395,2022-08-22,6389.0
2021-11-30,064760,티씨케이,KOSDAQ,144500.0,35123470500.0,-23.667820069204147,7.820069204152258,2022-08-23,110300.0
2021-12-01,080220,제주반도체,KOSDAQ,5680.0,62249374960.0,-19.982394366197187,30.809859154929576,2022-08-24,4545.0
2021-12-02,077360,덕산하이메탈,KOSDAQ,8025.0,21038500500.0,-11.526479750778817,31.46417445482865,2022-08-25,7100.0
2021-12-03,033240,자화전자,KOSPI,20150.0,13440997050.0,35.98014888337468,80.64516129032258,2022-08-26,27400.0
2021-12-06,007810,코리아써키트,KOSPI,25400.0,52172438200.0,-31.496062992125985,39.56692913385827,2022-08-29,17400.0
2021-12-07,094170,동운아나텍,KOSDAQ,7678.0,28696164134.0,30.046887210210983,31.818181818181813,2022-08-30,9985.0
2021-12-09,253590,네오셈,KOSDAQ,3190.0,10874097520.0,1.4106583072100332,58.62068965517242,2022-09-01,3235.0
2021-12-10,003230,삼양식품,KOSPI,92200.0,26613345600.0,23.101952277657254,30.69414316702821,2022-09-02,113500.0
2021-12-14,298380,에이비엘바이오,KOSDAQ,23750.0,37906472500.0,-7.789473684210524,46.526315789473685,2022-09-06,21900.0
2021-12-16,033240,자화전자,KOSPI,23200.0,24263534400.0,12.06896551724137,56.89655172413792,2022-09-08,26000.0
2021-12-17,089010,켐트로닉스,KOSDAQ,28950.0,21487963800.0,-32.98791018998273,10.535405872193436,2022-09-13,19400.0
2021-12-21,089970,브이엠,KOSDAQ,22100.0,28713844900.0,-29.864253393665162,15.158371040723972,2022-09-15,15500.0
2021-12-22,353200,대덕전자,KOSPI,22800.0,151818656400.0,20.175438596491226,49.56140350877194,2022-09-16,27400.0
2021-12-23,007660,이수페타시스,KOSPI,5932.0,90319736268.0,-0.9777478084962876,42.936614969656105,2022-09-19,5874.0
2021-12-27,298380,에이비엘바이오,KOSDAQ,22300.0,12590290100.0,-7.399103139013452,56.05381165919283,2022-09-21,20650.0
2021-12-28,281740,레이크머티리얼즈,KOSDAQ,5300.0,16719703300.0,21.13207547169811,39.245283018867916,2022-09-22,6420.0
2021-12-29,140410,메지온,KOSDAQ,72333.0,128359465479.0,-78.57132982179643,5.9986451550468,2022-09-23,15500.0
2021-12-30,356860,티엘비,KOSDAQ,20350.0,7616720100.0,-14.12776412776413,22.850122850122844,2022-09-26,17475.0
2022-01-03,127120,제이에스링크,KOSDAQ,5020.0,7784117420.0,-18.22709163346613,7.17131474103585,2022-09-27,4105.0
2022-01-06,082740,한화엔진,KOSPI,7359.0,36480682392.0,-2.975947818997149,28.68596276668025,2022-09-30,7140.0
2022-01-11,043260,성호전자,KOSDAQ,1875.0,64868499375.0,-22.666666666666668,6.400000000000006,2022-10-06,1450.0
2022-01-12,195870,해성디에스,KOSPI,54200.0,54856633000.0,-16.97416974169742,37.8228782287823,2022-10-07,45000.0
2022-01-18,053610,프로텍,KOSDAQ,26650.0,12360003500.0,-21.013133208255162,31.894934333958712,2022-10-14,21050.0
2022-01-19,368770,파이버프로,KOSDAQ,2915.0,9714001385.0,-16.638078902229847,143.2246998284734,2022-10-17,2430.0
2022-01-20,053610,프로텍,KOSDAQ,33000.0,58161411000.0,-35.303030303030305,6.515151515151518,2022-10-18,21350.0
2022-01-26,222080,씨아이에스,KOSDAQ,16150.0,70127466700.0,-22.291021671826627,16.09907120743035,2022-10-24,12550.0
2022-01-27,048410,현대바이오,KOSDAQ,13640.0,223543613920.0,-28.152492668621697,43.695014662756606,2022-10-25,9800.0
2022-02-03,019210,와이지-원,KOSDAQ,9510.0,9661494300.0,-39.537329127234486,7.7812828601472095,2022-10-27,5750.0
2022-02-04,005090,SGC에너지,KOSPI,54700.0,16997204500.0,-42.961608775137115,7.4954296160877565,2022-10-28,31200.0
2022-02-07,100790,미래에셋벤처투자,KOSDAQ,9700.0,41391161000.0,-55.77319587628866,19.072164948453608,2022-10-31,4290.0
2022-02-09,005300,롯데칠성,KOSPI,166000.0,9233252000.0,-18.07228915662651,25.903614457831313,2022-11-02,136000.0
2022-02-17,214450,파마리서치,KOSDAQ,86400.0,27429062400.0,-26.15740740740741,15.625,2022-11-10,63800.0
2022-02-18,006340,대원전선,KOSPI,2265.0,185518514685.0,-45.033112582781456,9.27152317880795,2022-11-11,1245.0
2022-02-21,034230,파라다이스,KOSPI,17400.0,29671123800.0,-4.31034482758621,4.885057471264376,2022-11-14,16650.0
2022-02-22,161890,한국콜마,KOSPI,46650.0,42734665500.0,-14.576634512325825,6.109324758842449,2022-11-15,39850.0
2022-02-23,083650,비에이치아이,KOSDAQ,4865.0,6435616600.0,79.85611510791367,141.52106885919835,2022-11-16,8750.0
2022-02-28,001060,JW중외제약,KOSPI,23957.0,28302440445.0,-21.667988479358847,26.835580414910055,2022-11-21,18766.0
2022-03-10,001060,JW중외제약,KOSPI,25910.0,24528919270.0,-27.94287919722115,17.275183326900812,2022-11-29,18670.0
2022-03-14,028050,삼성E&A,KOSPI,27850.0,118522804600.0,-11.669658886894075,1.6157989228007263,2022-12-01,24600.0
2022-03-18,089860,롯데렌탈,KOSPI,41600.0,81706643200.0,-31.971153846153843,15.745192307692314,2022-12-07,28300.0
2022-03-22,090710,휴림로봇,KOSDAQ,3250.0,97235498750.0,54.61538461538462,279.2307692307692,2022-12-09,5025.0
2022-03-23,014620,성광벤드,KOSDAQ,8840.0,5151686800.0,49.886877828054295,99.6606334841629,2022-12-12,13250.0
2022-03-24,368770,파이버프로,KOSDAQ,3495.0,23658214200.0,-32.61802575107296,102.86123032904149,2022-12-13,2355.0
2022-04-05,174900,앱클론,KOSDAQ,16600.0,7443274000.0,-21.385542168674696,56.02409638554218,2022-12-23,13050.0
2022-04-06,323280,태성,KOSDAQ,2826.0,10502317494.0,-45.081387119603676,16.41896673743808,2022-12-26,1552.0
2022-04-07,103590,일진전기,KOSPI,6230.0,145862223710.0,-16.388443017656495,19.727126805778482,2022-12-27,5209.0
2022-04-14,006260,LS,KOSPI,59400.0,27110754000.0,11.44781144781144,29.12457912457913,2023-01-04,66200.0
2022-04-15,000400,롯데손해보험,KOSPI,2290.0,22889720190.0,-37.772925764192145,2.4017467248908186,2023-01-05,1425.0
2022-04-19,047050,포스코인터내셔널,KOSPI,25150.0,70215857450.0,-14.7117296222664,12.723658051689867,2023-01-09,21450.0
2022-04-21,064960,SNT모티브,KOSPI,27879.0,12799945875.0,-15.613902937695034,1.3845546827361055,2023-01-11,23526.0
2022-04-26,025540,한국단자,KOSPI,70800.0,6899318400.0,-26.271186440677962,1.2711864406779627,2023-01-16,52200.0
2022-04-27,099320,쎄트렉아이,KOSDAQ,48500.0,10638523500.0,-36.80412371134021,9.896907216494855,2023-01-17,30650.0
2022-04-28,005850,에스엘,KOSPI,27300.0,23697273600.0,-8.241758241758246,50.73260073260073,2023-01-18,25050.0
2022-05-02,005300,롯데칠성,KOSPI,200000.0,30110000000.0,-17.75,4.499999999999993,2023-01-20,164500.0
2022-05-10,023160,태광,KOSDAQ,11850.0,6018046200.0,37.38396624472573,70.46413502109705,2023-01-31,16280.0
2022-05-11,183300,코미코,KOSDAQ,63000.0,13173741000.0,-24.365079365079367,1.5873015873015817,2023-02-01,47650.0
2022-05-12,028300,HLB,KOSDAQ,30317.0,163947484358.0,0.98624534089784,70.11577662697496,2023-02-02,30616.0
2022-05-13,356860,티엘비,KOSDAQ,24100.0,24068718200.0,-23.60995850622407,3.734439834024905,2023-02-03,18410.0
2022-05-17,357780,솔브레인,KOSDAQ,267400.0,35959684600.0,-11.555721765145854,4.263275991024673,2023-02-07,236500.0
2022-05-19,322000,HD현대에너지솔루션,KOSPI,27150.0,44158171800.0,102.20994475138122,217.4953959484346,2023-02-09,54900.0
2022-05-20,100090,SK오션플랜트,KOSPI,21500.0,52607941500.0,-4.1860465116279055,47.67441860465116,2023-02-10,20600.0
2022-05-23,053800,안랩,KOSDAQ,115700.0,72569932500.0,-31.806395851339676,5.099394987035444,2023-02-13,78900.0
2022-05-24,322000,HD현대에너지솔루션,KOSPI,28400.0,30167218400.0,87.32394366197182,203.5211267605634,2023-02-14,53200.0
2022-05-25,058610,에스피지,KOSDAQ,19150.0,74015630900.0,-5.117493472584855,16.18798955613576,2023-02-15,18170.0
2022-05-26,322000,HD현대에너지솔루션,KOSPI,32450.0,54175891550.0,65.17719568567027,165.63944530046223,2023-02-16,53600.0
2022-05-27,322000,HD현대에너지솔루션,KOSPI,34000.0,38025124000.0,57.647058823529406,153.52941176470586,2023-02-17,53600.0
2022-05-31,327260,RF머트리얼즈,KOSDAQ,14128.0,7880527760.0,-1.9535673839184642,21.602491506228773,2023-02-21,13852.0
2022-06-02,099320,쎄트렉아이,KOSDAQ,51500.0,9633023500.0,-19.611650485436893,3.495145631067964,2023-02-22,41400.0
2022-06-03,267270,HD건설기계,KOSPI,46600.0,123589258000.0,25.536480686695274,41.63090128755365,2023-02-23,58500.0
2022-06-07,010170,대한광통신,KOSDAQ,2302.0,27595597924.0,-9.252823631624674,29.061685490877487,2023-02-24,2089.0
2022-06-08,007390,네이처셀,KOSDAQ,19050.0,36308766600.0,-17.69028871391076,48.55643044619422,2023-02-27,15680.0
2022-06-09,222080,씨아이에스,KOSDAQ,15550.0,104471462100.0,-33.826366559485535,20.578778135048225,2023-02-28,10290.0
2022-06-15,271560,오리온,KOSPI,101500.0,71847993000.0,23.251231527093587,27.980295566502456,2023-03-07,125100.0
2022-06-17,267270,HD건설기계,KOSPI,42800.0,8896750400.0,27.570093457943923,54.20560747663552,2023-03-09,54600.0
2022-06-21,033500,동성화인텍,KOSDAQ,11700.0,14032558800.0,-10.170940170940169,21.36752136752136,2023-03-13,10510.0
2022-06-24,222080,씨아이에스,KOSDAQ,16550.0,71886580000.0,-36.55589123867069,7.85498489425982,2023-03-16,10500.0
2022-06-28,033100,제룡전기,KOSDAQ,6900.0,13817339700.0,76.23188405797102,91.73913043478261,2023-03-20,12160.0
2022-06-29,094170,동운아나텍,KOSDAQ,7359.0,12339269481.0,11.142818317706205,54.27367848892513,2023-03-21,8179.0
2022-07-01,094170,동운아나텍,KOSDAQ,7897.0,11421083632.0,3.697606686083321,43.76345447638344,2023-03-23,8189.0
2022-07-05,010120,LS ELECTRIC,KOSPI,11820.0,22823238000.0,-3.384094754653133,4.060913705583746,2023-03-27,11420.0
2022-07-08,033100,제룡전기,KOSDAQ,6980.0,6664853000.0,75.50143266475644,89.54154727793697,2023-03-30,12250.0
2022-07-11,052020,에스티큐브,KOSDAQ,7318.0,8277162942.0,129.20196775075158,258.51325498770154,2023-03-31,16773.0
2022-07-14,007390,네이처셀,KOSDAQ,21350.0,42629822550.0,1.6393442622950838,32.5526932084309,2023-04-05,21700.0
2022-07-15,052020,에스티큐브,KOSDAQ,9758.0,46797474948.0,86.89280590284893,168.86657101865134,2023-04-06,18237.0
2022-07-19,052020,에스티큐브,KOSDAQ,11231.0,60689314092.0,61.48161339150566,133.60341910782654,2023-04-10,18136.0
2022-07-27,214370,케어젠,KOSDAQ,27480.0,43450551600.0,60.84425036390102,77.9475982532751,2023-04-18,44200.0
2022-07-28,322000,HD현대에너지솔루션,KOSPI,40800.0,77329953600.0,31.372549019607842,111.27450980392157,2023-04-19,53600.0
2022-07-29,322000,HD현대에너지솔루션,KOSPI,50500.0,207016973000.0,3.5643564356435675,70.6930693069307,2023-04-20,52300.0
2022-08-01,383220,F&F,KOSPI,160000.0,44444800000.0,-15.812499999999996,4.062499999999991,2023-04-21,134700.0
2022-08-02,277810,레인보우로보틱스,KOSDAQ,29300.0,76271035100.0,245.05119453924914,411.94539249146754,2023-04-24,101100.0
2022-08-05,237690,에스티팜,KOSDAQ,113700.0,39542244900.0,-30.87071240105541,3.2541776605101047,2023-04-27,78600.0
2022-08-08,010170,대한광통신,KOSDAQ,2430.0,12205374840.0,-32.427983539094654,22.2633744855967,2023-04-28,1642.0
2022-08-09,010170,대한광통신,KOSDAQ,2673.0,25733281068.0,-37.11185933408155,11.148522259633364,2023-05-02,1681.0
2022-08-10,023160,태광,KOSDAQ,16350.0,88976323950.0,10.45871559633027,23.547400611620795,2023-05-03,18060.0
2022-08-11,011930,신성이엔지,KOSPI,25150.0,98756379250.0,-19.284294234592448,8.747514910536779,2023-05-04,20300.0
2022-08-12,081660,미스토홀딩스,KOSPI,33300.0,30091245300.0,10.510510510510507,22.82282282282282,2023-05-08,36800.0
2022-08-17,005850,에스엘,KOSPI,35600.0,84785494000.0,-9.97191011235955,15.58988764044944,2023-05-10,32050.0
2022-08-18,014620,성광벤드,KOSDAQ,16200.0,59907632400.0,-14.50617283950617,8.950617283950614,2023-05-11,13850.0
2022-08-19,044490,태웅,KOSDAQ,13050.0,13568894100.0,9.042145593869733,19.386973180076627,2023-05-12,14230.0
2022-08-22,174900,앱클론,KOSDAQ,15750.0,17966292750.0,23.17460317460318,83.49206349206348,2023-05-15,19400.0
2022-08-23,006110,삼아알미늄,KOSPI,26750.0,16720836500.0,169.53271028037383,274.57943925233644,2023-05-16,72100.0
2022-08-24,082920,비츠로셀,KOSDAQ,7216.0,5084003936.0,28.187361419068747,52.452882483370274,2023-05-17,9250.0
2022-08-25,001740,SK네트웍스,KOSPI,4780.0,57760200720.0,-4.707112970711302,4.602510460251041,2023-05-18,4555.0
2022-08-26,127120,제이에스링크,KOSDAQ,4615.0,10373047815.0,-13.3261105092091,16.576381365113768,2023-05-19,4000.0
2022-08-29,044490,태웅,KOSDAQ,13650.0,11905762050.0,-2.857142857142858,14.139194139194133,2023-05-22,13260.0
2022-08-30,281740,레이크머티리얼즈,KOSDAQ,5730.0,56007793320.0,144.85165794066316,216.7539267015707,2023-05-23,14030.0
2022-08-31,033240,자화전자,KOSPI,29050.0,33052247550.0,9.810671256454384,22.030981067125644,2023-05-24,31900.0
2022-09-01,218410,RFHIC,KOSDAQ,27000.0,15524946000.0,-17.22222222222223,4.444444444444451,2023-05-25,22350.0
2022-09-02,127120,제이에스링크,KOSDAQ,5110.0,6274492350.0,-28.375733855185914,5.283757338551864,2023-05-26,3660.0
2022-09-05,103140,풍산,KOSPI,31600.0,43417673200.0,24.0506329113924,50.63291139240506,2023-05-30,39200.0
2022-09-06,213420,덕산네오룩스,KOSDAQ,36150.0,8221413750.0,26.694329183955734,41.07883817427387,2023-05-31,45800.0
2022-09-07,069260,TKG휴켐스,KOSPI,22700.0,34024485200.0,-0.22026431718061845,6.607929515418509,2023-06-01,22650.0
2022-09-08,032500,케이엠더블유,KOSDAQ,35850.0,43123463100.0,-47.47559274755927,0.6973500697350143,2023-06-02,18830.0
2022-09-13,161000,애경케미칼,KOSPI,11000.0,7947302000.0,66.63636363636363,105.45454545454547,2023-06-05,18330.0
2022-09-14,007070,GS리테일,KOSPI,23520.0,16216875360.0,-9.638605442176873,12.359693877551026,2023-06-07,21253.0
2022-09-20,000155,두산우,KOSPI,66900.0,13398129900.0,-14.200298953662182,3.8863976083707064,2023-06-13,57400.0
2022-10-05,192080,더블유게임즈,KOSPI,38912.0,6123620352.0,-5.224609375,11.42578125,2023-06-27,36879.0
2022-10-06,108490,로보티즈,KOSDAQ,22787.0,9921573735.0,21.797516127616625,98.50792118313075,2023-06-28,27754.0
2022-10-07,277810,레인보우로보틱스,KOSDAQ,33750.0,35389642500.0,169.92592592592595,344.44444444444446,2023-06-29,91100.0
2022-10-13,009520,포스코엠텍,KOSDAQ,7450.0,223059019600.0,219.46308724832213,431.54362416107386,2023-07-04,23800.0
2022-10-14,002020,코오롱,KOSPI,29700.0,9013831200.0,-33.53535353535354,13.131313131313128,2023-07-05,19740.0
2022-10-17,102940,코오롱생명과학,KOSDAQ,47500.0,15424390000.0,-38.31578947368421,6.526315789473691,2023-07-06,29300.0
2022-10-24,140860,파크시스템스,KOSDAQ,109500.0,7910608500.0,72.69406392694064,77.07762557077626,2023-07-13,189100.0
2022-10-25,101490,에스앤에스텍,KOSDAQ,25600.0,20998579200.0,142.578125,149.609375,2023-07-14,62100.0
2022-11-01,006110,삼아알미늄,KOSPI,31000.0,22639579000.0,301.93548387096774,351.93548387096774,2023-07-21,124600.0
2022-11-03,000150,두산,KOSPI,86400.0,25033449600.0,6.481481481481488,29.28240740740742,2023-07-25,92000.0
2022-11-04,383220,F&F,KOSPI,153500.0,46783116000.0,-36.28664495114007,7.817589576547235,2023-07-26,97800.0
2022-11-07,006650,대한유화,KOSPI,134500.0,9759320000.0,-3.866171003717467,44.08921933085501,2023-07-27,129300.0
2022-11-08,214150,클래시스,KOSDAQ,16450.0,8336975150.0,81.76291793313071,115.50151975683889,2023-07-28,29900.0
2022-11-09,094170,동운아나텍,KOSDAQ,9757.0,10901359502.0,192.53869017115917,407.4920569847289,2023-07-31,28543.0
2022-11-10,006650,대한유화,KOSPI,138500.0,11211021000.0,-0.6498194945848357,39.92779783393501,2023-08-01,137600.0
2022-11-11,036570,NC,KOSPI,465000.0,204872490000.0,-40.21505376344086,3.440860215053765,2023-08-02,278000.0
2022-11-14,006650,대한유화,KOSPI,160000.0,35399360000.0,-13.937500000000004,21.124999999999993,2023-08-03,137700.0
2022-11-15,140860,파크시스템스,KOSDAQ,114000.0,6880128000.0,66.66666666666667,81.14035087719299,2023-08-04,190000.0
2022-11-17,036810,에프에스티,KOSDAQ,16957.0,12588418961.0,42.035737453558994,72.76051188299817,2023-08-08,24085.0
2022-11-18,336570,원텍,KOSDAQ,3455.0,19052794435.0,265.26772793053544,283.2127351664255,2023-08-09,12620.0
2022-11-21,336570,원텍,KOSDAQ,3600.0,14966355600.0,266.38888888888886,267.77777777777777,2023-08-10,13190.0
2022-11-22,000150,두산,KOSPI,99700.0,33601591900.0,7.221664994984955,19.25777331995988,2023-08-11,106900.0
2022-11-24,089890,코세스,KOSDAQ,10250.0,28904600250.0,4.0000000000000036,60.39024390243903,2023-08-16,10660.0
2022-11-29,007340,DN오토모티브,KOSPI,15082.0,19380098524.0,20.05039119480174,39.039915130619285,2023-08-21,18106.0
2022-11-30,022100,포스코DX,KOSPI,7020.0,115911565380.0,390.02849002849,546.7236467236467,2023-08-22,34400.0
2022-12-01,000250,삼천당제약,KOSDAQ,47400.0,158592626400.0,19.409282700421947,126.37130801687766,2023-08-23,56600.0
2022-12-05,039200,오스코텍,KOSDAQ,20700.0,12941660700.0,47.10144927536233,73.91304347826086,2023-08-25,30450.0
2022-12-07,257720,실리콘투,KOSDAQ,2655.0,117024225255.0,199.81167608286253,265.34839924670433,2023-08-29,7960.0
2022-12-08,050890,쏠리드,KOSDAQ,5950.0,31143008050.0,0.1680672268907557,12.100840336134455,2023-08-30,5960.0
2022-12-09,192820,코스맥스,KOSPI,70300.0,21449022100.0,118.34992887624468,120.48364153627311,2023-08-31,153500.0
2022-12-14,178320,서진시스템,KOSDAQ,18600.0,37358806800.0,-14.40860215053763,14.516129032258075,2023-09-05,15920.0
2022-12-15,323280,태성,KOSDAQ,1959.0,6390228615.0,64.52271567126084,109.23940786115365,2023-09-06,3223.0
2022-12-16,257720,실리콘투,KOSDAQ,3065.0,88722564195.0,170.1468189233279,216.4763458401305,2023-09-07,8280.0
2022-12-19,092190,서울바이오시스,KOSDAQ,6200.0,19779853800.0,-27.661290322580644,21.7741935483871,2023-09-08,4485.0
2022-12-20,257720,실리콘투,KOSDAQ,3180.0,245722276080.0,164.77987421383648,205.0314465408805,2023-09-11,8420.0
2022-12-23,127120,제이에스링크,KOSDAQ,4415.0,7398021240.0,-17.893544733861834,9.17327293318233,2023-09-14,3625.0
2022-12-26,272290,이녹스첨단소재,KOSDAQ,31750.0,11381390750.0,9.606299212598435,60.31496062992125,2023-09-15,34800.0
2022-12-27,310210,보로노이,KOSDAQ,27683.0,12851583603.0,104.09637683777046,197.3377162879746,2023-09-18,56500.0
2022-12-28,009420,한올바이오파마,KOSPI,18000.0,9354636000.0,57.22222222222222,58.6111111111111,2023-09-19,28300.0
2023-01-03,328130,루닛,KOSDAQ,7377.0,18498410283.0,538.9453707469161,757.4352717907008,2023-09-22,47135.0
2023-01-04,310210,보로노이,KOSDAQ,28257.0,5368067061.0,83.67130268606009,191.29773153554873,2023-09-25,51900.0
2023-01-05,048410,현대바이오,KOSDAQ,13617.0,42018875622.0,-4.3254755085554875,37.53396489682015,2023-09-26,13028.0
2023-01-06,319660,피에스케이,KOSDAQ,18000.0,11282940000.0,7.055555555555548,35.555555555555564,2023-09-27,19270.0
2023-01-09,056080,유진로봇,KOSDAQ,4660.0,32463661660.0,193.9914163090129,264.8068669527897,2023-10-04,13700.0
2023-01-12,082920,비츠로셀,KOSDAQ,7595.0,5181871030.0,21.132323897300864,64.12113232389731,2023-10-10,9200.0
2023-01-16,003530,한화투자증권,KOSPI,2900.0,16601464700.0,-19.482758620689655,34.6551724137931,2023-10-12,2335.0
2023-01-17,272210,한화시스템,KOSPI,12750.0,75826812750.0,0.07843137254901489,38.980392156862756,2023-10-13,12760.0
2023-01-18,328130,루닛,KOSDAQ,8225.0,37545405975.0,335.9392097264438,669.0334346504559,2023-10-16,35856.0
2023-01-19,082920,비츠로셀,KOSDAQ,8604.0,24331957128.0,9.797768479776847,44.87447698744771,2023-10-17,9447.0
2023-01-20,214450,파마리서치,KOSDAQ,77400.0,11891426400.0,45.4780361757106,104.39276485788112,2023-10-18,112600.0
2023-01-25,001510,SK증권,KOSPI,1553.0,27397344233.0,-23.180940115904704,36.89632968448164,2023-10-19,1193.0
2023-01-26,082270,젬백스,KOSDAQ,14410.0,5695826290.0,-15.68355308813324,21.027064538514928,2023-10-20,12150.0
2023-01-30,100790,미래에셋벤처투자,KOSDAQ,5390.0,19595582160.0,-13.914656771799628,27.08719851576995,2023-10-24,4640.0
2023-01-31,347700,스피어,KOSDAQ,5455.0,7404813380.0,-45.407882676443634,27.204399633363895,2023-10-25,2978.0
2023-02-01,189300,인텔리안테크,KOSDAQ,73478.0,41213736722.0,-8.816244318027167,31.092299735975402,2023-10-26,67000.0
2023-02-02,001510,SK증권,KOSPI,1978.0,184860084218.0,-41.0010111223458,0.5055611729019249,2023-10-27,1167.0
2023-02-06,368770,파이버프로,KOSDAQ,3110.0,16366925470.0,-2.4115755627009627,73.31189710610933,2023-10-31,3035.0
2023-02-07,272290,이녹스첨단소재,KOSDAQ,34200.0,42412548600.0,-21.49122807017544,48.830409356725134,2023-11-01,26850.0
2023-02-08,007660,이수페타시스,KOSPI,8324.0,148239776956.0,179.22873618452667,405.87457952907255,2023-11-02,23243.0
2023-02-09,121600,나노신소재,KOSDAQ,109200.0,210322803600.0,14.102564102564097,95.05494505494505,2023-11-03,124600.0
2023-02-10,082740,한화엔진,KOSPI,7890.0,14688071340.0,7.477820025348536,61.596958174904934,2023-11-06,8480.0
2023-02-13,082740,한화엔진,KOSPI,8620.0,42101614360.0,-4.408352668213455,47.91183294663573,2023-11-07,8240.0
2023-02-14,053610,프로텍,KOSDAQ,28000.0,40372500000.0,82.14285714285714,153.2142857142857,2023-11-08,51000.0
2023-02-15,161580,필옵틱스,KOSDAQ,9640.0,11699865560.0,-2.8008298755186734,141.70124481327798,2023-11-09,9370.0
2023-02-16,323280,태성,KOSDAQ,2045.0,46558018065.0,25.52567237163814,100.44009779951102,2023-11-10,2567.0
2023-02-17,010780,아이에스동서,KOSPI,46650.0,228084258900.0,-41.050375133976424,5.894962486602351,2023-11-13,27500.0
2023-02-20,140410,메지온,KOSDAQ,17290.0,44718441040.0,107.05610179294389,212.89762868710235,2023-11-14,35800.0
2023-02-21,348370,엔켐,KOSDAQ,68000.0,38339692000.0,-14.264705882352946,38.67647058823529,2023-11-15,58300.0
2023-02-22,399720,가온칩스,KOSDAQ,28300.0,134413312100.0,44.87632508833923,89.04593639575972,2023-11-16,41000.0
2023-02-23,089030,테크윙,KOSDAQ,6600.0,8047835400.0,46.36363636363636,50.45454545454546,2023-11-17,9660.0
2023-02-24,089010,켐트로닉스,KOSDAQ,18200.0,15322980400.0,37.637362637362635,58.79120879120878,2023-11-20,25050.0
2023-02-27,368770,파이버프로,KOSDAQ,3350.0,17877760750.0,1.7910447761193993,60.89552238805971,2023-11-21,3410.0
2023-02-28,171090,선익시스템,KOSDAQ,29050.0,163548798350.0,-10.671256454388988,56.45438898450947,2023-11-22,25950.0
2023-03-02,059090,미코,KOSDAQ,10100.0,143175408300.0,-13.366336633663368,46.23762376237623,2023-11-23,8750.0
2023-03-03,093370,후성,KOSPI,13438.0,56878767278.0,-15.337103735674951,27.541300788807852,2023-11-24,11377.0
2023-03-07,397030,에이프릴바이오,KOSDAQ,10229.0,10339309536.0,9.492619024342552,46.710333365920434,2023-11-28,11200.0
2023-03-08,241560,두산밥캣,KOSPI,41600.0,299688979200.0,8.774038461538458,61.057692307692314,2023-11-29,45250.0
2023-03-09,008930,한미사이언스,KOSPI,38000.0,41041368000.0,-5.789473684210522,25.657894736842103,2023-11-30,35800.0
2023-03-10,388720,유일로보틱스,KOSDAQ,31200.0,236288520000.0,-28.205128205128204,19.070512820512818,2023-12-01,22400.0
2023-03-13,140410,메지온,KOSDAQ,19900.0,35141967200.0,82.16080402010051,171.85929648241208,2023-12-04,36250.0
2023-03-14,124500,아이티센글로벌,KOSDAQ,4585.0,77117618410.0,10.796074154852775,26.06324972737186,2023-12-05,5080.0
2023-03-15,281740,레이크머티리얼즈,KOSDAQ,6680.0,18669330800.0,103.74251497005989,289.97005988023955,2023-12-06,13610.0
2023-03-16,008930,한미사이언스,KOSPI,36900.0,15246895500.0,1.6260162601626105,29.40379403794038,2023-12-07,37500.0
2023-03-17,095610,테스,KOSDAQ,20650.0,20304236400.0,-6.246973365617436,16.22276029055689,2023-12-08,19360.0
2023-03-20,403870,HPSP,KOSDAQ,23200.0,257883381600.0,89.65517241379311,111.63793103448273,2023-12-11,44000.0
2023-03-24,003160,디아이,KOSPI,5810.0,8378932170.0,4.991394148020656,57.14285714285714,2023-12-15,6100.0
2023-03-27,122640,예스티,KOSDAQ,10030.0,6032814310.0,77.96610169491525,165.20438683948154,2023-12-18,17850.0
2023-03-28,006260,LS,KOSPI,80700.0,47893432500.0,12.515489467162322,87.48451053283767,2023-12-19,90800.0
2023-03-29,348370,엔켐,KOSDAQ,78300.0,194414593500.0,-0.12771392081737387,20.434227330779066,2023-12-20,78200.0
2023-03-30,319400,현대무벡스,KOSDAQ,3800.0,43379318000.0,-10.526315789473683,38.68421052631579,2023-12-21,3400.0
2023-03-31,083650,비에이치아이,KOSDAQ,7720.0,26367783520.0,1.5544041450777257,51.16580310880829,2023-12-22,7840.0
2023-04-03,126340,비나텍,KOSDAQ,54949.0,26734336970.0,-23.02680667528072,43.64228648383046,2023-12-26,42296.0
2023-04-04,298380,에이비엘바이오,KOSDAQ,23750.0,43853045000.0,2.947368421052632,13.263157894736842,2023-12-27,24450.0
2023-04-05,005850,에스엘,KOSPI,30800.0,52354671600.0,15.909090909090917,37.66233766233766,2023-12-28,35700.0
2023-04-06,014820,동원시스템즈,KOSPI,47850.0,46029116100.0,-28.317659352142112,23.719958202716818,2024-01-02,34300.0
2023-04-07,003160,디아이,KOSPI,6240.0,5691379200.0,5.288461538461542,46.314102564102555,2024-01-03,6570.0
2023-04-10,011930,신성이엔지,KOSPI,19800.0,34642377000.0,3.7878787878787845,55.80808080808082,2024-01-04,20550.0
2023-04-11,003160,디아이,KOSPI,7900.0,17152954000.0,-18.734177215189874,15.569620253164551,2024-01-05,6420.0
2023-04-17,014820,동원시스템즈,KOSPI,55700.0,49918785600.0,-40.39497307001796,2.6929982046678624,2024-01-11,33200.0
2023-04-18,389470,인벤티지랩,KOSDAQ,11880.0,45447011280.0,29.629629629629626,175.6734006734007,2024-01-12,15400.0
2023-04-21,126340,비나텍,KOSDAQ,72825.0,79033185600.0,-43.321661517336075,8.38311019567457,2024-01-17,41276.0
2023-04-24,307950,현대오토에버,KOSPI,124000.0,18442024000.0,40.88709677419355,112.0967741935484,2024-01-18,174700.0
2023-04-25,368770,파이버프로,KOSDAQ,4135.0,88611768150.0,-12.212817412333731,30.35066505441355,2024-01-19,3630.0
2023-04-26,009450,경동나비엔,KOSPI,40050.0,39497189850.0,23.59550561797752,52.059925093632955,2024-01-22,49500.0
2023-04-27,267270,HD건설기계,KOSPI,67900.0,61929756700.0,-31.885125184094253,36.96612665684831,2024-01-23,46250.0
2023-04-28,100840,SNT에너지,KOSPI,8239.0,6947915744.0,-11.239228061657968,44.03447020269451,2024-01-24,7313.0
2023-05-02,009450,경동나비엔,KOSPI,42950.0,7943903150.0,11.175785797438875,41.79278230500583,2024-01-25,47750.0
2023-05-09,001060,JW중외제약,KOSPI,25501.0,28883274133.0,20.191365044508068,101.92149327477354,2024-01-31,30650.0
2023-05-15,241710,코스메카코리아,KOSDAQ,16450.0,177977945600.0,132.21884498480244,156.838905775076,2024-02-06,38200.0
2023-05-16,004370,농심,KOSPI,426000.0,40625916000.0,-8.568075117370888,17.37089201877935,2024-02-07,389500.0
2023-05-18,011930,신성이엔지,KOSPI,22350.0,24878701350.0,-8.7248322147651,38.03131991051454,2024-02-13,20400.0
2023-05-19,356860,티엘비,KOSDAQ,22900.0,46971060200.0,13.100436681222716,44.104803493449786,2024-02-14,25900.0
2023-05-23,009420,한올바이오파마,KOSPI,23300.0,45919290500.0,49.35622317596567,100.64377682403433,2024-02-16,34800.0
2023-05-24,082740,한화엔진,KOSPI,9000.0,27649872000.0,-10.444444444444445,41.66666666666667,2024-02-19,8060.0
2023-05-26,005290,동진쎄미켐,KOSDAQ,38700.0,155622413700.0,-1.2919896640826822,16.020671834625322,2024-02-21,38200.0
2023-05-30,348210,넥스틴,KOSDAQ,73500.0,30497796000.0,-2.0408163265306145,25.17006802721089,2024-02-22,72000.0
2023-05-31,183300,코미코,KOSDAQ,52100.0,22957083500.0,12.284069097888683,32.24568138195778,2024-02-23,58500.0
2023-06-01,009420,한올바이오파마,KOSPI,23950.0,23829555450.0,55.11482254697286,95.1983298538622,2024-02-26,37150.0
2023-06-02,122640,예스티,KOSDAQ,11500.0,6884141500.0,93.91304347826086,131.30434782608694,2024-02-27,22300.0
2023-06-08,001120,LX인터내셔널,KOSPI,33400.0,55022792600.0,-18.562874251497007,45.059880239520965,2024-03-04,27200.0
2023-06-09,174900,앱클론,KOSDAQ,23700.0,78727134000.0,-10.970464135021096,-1.6877637130801704,2024-03-05,21100.0
2023-06-12,053610,프로텍,KOSDAQ,41400.0,147022867800.0,27.053140096618367,71.256038647343,2024-03-06,52600.0
2023-06-13,077360,덕산하이메탈,KOSDAQ,7000.0,15474837000.0,-2.4285714285714244,52.0,2024-03-07,6830.0
2023-06-15,077360,덕산하이메탈,KOSDAQ,7680.0,49684331520.0,-13.541666666666663,38.54166666666667,2024-03-11,6640.0
2023-06-16,089030,테크윙,KOSDAQ,8000.0,16617984000.0,235.62500000000003,250.0,2024-03-12,26850.0
2023-06-19,087010,펩트론,KOSDAQ,8751.0,10902205824.0,184.05896468974973,422.1460404525197,2024-03-13,24858.0
2023-06-21,089970,브이엠,KOSDAQ,17990.0,34359226930.0,-10.561423012784877,16.731517509727635,2024-03-15,16090.0
2023-06-22,009450,경동나비엔,KOSPI,50400.0,31189888800.0,4.166666666666674,20.833333333333325,2024-03-18,52500.0
2023-06-23,102710,이엔에프테크놀로지,KOSDAQ,25100.0,8987582100.0,-10.956175298804782,17.33067729083666,2024-03-19,22350.0
2023-06-26,252990,샘씨엔에스,KOSDAQ,6200.0,39690521400.0,14.032258064516135,42.58064516129032,2024-03-20,7070.0
2023-06-28,232140,와이씨,KOSDAQ,4590.0,5586296220.0,61.6557734204793,86.27450980392157,2024-03-22,7420.0
2023-06-29,307950,현대오토에버,KOSPI,138900.0,69238038600.0,3.5277177825773887,89.34485241180705,2024-03-25,143800.0
2023-06-30,161580,필옵틱스,KOSDAQ,12420.0,35679952440.0,21.980676328502426,87.60064412238324,2024-03-26,15150.0
2023-07-03,425420,티에프이,KOSDAQ,15710.0,68708470500.0,153.02355187778485,205.53787396562697,2024-03-27,39750.0
2023-07-04,097230,HJ중공업,KOSPI,4735.0,6340700055.0,-30.623020063357977,5.068637803590281,2024-03-28,3285.0
2023-07-05,161580,필옵틱스,KOSDAQ,15140.0,129093132780.0,37.05416116248348,53.89696169088507,2024-03-29,20750.0
2023-07-07,425420,티에프이,KOSDAQ,22200.0,34790508000.0,63.06306306306306,116.21621621621622,2024-04-02,36200.0
2023-07-10,071970,HD현대마린엔진,KOSPI,8730.0,19167570540.0,52.920962199312704,65.40664375715922,2024-04-03,13350.0
2023-07-12,023160,태광,KOSDAQ,21200.0,22098286400.0,-41.132075471698116,6.839622641509435,2024-04-05,12480.0
2023-07-13,059090,미코,KOSDAQ,13000.0,46183917000.0,-12.307692307692308,8.53846153846154,2024-04-08,11400.0
2023-07-14,001060,JW중외제약,KOSPI,33249.0,58355253402.0,-8.267917832115257,54.867815573400705,2024-04-09,30500.0
2023-07-17,047040,대우건설,KOSPI,4695.0,79903317645.0,-21.086261980830667,1.7039403620873195,2024-04-11,3705.0
2023-07-18,087010,펩트론,KOSDAQ,19721.0,85111122681.0,26.535165559555796,131.69717559961464,2024-04-12,24954.0
2023-07-19,214430,아이쓰리시스템,KOSDAQ,39200.0,21591007200.0,7.14285714285714,30.612244897959172,2024-04-15,42000.0
2023-07-20,065350,신성델타테크,KOSDAQ,13190.0,36318282490.0,585.3677028051554,1301.0614101592114,2024-04-16,90400.0
2023-07-24,001120,LX인터내셔널,KOSPI,40250.0,174647326000.0,-35.27950310559006,20.372670807453417,2024-04-18,26050.0
2023-07-25,000500,가온전선,KOSPI,22374.0,18875802726.0,74.08599267006346,115.20514883346742,2024-04-19,38950.0
2023-07-27,122640,예스티,KOSDAQ,18240.0,13655448960.0,6.962719298245612,63.925438596491226,2024-04-23,19510.0
2023-07-28,189300,인텔리안테크,KOSDAQ,78400.0,21916955200.0,-20.280612244897956,17.34693877551021,2024-04-24,62500.0
2023-07-31,000155,두산우,KOSPI,58200.0,10863670200.0,12.199312714776633,65.80756013745706,2024-04-25,65300.0
2023-08-01,161390,한국타이어앤테크놀로지,KOSPI,41900.0,34877308600.0,35.32219570405728,51.07398568019092,2024-04-26,56700.0
2023-08-03,068760,셀트리온제약,KOSDAQ,80028.0,68601041964.0,12.228220122956968,55.6717648822912,2024-04-30,89814.0
2023-08-04,069960,현대백화점,KOSPI,59800.0,14748952400.0,-13.87959866220736,19.899665551839462,2024-05-02,51500.0
2023-08-07,009240,한샘,KOSPI,53600.0,13367143200.0,2.0522388059701413,13.24626865671641,2024-05-03,54700.0
2023-08-11,003230,삼양식품,KOSPI,136100.0,30782281400.0,139.16238060249816,144.67303453343132,2024-05-10,325500.0
2023-08-18,145020,휴젤,KOSDAQ,119000.0,32908855000.0,69.32773109243698,94.11764705882352,2024-05-17,201500.0
2023-08-22,017800,현대엘리베이터,KOSPI,46900.0,50850105600.0,-14.712153518123671,7.462686567164178,2024-05-21,40000.0
2023-08-25,003850,보령,KOSPI,9630.0,10825660800.0,9.865005192108,42.78296988577361,2024-05-24,10580.0
2023-08-29,122640,예스티,KOSDAQ,23450.0,28153202350.0,-19.872068230277186,27.50533049040511,2024-05-28,18790.0
2023-08-30,004490,세방전지,KOSPI,59700.0,22049478600.0,74.87437185929649,105.19262981574538,2024-05-29,104400.0
2023-08-31,348340,뉴로메카,KOSDAQ,42800.0,294756666400.0,-27.80373831775701,18.224299065420556,2024-05-30,30900.0
2023-09-01,213420,덕산네오룩스,KOSDAQ,46050.0,21234437850.0,-1.7372421281216077,5.211726384364823,2024-05-31,45250.0
2023-09-04,090360,로보스타,KOSDAQ,34200.0,142473780000.0,-12.28070175438597,18.85964912280702,2024-06-03,30000.0
2023-09-05,004490,세방전지,KOSPI,63800.0,17923142600.0,67.0846394984326,92.00626959247649,2024-06-04,106600.0
2023-09-06,226950,올릭스,KOSDAQ,23750.0,100141803750.0,-39.28421052631579,9.263157894736839,2024-06-05,14420.0
2023-09-11,003570,SNT다이내믹스,KOSPI,12310.0,7945181750.0,51.50284321689682,62.38830219333875,2024-06-11,18650.0
2023-09-13,050890,쏠리드,KOSDAQ,5970.0,16707612150.0,-6.030150753768848,26.800670016750416,2024-06-13,5610.0
2023-09-14,084370,유진테크,KOSDAQ,42350.0,51611394450.0,19.952774498229054,41.67650531286895,2024-06-14,50800.0
2023-09-15,003160,디아이,KOSPI,8900.0,49879524900.0,132.02247191011236,189.8876404494382,2024-06-17,20650.0
2023-09-26,000155,두산우,KOSPI,71300.0,24984233000.0,19.77559607293127,24.684431977559605,2024-06-26,85400.0
2023-10-04,145020,휴젤,KOSDAQ,134400.0,48013190400.0,71.875,95.3125,2024-06-28,231000.0
2023-10-06,086450,동국제약,KOSDAQ,16080.0,10274219520.0,20.64676616915422,24.25373134328359,2024-07-02,19400.0
2023-10-10,032820,우리기술,KOSDAQ,1523.0,29013142385.0,29.809586342744577,81.87787261982929,2024-07-03,1977.0
2023-10-12,034730,SK,KOSPI,159100.0,125428712400.0,-2.5769956002514194,33.249528598365806,2024-07-05,155000.0
2023-10-18,180640,한진칼,KOSPI,44450.0,8401716750.0,57.48031496062993,96.6254218222722,2024-07-11,70000.0
2023-10-20,048410,현대바이오,KOSDAQ,14794.0,100878924952.0,-42.44964174665405,31.21535757739624,2024-07-15,8514.0
2023-10-23,048410,현대바이오,KOSDAQ,16067.0,121601772006.0,-47.625567934275225,20.819070143772954,2024-07-16,8415.0
2023-10-25,005300,롯데칠성,KOSPI,144000.0,10696032000.0,-6.111111111111112,13.263888888888896,2024-07-18,135200.0
2023-10-30,006650,대한유화,KOSPI,158000.0,32189814000.0,-25.44303797468355,9.177215189873422,2024-07-23,117800.0
2023-11-03,025540,한국단자,KOSPI,71700.0,17433138000.0,-17.43375174337517,10.739191073919097,2024-07-29,59200.0
2023-11-06,161390,한국타이어앤테크놀로지,KOSPI,45000.0,17886330000.0,-4.666666666666663,40.66666666666667,2024-07-30,42900.0
2023-11-08,253450,스튜디오드래곤,KOSDAQ,57300.0,36223971300.0,-33.595113438045374,0.8726003490401313,2024-08-01,38050.0
2023-11-09,003530,한화투자증권,KOSPI,2725.0,15393159850.0,29.17431192660551,95.59633027522936,2024-08-02,3520.0
2023-11-14,000080,하이트진로,KOSPI,23250.0,52897098000.0,-14.02150537634409,1.0752688172043001,2024-08-07,19990.0
2023-11-17,003090,대웅,KOSPI,17500.0,54086462500.0,28.57142857142858,54.85714285714285,2024-08-12,22500.0
2023-11-21,001430,세아베스틸지주,KOSPI,25550.0,15804361300.0,-27.201565557729946,8.610567514677104,2024-08-14,18600.0
2023-11-23,080220,제주반도체,KOSDAQ,5900.0,150702337100.0,138.3050847457627,553.3898305084746,2024-08-19,14060.0
2023-11-24,281820,케이씨텍,KOSPI,26400.0,16775748000.0,53.59848484848484,123.48484848484848,2024-08-20,40550.0
2023-11-27,356860,티엘비,KOSDAQ,25500.0,5016028500.0,-38.70588235294118,29.41176470588236,2024-08-21,15630.0
2023-11-29,124500,아이티센글로벌,KOSDAQ,4475.0,45229532050.0,9.944134078212286,193.85474860335194,2024-08-23,4920.0
2023-11-30,222080,씨아이에스,KOSDAQ,11650.0,127247392950.0,-9.613733905579402,29.69957081545065,2024-08-26,10530.0
2023-12-01,124500,아이티센글로벌,KOSDAQ,4645.0,23480312425.0,2.906350914962319,183.10010764262648,2024-08-27,4780.0
2023-12-04,124500,아이티센글로벌,KOSDAQ,5380.0,72084134440.0,-14.498141263940523,144.42379182156137,2024-08-28,4600.0
2023-12-05,096530,씨젠,KOSDAQ,26250.0,140184266250.0,-1.1428571428571455,36.952380952380956,2024-08-29,25950.0
2023-12-06,080220,제주반도체,KOSDAQ,8450.0,211991115700.0,62.9585798816568,356.2130177514793,2024-08-30,13770.0
2023-12-07,008930,한미사이언스,KOSPI,37500.0,18646162500.0,-11.466666666666669,49.86666666666666,2024-09-02,33200.0
2023-12-08,124500,아이티센글로벌,KOSDAQ,6280.0,106072628880.0,-21.81528662420382,109.39490445859872,2024-09-03,4910.0
2023-12-11,003850,보령,KOSPI,11190.0,67265484660.0,-4.20017873100983,22.877569258266316,2024-09-04,10720.0
2023-12-12,060370,LS마린솔루션,KOSDAQ,10628.0,28284955336.0,42.4444862627023,105.21264584117426,2024-09-05,15139.0
2023-12-13,078350,한양디지텍,KOSDAQ,14320.0,30369684160.0,-12.918994413407825,121.71787709497207,2024-09-06,12470.0
2023-12-14,232140,와이씨,KOSDAQ,4480.0,216610629760.0,165.40178571428572,412.27678571428567,2024-09-09,11890.0
2023-12-15,028300,HLB,KOSDAQ,43550.0,283133661850.0,96.78530424799081,196.21125143513206,2024-09-10,85700.0
2023-12-18,011780,금호석유화학,KOSPI,144200.0,41890676800.0,0.832177531206657,15.811373092926484,2024-09-11,145400.0
2023-12-21,397030,에이프릴바이오,KOSDAQ,13110.0,17179094910.0,75.05720823798627,94.88939740655988,2024-09-19,22950.0
2023-12-22,298380,에이비엘바이오,KOSDAQ,23250.0,45402065250.0,41.93548387096775,65.59139784946237,2024-09-20,33000.0
2023-12-27,397030,에이프릴바이오,KOSDAQ,15900.0,48132098400.0,50.0,60.691823899371066,2024-09-24,23850.0
2023-12-28,174900,앱클론,KOSDAQ,14820.0,13837019040.0,-1.8218623481781382,49.46018893387314,2024-09-25,14550.0
2024-01-02,003230,삼양식품,KOSPI,234500.0,55529600000.0,133.68869936034113,206.18336886993603,2024-09-26,548000.0
2024-01-03,099320,쎄트렉아이,KOSDAQ,36100.0,11890365300.0,0.27700831024930483,62.04986149584488,2024-09-27,36200.0
2024-01-04,078350,한양디지텍,KOSDAQ,16410.0,20721235200.0,-16.331505179768435,93.47958561852529,2024-09-30,13730.0
2024-01-10,010060,OCI홀딩스,KOSPI,113700.0,23616058500.0,-39.753737906772216,2.37467018469657,2024-10-08,68500.0
2024-01-11,950160,코오롱티슈진,KOSDAQ,11690.0,9764247850.0,29.940119760479035,86.4841745081266,2024-10-10,15190.0
2024-01-12,090360,로보스타,KOSDAQ,33700.0,217372548800.0,-32.93768545994066,17.210682492581597,2024-10-11,22600.0
2024-01-18,012510,더존비즈온,KOSPI,40800.0,118470225600.0,16.05392156862746,91.91176470588236,2024-10-17,47350.0
2024-01-19,090710,휴림로봇,KOSDAQ,4000.0,46074524000.0,-66.475,2.4250000000000105,2024-10-18,1341.0
2024-01-22,001740,SK네트웍스,KOSPI,6370.0,34760803350.0,-19.780219780219777,34.06593406593406,2024-10-21,5110.0
2024-01-23,252990,샘씨엔에스,KOSDAQ,6860.0,45590181140.0,-18.221574344023328,35.276967930029144,2024-10-22,5610.0
2024-01-24,126340,비나텍,KOSDAQ,47305.0,19126783345.0,-26.667371313814602,20.982982771377223,2024-10-23,34690.0
2024-01-25,033160,엠케이전자,KOSDAQ,13620.0,75645398280.0,-37.81204111600588,10.13215859030836,2024-10-24,8470.0
2024-01-26,077360,덕산하이메탈,KOSDAQ,8230.0,30686509680.0,-44.410692588092346,4.495747266099626,2024-10-25,4575.0
2024-01-30,005440,현대지에프홀딩스,KOSPI,4105.0,22060524510.0,10.71863580998782,33.252131546894034,2024-10-29,4545.0
2024-01-31,003090,대웅,KOSPI,23200.0,25279880000.0,6.896551724137923,21.12068965517242,2024-10-30,24800.0
2024-02-01,000880,한화,KOSPI,30000.0,90942660000.0,-6.499999999999995,7.333333333333325,2024-10-31,28050.0
2024-02-02,402340,SK스퀘어,KOSPI,59500.0,147569758000.0,41.00840336134455,83.19327731092436,2024-11-01,83900.0
2024-02-05,457190,이수스페셜티케미컬,KOSPI,39040.0,61523136000.0,7.197745901639352,108.50409836065573,2024-11-04,41850.0
2024-02-06,004490,세방전지,KOSPI,66000.0,52451652000.0,10.151515151515156,85.6060606060606,2024-11-05,72700.0
2024-02-08,033160,엠케이전자,KOSDAQ,12940.0,11147370040.0,-40.108191653786704,15.919629057187024,2024-11-07,7750.0
2024-02-13,281820,케이씨텍,KOSPI,33200.0,11203008000.0,6.325301204819267,77.71084337349396,2024-11-08,35300.0
2024-02-14,003570,SNT다이내믹스,KOSPI,16960.0,5251562240.0,55.36556603773586,66.27358490566037,2024-11-11,26350.0
2024-02-16,016360,삼성증권,KOSPI,41200.0,31570076800.0,7.7669902912621325,18.68932038834952,2024-11-13,44400.0
2024-02-19,003160,디아이,KOSPI,7160.0,19847949600.0,87.43016759776536,330.16759776536315,2024-11-14,13420.0
2024-02-20,145020,휴젤,KOSDAQ,181400.0,17242432800.0,52.14994487320838,79.71334068357221,2024-11-15,276000.0
2024-02-21,161580,필옵틱스,KOSDAQ,12110.0,198404524080.0,37.076796036333604,211.72584640792732,2024-11-18,16600.0
2024-02-22,376300,디어유,KOSDAQ,38000.0,35932382000.0,3.815789473684217,7.105263157894748,2024-11-19,39450.0
2024-02-26,075580,세진중공업,KOSPI,6050.0,6636450700.0,22.975206611570243,80.49586776859503,2024-11-21,7440.0
2024-02-27,174900,앱클론,KOSDAQ,17150.0,51124270050.0,-18.36734693877551,29.154518950437325,2024-11-22,14000.0
2024-02-29,319660,피에스케이,KOSDAQ,25400.0,46775547800.0,-29.13385826771654,53.93700787401574,2024-11-26,18000.0
2024-03-04,059090,미코,KOSDAQ,10650.0,11175566850.0,-24.4131455399061,86.47887323943661,2024-11-27,8050.0
2024-03-05,174900,앱클론,KOSDAQ,21100.0,53560978500.0,-31.232227488151654,3.08056872037914,2024-11-28,14510.0
2024-03-06,298380,에이비엘바이오,KOSDAQ,27300.0,222123283200.0,-0.366300366300365,58.6080586080586,2024-11-29,27200.0
2024-03-07,014820,동원시스템즈,KOSPI,41600.0,75622768000.0,4.807692307692313,30.28846153846154,2024-12-02,43600.0
2024-03-08,010780,아이에스동서,KOSPI,30100.0,17806497800.0,-26.910299003322258,3.6544850498338777,2024-12-03,22000.0
2024-03-11,083650,비에이치아이,KOSDAQ,9240.0,29385713280.0,58.87445887445888,115.5844155844156,2024-12-04,14680.0
2024-03-15,000150,두산,KOSPI,145000.0,216576350000.0,47.58620689655173,81.72413793103448,2024-12-10,214000.0
2024-03-18,006340,대원전선,KOSPI,1478.0,8015374316.0,73.88362652232748,268.74154262516913,2024-12-11,2570.0
2024-03-19,214430,아이쓰리시스템,KOSDAQ,41450.0,32160764850.0,-6.151990349819059,23.522316043425807,2024-12-12,38900.0
2024-03-20,240810,원익IPS,KOSDAQ,37400.0,74865412600.0,-40.106951871657756,19.919786096256686,2024-12-13,22400.0
2024-03-21,020150,롯데에너지머티리얼즈,KOSPI,47050.0,95968637800.0,-41.76408076514346,25.823591923485644,2024-12-16,27400.0
2024-03-22,010780,아이에스동서,KOSPI,30450.0,6068624100.0,-27.586206896551722,1.3136288998357948,2024-12-17,22050.0
2024-03-25,043260,성호전자,KOSDAQ,1900.0,45273517300.0,-37.36842105263158,28.68421052631578,2024-12-18,1190.0
2024-03-26,043260,성호전자,KOSDAQ,2150.0,80189652950.0,-44.604651162790695,13.720930232558137,2024-12-19,1191.0
2024-03-27,241560,두산밥캣,KOSPI,56100.0,45106531800.0,-15.864527629233516,11.051693404634587,2024-12-20,47200.0
2024-03-28,099320,쎄트렉아이,KOSDAQ,43000.0,91232885000.0,-3.8372093023255838,36.04651162790697,2024-12-23,41350.0
2024-03-29,078350,한양디지텍,KOSDAQ,19230.0,30123621930.0,-56.42225689027561,65.10660426417057,2024-12-24,8380.0
2024-04-01,034230,파라다이스,KOSPI,15310.0,33885255560.0,-36.44676681907251,2.6126714565643416,2024-12-26,9730.0
2024-04-02,095610,테스,KOSDAQ,25150.0,198348342100.0,-38.17097415506958,30.815109343936385,2024-12-27,15550.0
2024-04-04,100840,SNT에너지,KOSPI,12104.0,23484943352.0,104.47785855915401,110.6741573033708,2025-01-02,24750.0
2024-04-08,000400,롯데손해보험,KOSPI,3035.0,37700257085.0,-32.289950576606266,34.76112026359144,2025-01-06,2055.0
2024-04-09,000400,롯데손해보험,KOSPI,3245.0,52845201420.0,-36.51771956856703,26.040061633281965,2025-01-07,2060.0
2024-04-12,001820,삼화콘덴서,KOSPI,45300.0,96142364400.0,-33.333333333333336,20.309050772626925,2025-01-09,30200.0
2024-04-15,005180,빙그레,KOSPI,61900.0,11214175400.0,31.340872374798057,91.27625201938612,2025-01-10,81300.0
2024-04-16,095610,테스,KOSDAQ,29550.0,171253479000.0,-43.85786802030457,11.336717428087994,2025-01-13,16590.0
2024-04-17,069540,빛과전자,KOSDAQ,2880.0,19251149760.0,-66.25,43.05555555555556,2025-01-14,972.0
2024-04-18,402340,SK스퀘어,KOSPI,83700.0,47596590900.0,8.363201911589012,30.22700119474313,2025-01-15,90700.0
2024-04-22,060370,LS마린솔루션,KOSDAQ,9198.0,16774135056.0,73.8530115242444,137.11676451402477,2025-01-17,15991.0
2024-04-23,009450,경동나비엔,KOSPI,58500.0,10665895500.0,76.23931623931624,82.39316239316238,2025-01-20,103100.0
2024-04-24,099320,쎄트렉아이,KOSDAQ,49300.0,102460485800.0,-6.389452332657197,18.661257606490867,2025-01-21,46150.0
2024-04-25,033790,피노,KOSDAQ,1472.0,8216680448.0,280.4347826086956,1082.7445652173913,2025-01-22,5600.0
2024-04-26,060370,LS마린솔루션,KOSDAQ,9935.0,10211550660.0,55.11826874685455,119.5269250125818,2025-01-23,15411.0
2024-04-29,006260,LS,KOSPI,138300.0,192344320800.0,-7.80911062906724,40.8532176428055,2025-01-24,127500.0
2024-04-30,171090,선익시스템,KOSDAQ,61400.0,239917982600.0,-19.543973941368076,22.964169381107503,2025-01-31,49400.0
2024-05-02,178320,서진시스템,KOSDAQ,25550.0,40243089600.0,-8.80626223091977,41.87866927592956,2025-02-03,23300.0
2024-05-07,060370,LS마린솔루션,KOSDAQ,10303.0,6831610210.0,42.0848296612637,111.68591672328448,2025-02-05,14639.0
2024-05-08,014620,성광벤드,KOSDAQ,12260.0,18396191300.0,128.38499184339315,165.08972267536706,2025-02-06,28000.0
2024-05-09,214150,클래시스,KOSDAQ,48500.0,289867331000.0,8.247422680412363,29.69072164948454,2025-02-07,52500.0
2024-05-13,060370,LS마린솔루션,KOSDAQ,10742.0,59493288702.0,31.949357661515542,103.03481660770805,2025-02-11,14174.0
2024-05-16,336260,두산퓨얼셀,KOSPI,21750.0,32676025500.0,-27.44827586206896,25.517241379310352,2025-02-13,15780.0
2024-05-17,005180,빙그레,KOSPI,88300.0,183889694800.0,3.624009060022648,34.08833522083805,2025-02-14,91500.0
2024-05-20,060370,LS마린솔루션,KOSDAQ,11664.0,156221515728.0,37.174211248285324,86.98559670781893,2025-02-17,16000.0
2024-05-21,007390,네이처셀,KOSDAQ,12300.0,113082879000.0,65.44715447154472,127.23577235772359,2025-02-18,20350.0
2024-05-22,178320,서진시스템,KOSDAQ,27850.0,56546612150.0,-11.490125673249551,30.161579892280077,2025-02-19,24650.0
2024-05-23,041510,에스엠,KOSDAQ,90800.0,45222667600.0,11.674008810572678,18.722466960352424,2025-02-20,101400.0
2024-05-28,357780,솔브레인,KOSDAQ,343500.0,57449688000.0,-42.00873362445415,-0.14556040756914523,2025-02-25,199200.0
2024-05-29,090460,비에이치,KOSPI,24500.0,169426393500.0,-36.93877551020408,11.83673469387756,2025-02-26,15450.0
2024-05-30,327260,RF머트리얼즈,KOSDAQ,10958.0,17985431148.0,-45.73827340755612,6.917320678956007,2025-02-27,5946.0
2024-05-31,100090,SK오션플랜트,KOSPI,15110.0,8947054080.0,1.9192587690271434,17.339510258107204,2025-02-28,15400.0
2024-06-07,102710,이엔에프테크놀로지,KOSDAQ,33100.0,24493867600.0,-29.90936555891238,2.114803625377637,2025-03-07,23200.0
2024-06-10,077970,STX엔진,KOSPI,15380.0,5127384400.0,77.1781534460338,105.78673602080625,2025-03-10,27250.0
2024-06-12,089970,브이엠,KOSDAQ,19400.0,60398505000.0,-50.97938144329896,7.989690721649478,2025-03-12,9510.0
2024-06-19,214150,클래시스,KOSDAQ,55300.0,40736136700.0,3.797468354430378,29.294755877034362,2025-03-19,57400.0
2024-06-21,100840,SNT에너지,KOSPI,11950.0,8202468050.0,162.7615062761506,221.3389121338912,2025-03-21,31400.0
2024-06-24,075580,세진중공업,KOSPI,9280.0,47944127040.0,-21.98275862068966,17.67241379310345,2025-03-24,7240.0
2024-06-25,012510,더존비즈온,KOSPI,72200.0,168087953600.0,-19.52908587257618,27.423822714681446,2025-03-25,58100.0
2024-06-26,166090,하나머티리얼즈,KOSDAQ,63900.0,43796612700.0,-46.870109546165885,8.450704225352123,2025-03-26,33950.0
2024-06-27,005385,현대차우,KOSPI,186400.0,42049789600.0,-15.772532188841204,4.077253218884125,2025-03-27,157000.0
2024-06-28,082640,동양생명,KOSPI,7820.0,61531974980.0,-34.526854219948845,20.7161125319693,2025-03-28,5120.0
2024-07-01,086280,현대글로비스,KOSPI,120297.0,236587267821.0,-6.564585983025351,25.522664738106513,2025-03-31,112400.0
2024-07-02,389470,인벤티지랩,KOSDAQ,15990.0,159784376310.0,-14.509068167604756,58.84928080050032,2025-04-01,13670.0
2024-07-03,307950,현대오토에버,KOSPI,168300.0,95923931400.0,-29.590017825311943,8.080808080808088,2025-04-02,118500.0
2024-07-04,039200,오스코텍,KOSDAQ,42000.0,37168278000.0,-31.19047619047619,9.166666666666657,2025-04-03,28900.0
2024-07-05,009150,삼성전기,KOSPI,170500.0,299917172500.0,-28.914956011730208,3.5190615835777095,2025-04-04,121200.0
2024-07-08,225570,넥슨게임즈,KOSDAQ,21500.0,215374379500.0,-44.604651162790695,43.953488372093034,2025-04-07,11910.0
2024-07-09,100840,SNT에너지,KOSPI,15490.0,100584516370.0,94.6417043253712,147.90187217559713,2025-04-08,30150.0
2024-07-15,006360,GS건설,KOSPI,17260.0,47491891080.0,-5.272305909617614,26.013904982618776,2025-04-14,16350.0
2024-07-16,014620,성광벤드,KOSDAQ,13330.0,62264509980.0,120.18004501125282,143.81095273818457,2025-04-15,29350.0
2024-07-19,086900,메디톡스,KOSDAQ,175300.0,55757495700.0,-6.845407872219056,24.358243011979464,2025-04-18,163300.0
2024-07-22,267270,HD건설기계,KOSPI,68500.0,108210957000.0,-6.423357664233576,33.57664233576643,2025-04-21,64100.0
2024-07-24,009450,경동나비엔,KOSPI,61800.0,11931293400.0,15.048543689320383,74.27184466019416,2025-04-23,71100.0
2024-07-26,028050,삼성E&A,KOSPI,27900.0,178649280000.0,-32.1146953405018,5.017921146953408,2025-04-25,18940.0
2024-07-29,003530,한화투자증권,KOSPI,4040.0,22048433320.0,-16.58415841584159,15.71782178217822,2025-04-28,3370.0
2024-07-30,006280,녹십자,KOSPI,135100.0,18142173700.0,-8.586232420429308,34.566987416728345,2025-04-29,123500.0
2024-08-01,006280,녹십자,KOSPI,144400.0,38564186000.0,-12.880886426592797,25.90027700831026,2025-05-02,125800.0
2024-08-02,347700,스피어,KOSDAQ,2990.0,9316370570.0,226.08695652173913,269.89966555183946,2025-05-07,9750.0
2024-08-06,185750,종근당,KOSPI,112913.0,19140108456.0,-30.300319715178947,10.151178340846489,2025-05-09,78700.0
2024-08-07,145020,휴젤,KOSDAQ,255000.0,88966695000.0,34.50980392156864,47.058823529411775,2025-05-12,343000.0
2024-08-08,005250,녹십자홀딩스,KOSPI,16290.0,11096552520.0,-15.960712093308782,13.505217925107438,2025-05-13,13690.0
2024-08-09,086900,메디톡스,KOSDAQ,190100.0,123347715700.0,-11.520252498684902,14.676486059968429,2025-05-14,168200.0
2024-08-12,009450,경동나비엔,KOSPI,66000.0,23301630000.0,17.727272727272727,63.18181818181819,2025-05-15,77700.0
2024-08-16,086900,메디톡스,KOSDAQ,201000.0,40845612000.0,-16.865671641791046,8.457711442786064,2025-05-20,167100.0
2024-08-20,006360,GS건설,KOSPI,20700.0,36578349000.0,-8.067632850241546,5.072463768115942,2025-05-22,19030.0
2024-08-21,006280,녹십자,KOSPI,164000.0,50836228000.0,-23.109756097560975,10.853658536585375,2025-05-23,126100.0
2024-08-22,079160,CJ CGV,KOSPI,6550.0,15467569550.0,-30.458015267175576,13.435114503816802,2025-05-26,4555.0
2024-08-23,298380,에이비엘바이오,KOSDAQ,31500.0,45852754500.0,162.22222222222223,166.66666666666666,2025-05-27,82600.0
2024-08-26,397030,에이프릴바이오,KOSDAQ,24450.0,197507809050.0,-32.71983640081799,5.9304703476482645,2025-05-28,16450.0
2024-08-28,003850,보령,KOSPI,11510.0,8640476430.0,-24.06602953953084,11.815812337098187,2025-05-30,8740.0
2024-08-30,003850,보령,KOSPI,11850.0,6721462200.0,-27.004219409282705,8.607594936708862,2025-06-04,8650.0
2024-09-03,004000,롯데정밀화학,KOSPI,50600.0,8871394400.0,-24.703557312252965,1.1857707509881354,2025-06-09,38100.0
2024-09-05,005440,현대지에프홀딩스,KOSPI,5050.0,6336199650.0,57.22772277227723,68.11881188118811,2025-06-11,7940.0
2024-09-06,226950,올릭스,KOSDAQ,17060.0,11635585340.0,175.49824150058618,275.1465416178195,2025-06-12,47000.0
2024-09-09,000240,한국앤컴퍼니,KOSPI,17930.0,7841811010.0,2.5097601784718426,22.141662018962638,2025-06-13,18380.0
2024-09-10,389470,인벤티지랩,KOSDAQ,18890.0,184689872360.0,130.28057173107464,222.92218104817363,2025-06-16,43500.0
2024-09-12,388720,유일로보틱스,KOSDAQ,33000.0,17234382000.0,121.81818181818183,208.78787878787878,2025-06-18,73200.0
2024-09-13,226950,올릭스,KOSDAQ,18890.0,11624207070.0,117.04605611434621,238.80359978824774,2025-06-19,41000.0
2024-09-19,001740,SK네트웍스,KOSPI,5500.0,9217059500.0,-20.36363636363636,0.1818181818181719,2025-06-20,4380.0
2024-09-20,124500,아이티센글로벌,KOSDAQ,5720.0,23287761640.0,437.5874125874126,468.1818181818182,2025-06-23,30750.0
2024-09-24,082270,젬백스,KOSDAQ,17830.0,49611172650.0,252.77621985417835,307.7397644419517,2025-06-25,62900.0
2024-09-25,180640,한진칼,KOSPI,87900.0,27989557500.0,38.45278725824801,87.71331058020478,2025-06-26,121700.0
2024-09-26,347850,디앤디파마텍,KOSDAQ,10760.0,39514991720.0,185.36245353159853,260.0185873605948,2025-06-27,30705.0
2024-09-27,032350,롯데관광개발,KOSPI,10200.0,17531821200.0,73.92156862745098,75.49019607843137,2025-06-30,17740.0
2024-10-04,124500,아이티센글로벌,KOSDAQ,7290.0,6588279180.0,232.6474622770919,352.6748971193416,2025-07-03,24250.0
2024-10-07,036570,NC,KOSPI,224500.0,78385746500.0,-7.795100222717144,10.46770601336302,2025-07-04,207000.0
2024-10-08,226950,올릭스,KOSDAQ,21600.0,37440057600.0,79.86111111111111,196.29629629629628,2025-07-07,38850.0
2024-10-10,009420,한올바이오파마,KOSPI,42700.0,181043089500.0,-41.10070257611241,21.779859484777518,2025-07-08,25150.0
2024-10-11,226950,올릭스,KOSDAQ,26900.0,64249896800.0,41.44981412639406,137.9182156133829,2025-07-09,38050.0
2024-10-14,347700,스피어,KOSDAQ,3975.0,9891580800.0,156.60377358490564,187.79874213836476,2025-07-10,10200.0
2024-10-15,140860,파크시스템스,KOSDAQ,202500.0,23937930000.0,48.39506172839507,52.8395061728395,2025-07-11,300500.0
2024-10-16,012330,현대모비스,KOSPI,241500.0,150742368000.0,30.22774327122153,31.677018633540378,2025-07-14,314500.0
2024-10-17,352820,하이브,KOSPI,192100.0,84916268200.0,41.07235814679855,68.14159292035397,2025-07-15,271000.0
2024-10-18,008930,한미사이언스,KOSPI,36350.0,70249464750.0,33.42503438789546,44.429160935350765,2025-07-16,48500.0
2024-10-21,052020,에스티큐브,KOSDAQ,6416.0,8921961280.0,16.115960099750627,63.185785536159614,2025-07-17,7450.0
2024-10-22,122870,와이지엔터테인먼트,KOSDAQ,40500.0,32721610500.0,109.6296296296296,139.25925925925924,2025-07-18,84900.0
2024-10-24,083650,비에이치아이,KOSDAQ,11600.0,91536771600.0,209.05172413793105,310.3448275862069,2025-07-22,35850.0
2024-10-28,376300,디어유,KOSDAQ,29800.0,75541063000.0,69.12751677852349,112.08053691275168,2025-07-24,50400.0
2024-10-29,026960,동서,KOSPI,23550.0,96618749850.0,31.21019108280254,36.730360934182585,2025-07-25,30900.0
2024-10-30,122640,예스티,KOSDAQ,22000.0,20518344000.0,-19.999999999999996,2.0454545454545503,2025-07-28,17600.0
2024-10-31,214430,아이쓰리시스템,KOSDAQ,38500.0,5701080000.0,204.15584415584416,223.63636363636363,2025-07-29,117100.0
2024-11-01,122870,와이지엔터테인먼트,KOSDAQ,41600.0,40833270400.0,93.02884615384615,132.9326923076923,2025-07-30,80300.0
2024-11-04,053800,안랩,KOSDAQ,61200.0,7319581200.0,4.575163398692816,90.68627450980394,2025-07-31,64000.0
2024-11-05,253450,스튜디오드래곤,KOSDAQ,43800.0,11928185400.0,2.2831050228310446,30.136986301369873,2025-08-01,44800.0
2024-11-06,112040,위메이드,KOSDAQ,42500.0,93248102500.0,-27.17647058823529,11.64705882352941,2025-08-04,30950.0
2024-11-08,017800,현대엘리베이터,KOSPI,50800.0,26840434000.0,60.82677165354331,80.70866141732283,2025-08-06,81700.0
2024-11-11,030200,KT,KOSPI,44400.0,119306618400.0,22.297297297297302,33.33333333333333,2025-08-07,54300.0
2024-11-12,083650,비에이치아이,KOSDAQ,15040.0,178161268160.0,184.24202127659575,216.48936170212764,2025-08-08,42750.0
2024-11-13,253450,스튜디오드래곤,KOSDAQ,42450.0,9088120500.0,13.780918727915203,34.275618374558306,2025-08-11,48300.0
2024-11-14,112040,위메이드,KOSDAQ,41850.0,21450301200.0,-26.881720430107524,13.381123058542421,2025-08-12,30600.0
2024-11-15,267270,HD건설기계,KOSPI,64800.0,52775841600.0,56.32716049382716,71.2962962962963,2025-08-13,101300.0
2024-11-18,100840,SNT에너지,KOSPI,15710.0,17270804210.0,217.63208147676642,260.2800763844685,2025-08-14,49900.0
2024-11-19,100840,SNT에너지,KOSPI,17290.0,43409570750.0,179.93059572006942,227.35685367264313,2025-08-18,48400.0
2024-11-20,214370,케어젠,KOSDAQ,20950.0,14395897250.0,122.91169451073985,204.5346062052506,2025-08-19,46700.0
2024-11-21,214370,케어젠,KOSDAQ,23000.0,11587193000.0,102.39130434782608,177.3913043478261,2025-08-20,46550.0
2024-11-22,097230,HJ중공업,KOSPI,3930.0,13402872000.0,258.26972010178116,308.14249363867685,2025-08-21,14080.0
2024-11-25,097230,HJ중공업,KOSPI,4345.0,14316362225.0,221.97928653624857,269.15995397008055,2025-08-22,13990.0
2024-11-26,267270,HD건설기계,KOSPI,66200.0,40775161800.0,36.253776435045324,67.67371601208458,2025-08-25,90200.0
2024-11-27,097230,HJ중공업,KOSPI,4665.0,23414866560.0,195.81993569131834,243.83708467309754,2025-08-26,13800.0
2024-11-29,027360,아주IB투자,KOSDAQ,2810.0,97556211530.0,-21.352313167259783,19.928825622775804,2025-08-28,2210.0
2024-12-02,377300,카카오페이,KOSPI,26800.0,58451577200.0,123.13432835820896,325.3731343283582,2025-08-29,59800.0
2024-12-03,138930,BNK금융지주,KOSPI,11880.0,43388943840.0,22.72727272727273,35.1010101010101,2025-09-01,14580.0
2024-12-04,377300,카카오페이,KOSPI,32950.0,247921368550.0,75.41729893778452,245.97875569044007,2025-09-02,57800.0
2024-12-05,003530,한화투자증권,KOSPI,4275.0,244861966575.0,26.315789473684205,75.20467836257309,2025-09-03,5400.0
2024-12-06,052400,코나아이,KOSDAQ,21000.0,56659827000.0,147.61904761904762,309.5238095238095,2025-09-04,52000.0
2024-12-09,052400,코나아이,KOSDAQ,26450.0,85410594300.0,92.81663516068053,225.14177693761815,2025-09-05,51000.0
2024-12-11,060250,NHN KCP,KOSDAQ,8610.0,8013111750.0,49.59349593495934,126.94541231126597,2025-09-09,12880.0
2024-12-13,102940,코오롱생명과학,KOSDAQ,25000.0,11884900000.0,35.400000000000006,57.60000000000001,2025-09-11,33850.0
2024-12-18,097230,HJ중공업,KOSPI,5390.0,30327276980.0,513.1725417439703,537.2912801484231,2025-09-16,33050.0
2024-12-19,075580,세진중공업,KOSPI,8490.0,9576550200.0,184.45229681978796,222.7326266195524,2025-09-17,24150.0
2024-12-20,097230,HJ중공업,KOSPI,5850.0,52970211450.0,395.7264957264957,487.1794871794871,2025-09-18,29000.0
2024-12-23,095340,ISC,KOSDAQ,69300.0,28350837900.0,10.678210678210686,16.45021645021645,2025-09-19,76700.0
2024-12-24,348340,뉴로메카,KOSDAQ,26450.0,51006285800.0,3.2136105860113506,39.50850661625709,2025-09-22,27300.0
2024-12-26,160190,하이젠알앤엠,KOSDAQ,12760.0,135018230160.0,262.8526645768025,298.9028213166144,2025-09-23,46300.0
2024-12-30,052020,에스티큐브,KOSDAQ,8540.0,5286798020.0,-15.10538641686182,22.599531615925052,2025-09-25,7250.0
2025-01-02,082920,비츠로셀,KOSDAQ,11683.0,10008183535.0,26.996490627407344,49.02850295300865,2025-09-26,14837.0
2025-01-03,347850,디앤디파마텍,KOSDAQ,14889.0,77361427542.0,244.55638390758278,302.5455033917657,2025-09-29,51301.0
2025-01-06,368770,파이버프로,KOSDAQ,6060.0,87595942560.0,-1.980198019801982,42.73927392739274,2025-09-30,5940.0
2025-01-07,018880,한온시스템,KOSPI,4103.0,24362022036.0,-30.80672678527906,9.0665366804777,2025-10-01,2839.0
2025-01-09,090360,로보스타,KOSDAQ,27350.0,39885462250.0,71.2979890310786,100.0,2025-10-10,46850.0
2025-01-10,322000,HD현대에너지솔루션,KOSPI,26350.0,36102714700.0,71.5370018975332,122.77039848197342,2025-10-13,45200.0
2025-01-13,058610,에스피지,KOSDAQ,29000.0,51623016000.0,1.551724137931032,23.10344827586206,2025-10-14,29450.0
2025-01-14,204320,HL만도,KOSPI,44850.0,24996385050.0,-26.198439241917505,4.793756967670015,2025-10-15,33100.0
2025-01-15,011200,HMM,KOSPI,19800.0,96363491400.0,5.808080808080818,32.57575757575757,2025-10-16,20950.0
2025-01-16,192820,코스맥스,KOSPI,166800.0,35858330400.0,19.544364508393276,72.06235011990407,2025-10-17,199400.0
2025-01-21,353200,대덕전자,KOSPI,18980.0,61755814380.0,65.4373024236038,98.10326659641728,2025-10-22,31400.0
2025-01-22,032500,케이엠더블유,KOSDAQ,9730.0,6136672080.0,35.457348406988686,58.78725590955807,2025-10-23,13180.0
2025-01-23,218410,RFHIC,KOSDAQ,16090.0,19134276270.0,67.8060907395898,103.54257302672467,2025-10-24,27000.0
2025-01-31,058610,에스피지,KOSDAQ,31300.0,106988783600.0,0.7987220447284393,14.057507987220452,2025-10-28,31550.0
2025-02-05,018670,SK가스,KOSPI,234500.0,11021031000.0,11.087420042643913,27.931769722814504,2025-10-31,260500.0
2025-02-06,375500,DL이앤씨,KOSPI,35150.0,22078980400.0,19.63015647226174,69.84352773826458,2025-11-03,42050.0
2025-02-07,090710,휴림로봇,KOSDAQ,1972.0,125535333052.0,271.7038539553752,284.3813387423935,2025-11-04,7330.0
2025-02-10,131970,두산테스나,KOSDAQ,37900.0,63553031900.0,25.197889182058052,46.174142480211074,2025-11-05,47450.0
2025-02-11,000880,한화,KOSPI,32500.0,31451062500.0,183.3846153846154,249.23076923076923,2025-11-06,92100.0
2025-02-12,003570,SNT다이내믹스,KOSPI,28700.0,23340303700.0,66.02787456445994,166.20209059233449,2025-11-07,47650.0
2025-02-14,195870,해성디에스,KOSPI,30300.0,32773298100.0,84.15841584158417,92.07920792079207,2025-11-11,55800.0
2025-02-17,281740,레이크머티리얼즈,KOSDAQ,17510.0,62928978880.0,-17.81838949171902,16.50485436893203,2025-11-12,14390.0
2025-02-18,089970,브이엠,KOSDAQ,9730.0,9221237760.0,166.18705035971223,182.63103802672148,2025-11-13,25900.0
2025-02-19,089890,코세스,KOSDAQ,9320.0,16653283560.0,236.90987124463518,249.78540772532187,2025-11-14,31400.0
2025-02-24,094170,동운아나텍,KOSDAQ,21400.0,5746777400.0,-5.1401869158878455,11.91588785046729,2025-11-19,20300.0
2025-02-25,033500,동성화인텍,KOSDAQ,23900.0,48611070400.0,16.736401673640167,43.51464435146444,2025-11-20,27900.0
2025-02-26,018880,한온시스템,KOSPI,4433.0,21999462914.0,-20.25716219264606,3.8799909767651686,2025-11-21,3535.0
2025-02-27,278470,에이피알,KOSPI,60100.0,249084510100.0,311.8136439267887,365.05823627287856,2025-11-24,247500.0
2025-03-04,298380,에이비엘바이오,KOSDAQ,42350.0,68233811800.0,309.44510035419125,361.62927981109794,2025-11-26,173400.0
2025-03-05,011210,현대위아,KOSPI,44000.0,8228880000.0,33.86363636363636,37.5,2025-11-27,58900.0
2025-03-07,004170,신세계,KOSPI,160500.0,17573626500.0,45.79439252336448,46.728971962616825,2025-12-01,234000.0
2025-03-10,000880,한화,KOSPI,52300.0,119144211600.0,53.53728489483747,117.0172084130019,2025-12-02,80300.0
2025-03-11,102940,코오롱생명과학,KOSDAQ,34850.0,5821030350.0,58.967001434720224,77.04447632711621,2025-12-03,55400.0
2025-03-12,102940,코오롱생명과학,KOSDAQ,36700.0,7663730700.0,51.22615803814714,68.11989100817439,2025-12-04,55500.0
2025-03-13,002020,코오롱,KOSPI,21500.0,10597780000.0,137.67441860465115,196.74418604651166,2025-12-05,51100.0
2025-03-14,033500,동성화인텍,KOSDAQ,24750.0,17301314250.0,2.8282828282828243,38.58585858585859,2025-12-08,25450.0
2025-03-19,089970,브이엠,KOSDAQ,10860.0,10118392320.0,168.87661141804787,190.05524861878453,2025-12-11,29200.0
2025-03-21,067310,하나마이크론,KOSDAQ,13480.0,156503905360.0,78.04154302670622,130.7121661721068,2025-12-15,24000.0
2025-03-26,089970,브이엠,KOSDAQ,12120.0,10942105680.0,141.33663366336634,159.9009900990099,2025-12-18,29250.0
2025-03-31,466100,클로봇,KOSDAQ,19560.0,100862313600.0,237.93456032719837,269.6319018404908,2025-12-23,66100.0
2025-04-03,086900,메디톡스,KOSDAQ,149400.0,24126307200.0,-19.477911646586342,22.289156626506035,2025-12-29,120300.0
2025-04-04,053800,안랩,KOSDAQ,93900.0,171113031000.0,-35.99574014909478,24.281150159744413,2025-12-30,60100.0
2025-04-11,017800,현대엘리베이터,KOSPI,62800.0,39057204000.0,37.261146496815286,51.27388535031847,2026-01-08,86200.0
2025-04-16,007340,DN오토모티브,KOSPI,24150.0,10447797150.0,-0.6211180124223614,30.848861283643902,2026-01-13,24000.0
2025-04-18,004170,신세계,KOSPI,153900.0,6087360600.0,81.93632228719947,86.80961663417803,2026-01-15,280000.0
2025-04-21,100790,미래에셋벤처투자,KOSDAQ,5560.0,7855746240.0,130.3956834532374,299.28057553956836,2026-01-16,12810.0
2025-04-22,011930,신성이엔지,KOSPI,15960.0,84874976760.0,0.06265664160400863,30.325814536340843,2026-01-19,15970.0
2025-04-24,009830,한화솔루션,KOSPI,27100.0,246624850800.0,0.5535055350553542,50.3690036900369,2026-01-21,27250.0
2025-04-28,008770,호텔신라,KOSPI,44100.0,54898414200.0,4.9886621315192725,32.426303854875286,2026-01-23,46300.0
2025-04-29,139130,iM금융지주,KOSPI,10190.0,20941540330.0,41.11874386653582,56.62414131501472,2026-01-26,14380.0
2025-04-30,006800,미래에셋증권,KOSPI,11798.0,74882389718.0,193.685370401763,199.5931513815901,2026-01-27,34649.0
2025-05-02,347850,디앤디파마텍,KOSDAQ,18868.0,52085434756.0,426.28789484842065,502.60758956964173,2026-01-28,99300.0
2025-05-07,059090,미코,KOSDAQ,11060.0,7043561000.0,53.0741410488246,59.3128390596745,2026-01-29,16930.0
2025-05-08,192820,코스맥스,KOSPI,196100.0,51072676200.0,3.2636409994900584,46.353901070882195,2026-01-30,202500.0
2025-05-09,251270,넷마블,KOSPI,51500.0,46353553500.0,-1.553398058252431,33.98058252427185,2026-02-02,50700.0
2025-05-12,064760,티씨케이,KOSDAQ,94200.0,7370113800.0,135.1380042462845,163.80042462845012,2026-02-03,221500.0
2025-05-13,096530,씨젠,KOSDAQ,29500.0,32230697000.0,-8.135593220338988,24.237288135593225,2026-02-04,27100.0
2025-05-14,008930,한미사이언스,KOSPI,32600.0,19642086800.0,41.10429447852761,61.963190184049076,2026-02-05,46000.0
2025-05-16,102710,이엔에프테크놀로지,KOSDAQ,28700.0,5930309700.0,103.83275261324042,122.9965156794425,2026-02-09,58500.0
2025-05-19,008770,호텔신라,KOSPI,46400.0,23302590400.0,14.008620689655181,25.86206896551724,2026-02-10,52900.0
2025-05-20,290650,엘앤씨바이오,KOSDAQ,24850.0,15581968850.0,275.85513078470825,292.35412474849096,2026-02-11,93400.0
2025-05-21,290650,엘앤씨바이오,KOSDAQ,29150.0,31024170100.0,218.35334476843911,234.47684391080617,2026-02-12,92800.0
2025-05-22,096530,씨젠,KOSDAQ,34450.0,138326602700.0,-20.464441219158203,3.6284470246734424,2026-02-13,27400.0
2025-05-23,241710,코스메카코리아,KOSDAQ,53500.0,21585110000.0,86.72897196261682,98.87850467289721,2026-02-19,99900.0
2025-05-26,032830,삼성생명,KOSPI,99300.0,55814544000.0,120.54380664652568,128.09667673716012,2026-02-20,219000.0
2025-05-27,006730,서부T&D,KOSDAQ,7660.0,12752490560.0,125.97911227154049,166.97127937336816,2026-02-23,17310.0
2025-05-29,001510,SK증권,KOSPI,1165.0,15526332460.0,210.47210300429185,251.41630901287556,2026-02-25,3617.0
2025-05-30,218410,RFHIC,KOSDAQ,19660.0,28513782700.0,191.45473041709056,231.63784333672433,2026-02-26,57300.0
2025-06-02,214430,아이쓰리시스템,KOSDAQ,83000.0,12342847000.0,27.108433734939762,66.14457831325302,2026-02-27,105500.0
2025-06-04,100790,미래에셋벤처투자,KOSDAQ,6100.0,14675794800.0,261.4754098360656,350.0,2026-03-03,22050.0
2025-06-05,009240,한샘,KOSPI,45250.0,6474732000.0,-9.392265193370164,21.1049723756906,2026-03-04,41000.0
2025-06-09,060250,NHN KCP,KOSDAQ,9100.0,18640740300.0,118.46153846153844,180.2197802197802,2026-03-05,19880.0
2025-06-10,085660,차바이오텍,KOSDAQ,11600.0,15679116800.0,70.6896551724138,106.46551724137932,2026-03-06,19800.0
2025-06-11,064760,티씨케이,KOSDAQ,101900.0,7760602100.0,121.78606476938177,157.11481844946027,2026-03-09,226000.0
2025-06-12,225570,넥슨게임즈,KOSDAQ,15240.0,34286662440.0,-27.55905511811023,20.866141732283474,2026-03-10,11040.0
2025-06-13,010950,S-Oil,KOSPI,63700.0,142042018300.0,79.90580847723704,178.02197802197801,2026-03-11,114600.0
2025-06-16,033100,제룡전기,KOSDAQ,39800.0,65190648800.0,23.241206030150764,76.13065326633166,2026-03-12,49050.0
2025-06-18,033640,네패스,KOSDAQ,11440.0,18780578960.0,46.328671328671334,77.01048951048952,2026-03-16,16740.0
2025-06-19,319400,현대무벡스,KOSDAQ,4825.0,27724652650.0,531.0880829015545,944.5595854922279,2026-03-17,30450.0
2025-06-20,302440,SK바이오사이언스,KOSPI,51300.0,63270649800.0,-15.204678362573098,19.49317738791423,2026-03-18,43500.0
2025-06-23,112040,위메이드,KOSDAQ,43000.0,42153029000.0,-48.6046511627907,-2.7906976744186074,2026-03-19,22100.0
2025-06-24,120110,코오롱인더,KOSPI,39150.0,41394508650.0,79.05491698595146,92.33716475095785,2026-03-20,70100.0
2025-06-25,085660,차바이오텍,KOSDAQ,11990.0,21282657660.0,51.45954962468724,99.74979149291076,2026-03-23,18160.0
2025-06-27,103590,일진전기,KOSPI,37600.0,184027372000.0,111.43617021276597,160.63829787234042,2026-03-25,79500.0
2025-06-30,023160,태광,KOSDAQ,21100.0,11451666300.0,65.87677725118483,82.22748815165876,2026-03-26,35000.0
2025-07-01,005300,롯데칠성,KOSPI,126600.0,6068064600.0,-6.872037914691942,22.274881516587676,2026-03-27,117900.0
2025-07-03,036810,에프에스티,KOSDAQ,21023.0,10151144757.0,73.6193692622366,142.59144746230322,2026-03-31,36500.0
2025-07-07,006730,서부T&D,KOSDAQ,9920.0,21503613760.0,30.443548387096776,106.1491935483871,2026-04-02,12940.0
2025-07-08,010170,대한광통신,KOSDAQ,1009.0,7963975451.0,1162.6362735381565,1198.3151635282456,2026-04-03,12740.0
2025-07-10,310210,보로노이,KOSDAQ,124900.0,21575725600.0,118.57485988791035,200.64051240992794,2026-04-07,273000.0
2025-07-11,089890,코세스,KOSDAQ,8160.0,9378891840.0,174.50980392156862,299.5098039215686,2026-04-08,22400.0
2025-07-14,214370,케어젠,KOSDAQ,43000.0,30777250000.0,96.04651162790698,257.6744186046512,2026-04-09,84300.0
2025-07-17,006280,녹십자,KOSPI,142800.0,22905834000.0,0.8403361344537785,28.711484593837543,2026-04-14,144000.0
2025-07-18,178920,PI첨단소재,KOSPI,21400.0,22508862400.0,11.682242990654213,30.373831775700943,2026-04-15,23900.0
2025-07-21,020150,롯데에너지머티리얼즈,KOSPI,26450.0,13579033250.0,84.68809073724009,93.95085066162572,2026-04-16,48850.0
2025-07-22,090460,비에이치,KOSPI,16600.0,242169033600.0,89.1566265060241,93.67469879518073,2026-04-17,31400.0
2025-07-23,089890,코세스,KOSDAQ,9500.0,14710161000.0,267.36842105263156,284.2105263157895,2026-04-20,34900.0
2025-07-24,267270,HD건설기계,KOSPI,94600.0,153566355800.0,86.25792811839324,88.16067653276956,2026-04-21,176200.0
2025-07-28,281820,케이씨텍,KOSPI,29600.0,8866946400.0,93.24324324324324,97.2972972972973,2026-04-23,57200.0
2025-07-30,353200,대덕전자,KOSPI,23800.0,169023411200.0,357.1428571428571,387.39495798319325,2026-04-27,108800.0
2025-08-04,089890,코세스,KOSDAQ,11140.0,6178945820.0,325.4937163375224,346.14003590664277,2026-04-30,47400.0
2025-08-05,457190,이수스페셜티케미컬,KOSPI,46200.0,29448804000.0,167.5324675324675,185.28138528138527,2026-05-04,123600.0
2025-08-06,457190,이수스페셜티케미컬,KOSPI,51100.0,100732561300.0,138.35616438356166,157.9256360078278,2026-05-06,121800.0
2025-08-08,240810,원익IPS,KOSDAQ,35850.0,87176946900.0,270.7112970711297,298.88423988842396,2026-05-08,132900.0
2025-08-11,005070,코스모신소재,KOSPI,47300.0,94362979700.0,27.906976744186053,40.380549682875255,2026-05-11,60500.0
2025-08-12,023160,태광,KOSDAQ,25000.0,69517775000.0,49.4,105.2,2026-05-12,37350.0
2025-08-13,064760,티씨케이,KOSDAQ,115200.0,12334464000.0,190.79861111111111,194.27083333333334,2026-05-13,335000.0
2025-08-14,077970,STX엔진,KOSPI,36300.0,173447716200.0,31.54269972451791,86.50137741046832,2026-05-14,47750.0
2025-08-18,126340,비나텍,KOSDAQ,35903.0,17201809457.0,331.9973261287358,469.59028493440655,2026-05-15,155100.0
2025-08-19,137400,피엔티,KOSDAQ,39800.0,27907959000.0,18.341708542713576,55.77889447236182,2026-05-18,47100.0
2025-08-21,457190,이수스페셜티케미컬,KOSPI,48100.0,20547261800.0,89.81288981288982,174.012474012474,2026-05-20,91300.0
2025-08-22,195940,HK이노엔,KOSDAQ,47600.0,40678912400.0,-6.4075630252100835,23.109243697479,2026-05-21,44550.0
