rule,type,train_n,train_hit,train_lift,test_n,test_hit,test_lift,test_mean_peak,passes_oos,target,feat,direction,cut
cup_and_handle_detected AND past_60>=30 AND rs<=0.95,combo3,89,0.8651685393258427,1.2217420251021265,51,0.9803921568627451,1.3580338032327108,63.50478986671258,True,hit_10,,,
cup_and_handle_detected AND chart=persistent_uptrend AND rs<=0.95,combo3,82,0.8658536585365854,1.222709511659857,43,0.9767441860465116,1.3529806541974263,68.33800865726485,True,hit_10,,,
new_high_240 AND KOSDAQ AND marcap200~500bn,combo3,179,0.8547486033519553,1.207027581500084,35,0.9428571428571428,1.3060405090518012,82.55420645677819,True,hit_10,,,
KOSDAQ AND chart=new_high_240 AND marcap200~500bn,combo3,179,0.8547486033519553,1.207027581500084,35,0.9428571428571428,1.3060405090518012,82.55420645677819,True,hit_10,,,
new_high_252 AND KOSDAQ AND marcap200~500bn,combo3,177,0.8531073446327684,1.204709888865469,34,0.9411764705882353,1.3037124511034024,84.12625730515579,True,hit_10,,,
past_60>=30 AND pos252_top10 AND rs<=0.95,combo3,80,0.8625,1.217973664959766,41,0.926829268292683,1.283838785690241,62.563343698585946,True,hit_10,,,
past_120>=50 AND slope60>=1 AND marcap<=200bn,combo3,169,0.8520710059171598,1.2032464300091332,39,0.9230769230769231,1.2786410578129523,80.80006857112816,True,hit_10,,,
s10>=70 AND KOSDAQ AND marcap<=200bn,combo3,107,0.8598130841121495,1.2141793544770252,56,0.9107142857142857,1.2615164007886717,183.2789133045032,True,hit_10,,,
s8>=90 AND new_high_240 AND KOSDAQ,combo3,254,0.8700787401574803,1.2286759326993417,93,0.8709677419354839,1.2064597077751245,87.25751460009764,True,hit_10,,,
s8>=90 AND KOSDAQ AND chart=new_high_240,combo3,254,0.8700787401574803,1.2286759326993417,93,0.8709677419354839,1.2064597077751245,87.25751460009764,True,hit_10,,,
s8>=90 AND new_high_252 AND KOSDAQ,combo3,252,0.8690476190476191,1.2272198418504199,92,0.8695652173913043,1.2045169385194479,87.88961282822979,True,hit_10,,,
KOSDAQ AND chart=pullback_recovery AND marcap200~500bn,combo3,90,0.9,1.270929041697147,38,0.868421052631579,1.2029320478108696,62.466871907650535,True,hit_10,,,
KOSDAQ AND rs>=1.1 AND price_low<=5000won,combo3,89,0.8539325842696629,1.2058752455553454,38,0.868421052631579,1.2029320478108696,273.8847348728421,True,hit_10,,,
s8>=70 AND new_high_240 AND KOSDAQ,combo3,314,0.8662420382165605,1.2232579594537296,110,0.8636363636363636,1.1963043230295425,93.16436415824398,True,hit_10,,,
s8>=70 AND KOSDAQ AND chart=new_high_240,combo3,314,0.8662420382165605,1.2232579594537296,110,0.8636363636363636,1.1963043230295425,93.16436415824398,True,hit_10,,,
s8>=70 AND new_high_252 AND KOSDAQ,combo3,312,0.8653846153846154,1.2220471554780261,109,0.8623853211009175,1.1945713858160762,93.75206953940274,True,hit_10,,,
s6>=70 AND rs>=1.1,combo2,83,0.927710843373494,1.3100607257119186,58,0.8620689655172413,1.1941331718080732,151.4311908669473,True,hit_10,,,
s6>=70 AND s4>=75 AND rs>=1.1,combo3,83,0.927710843373494,1.3100607257119186,58,0.8620689655172413,1.1941331718080732,151.4311908669473,True,hit_10,,,
new_high_240 AND KOSDAQ AND rs>=1.1,combo3,258,0.8527131782945736,1.204153269480501,104,0.8557692307692307,1.1854068140140912,94.47927947701663,True,hit_10,,,
KOSDAQ AND chart=new_high_240 AND rs>=1.1,combo3,258,0.8527131782945736,1.204153269480501,104,0.8557692307692307,1.1854068140140912,94.47927947701663,True,hit_10,,,
new_high_252 AND KOSDAQ AND rs>=1.1,combo3,258,0.8527131782945736,1.204153269480501,103,0.8543689320388349,1.1834671279433797,95.11398629124068,True,hit_10,,,
KOSDAQ AND past_60>=30 AND marcap200~500bn,combo3,220,0.8681818181818182,1.225997206889672,110,0.8454545454545455,1.1711189688604995,118.91911600015895,True,hit_10,,,
s3>=70 AND past_120>=50 AND marcap<=200bn,combo3,150,0.88,1.242686174103877,31,0.8387096774193549,1.1617760148945642,65.8664329146902,True,hit_10,,,
KOSDAQ AND past_120>=50 AND marcap200~500bn,combo3,183,0.8579234972677595,1.2115109869244207,66,0.8333333333333334,1.1543287327478042,148.05647749359144,True,hit_10,,,
s8>=70 AND past_120>=50 AND marcap<=200bn,combo3,167,0.8682634730538922,1.2261125152766887,36,0.8333333333333334,1.1543287327478042,80.4229727784689,True,hit_10,,,
s8>=90 AND KOSDAQ AND past_120>=50,combo3,194,0.865979381443299,1.2228870504302447,123,0.8292682926829268,1.1486978608807417,101.75841779132762,True,hit_10,,,
s5>=70 AND past_120>=50 AND marcap<=200bn,combo3,156,0.8653846153846154,1.2220471554780261,41,0.8292682926829268,1.1486978608807417,71.80825213419436,True,hit_10,,,
s8>=90 AND past_120>=50 AND marcap<=200bn,combo3,137,0.8540145985401459,1.205991061464446,33,0.8181818181818182,1.133340937606935,80.15652678822146,True,hit_10,,,
s2>=70 AND past_120>=50 AND marcap<=200bn,combo3,174,0.867816091954023,1.225480749018322,38,0.8157894736842105,1.1300270752162715,71.53019621030244,True,hit_10,,,
s1>=70 AND s8>=90 AND marcap>3000bn,combo3,97,0.8556701030927835,1.208328871258456,70,0.8142857142857143,1.127944075999283,46.826358774126305,True,hit_10,,,
new_high_240 AND KOSDAQ AND past_120>=50,combo3,198,0.8737373737373737,1.2338424478878027,85,0.8,1.108155583437892,93.629230846991,True,hit_10,,,
KOSDAQ AND chart=new_high_240 AND past_120>=50,combo3,198,0.8737373737373737,1.2338424478878027,85,0.8,1.108155583437892,93.629230846991,True,hit_10,,,
s2>=90 AND past_120>=50 AND marcap<=200bn,combo3,151,0.8807947019867549,1.2438084072532785,30,0.8,1.108155583437892,85.26849443502859,True,hit_10,,,
new_high_252 AND KOSDAQ AND past_120>=50,combo3,198,0.8737373737373737,1.2338424478878027,84,0.7976190476190477,1.104857501344327,94.3973826712178,False,hit_10,,,
new_high_240 AND KOSDAQ AND turnover_hot>=5pct,combo3,334,0.8592814371257484,1.213428592704861,120,0.7916666666666666,1.0966122961104139,92.95298314380229,False,hit_10,,,
KOSDAQ AND chart=new_high_240 AND turnover_hot>=5pct,combo3,334,0.8592814371257484,1.213428592704861,120,0.7916666666666666,1.0966122961104139,92.95298314380229,False,hit_10,,,
chart=box_breakout AND marcap<=200bn AND price_low<=5000won,combo3,118,0.8813559322033898,1.2446009447881665,43,0.7906976744186046,1.0952700533979165,72.81950044456325,False,hit_10,,,
new_high_252 AND KOSDAQ AND turnover_hot>=5pct,combo3,332,0.858433734939759,1.2122315156749897,119,0.7899159663865546,1.0941872357474984,93.48952520709526,False,hit_10,,,
s2>=70 AND KOSDAQ AND past_120>=50,combo3,298,0.8557046979865772,1.2083777242086968,158,0.7848101265822784,1.0871146546384383,103.11248543637718,False,hit_10,,,
new_high_120 AND KOSDAQ AND past_120>=50,combo3,205,0.8780487804878049,1.2399307723874606,96,0.78125,1.0821831869510665,99.40620890398765,False,hit_10,,,
KOSDAQ AND chart=persistent_uptrend AND marcap200~500bn,combo3,110,0.8636363636363636,1.2195783733457473,59,0.7796610169491526,1.0799821364013356,98.94367122026912,False,hit_10,,,
s12>=80 AND new_high_120 AND price_low<=5000won,combo3,97,0.8556701030927835,1.208328871258456,45,0.7777777777777778,1.0773734838979505,59.97551665474184,False,hit_10,,,
s2>=70 AND KOSDAQ AND chart=persistent_uptrend,combo3,206,0.8543689320388349,1.2064914311688126,125,0.776,1.0749109159347554,107.49507660249527,False,hit_10,,,
is_first_pullback AND chart=box_breakout AND marcap<=200bn,combo3,91,0.9120879120879121,1.2879989067260464,58,0.7758620689655172,1.074719854627266,83.99915446210872,False,hit_10,,,
s3>=90 AND KOSDAQ AND past_60>=30,combo3,238,0.8781512605042017,1.240075488864163,165,0.7757575757575758,1.0745751112125013,92.70714585507899,False,hit_10,,,
s2>=90 AND KOSDAQ AND chart=persistent_uptrend,combo3,154,0.8896103896103896,1.2562574221681757,88,0.7727272727272727,1.0703775521843275,77.27299266281621,False,hit_10,,,
new_high_60 AND past_120>=50 AND marcap<=200bn,combo3,95,0.8631578947368421,1.218902706656913,35,0.7714285714285715,1.0685785983151102,79.58958040298644,False,hit_10,,,
s10>=70 AND KOSDAQ AND price_high>=50000won,combo3,94,0.851063829787234,1.2018241529051037,65,0.7692307692307693,1.065534214844127,75.89799042932314,False,hit_10,,,
s2>=90 AND KOSDAQ AND past_60>=30,combo3,276,0.8840579710144928,1.2484166110068595,186,0.7580645161290323,1.0500667826931638,80.33534096299023,False,hit_10,,,
s3>=90 AND KOSDAQ AND chart=persistent_uptrend,combo3,141,0.8794326241134752,1.2418849580019404,82,0.7560975609756098,1.0473421672736174,74.21211427095358,False,hit_10,,,
s3>=70 AND chart=box_breakout AND marcap<=200bn,combo3,106,0.8867924528301887,1.2522780913997047,65,0.7538461538461538,1.0442235305472445,62.7084474453179,False,hit_10,,,
s2>=90 AND new_high_240 AND KOSDAQ,combo3,200,0.875,1.2356254572055596,69,0.7536231884057971,1.0439146800501882,70.80914695635461,False,hit_10,,,
s2>=90 AND KOSDAQ AND chart=new_high_240,combo3,200,0.875,1.2356254572055596,69,0.7536231884057971,1.0439146800501882,70.80914695635461,False,hit_10,,,
s2>=90 AND new_high_252 AND KOSDAQ,combo3,199,0.8743718592964824,1.23473843246959,68,0.75,1.0388958594730238,71.4224509173019,False,hit_10,,,
s2>=90 AND KOSDAQ AND past_120>=50,combo3,201,0.900497512437811,1.2716316005925021,111,0.7477477477477478,1.035776052087219,99.93546122942325,False,hit_10,,,
new_high_60 AND KOSDAQ AND past_120>=50,combo3,226,0.8761061946902655,1.237187562714037,108,0.7407407407407407,1.0260699846647148,98.13177347365996,False,hit_10,,,
s1>=70 AND is_first_pullback AND marcap>3000bn,combo3,147,0.8843537414965986,1.248834281335065,86,0.7325581395348837,1.0147354906480697,68.7737728321355,False,hit_10,,,
s8>=70 AND chart=box_breakout AND marcap<=200bn,combo3,222,0.8603603603603603,1.2149521870077833,106,0.7264150943396226,1.0062261783575197,77.18512056346219,False,hit_10,,,
s8>=90 AND chart=box_breakout AND marcap<=200bn,combo3,206,0.8592233009708737,1.2133464961186355,105,0.7238095238095238,1.002616956443807,77.6424391720031,False,hit_10,,,
s1>=90 AND is_first_pullback AND marcap>3000bn,combo3,103,0.8737864077669902,1.2339116909681038,50,0.72,0.9973400250941028,45.24791096474676,False,hit_10,,,
is_first_pullback AND chart=sideways AND marcap200~500bn,combo3,153,0.8562091503267973,1.2090900832412945,107,0.719626168224299,0.996822195382216,32.164501802787065,False,hit_10,,,
KOSPI AND past_60>=30 AND marcap<=200bn,combo3,161,0.8819875776397516,1.2454929187094195,65,0.7076923076923077,0.9802914776565969,55.70757126321225,False,hit_10,,,
s3>=90 AND chart=persistent_uptrend AND marcap<=200bn,combo3,103,0.8640776699029126,1.2202015610684582,27,0.7037037037037037,0.9747664854314791,49.11117284745069,False,hit_10,,,
s1>=90 AND chart=box_breakout AND marcap<=200bn,combo3,124,0.9193548387096774,1.2982608490454728,65,0.6923076923076923,0.9589807933597142,48.131053401404124,False,hit_10,,,
is_first_pullback AND new_high_252 AND marcap200~500bn,combo3,202,0.8514851485148515,1.2024191153570367,39,0.6923076923076923,0.9589807933597142,40.78449228116604,False,hit_10,,,
s1>=70 AND chart=box_breakout AND marcap<=200bn,combo3,182,0.8516483516483516,1.2026495815815494,80,0.6875,0.9523212045169385,51.193353687629816,False,hit_10,,,
s1>=90 AND chart=box_breakout AND price_low<=5000won,combo3,94,0.851063829787234,1.2018241529051037,47,0.6808510638297872,0.9431111348407591,45.78093910218098,False,hit_10,,,
s3>=90 AND past_60>=30 AND marcap<=200bn,combo3,155,0.8580645161290322,1.2117101257757745,80,0.675,0.9350062735257214,54.287625989189756,False,hit_10,,,
s1>=90 AND is_first_pullback AND chart=sideways,combo3,211,0.8672985781990521,1.224749945395355,119,0.6638655462184874,0.9195828896175784,36.88428843833548,False,hit_10,,,
s1>=90 AND cup_and_handle_detected AND chart=sideways,combo3,210,0.861904761904762,1.217133103424252,123,0.6585365853658537,0.9122012424641185,50.03185708580283,False,hit_10,,,
s1>=90 AND s3>=70 AND chart=sideways,combo3,212,0.8537735849056604,1.2056507156560985,122,0.6557377049180327,0.9083242487195836,46.880620882982846,False,hit_10,,,
KOSPI AND chart=sideways AND marcap<=200bn,combo3,112,0.9375,1.3238844184345282,55,0.6181818181818182,0.856302041747462,34.184167290353656,False,hit_10,,,
is_first_pullback AND chart=sideways AND pos252_top10,combo3,111,0.8738738738738738,1.2340352056518844,56,0.6071428571428571,0.8410109338591144,19.126895798660623,False,hit_10,,,
s1>=90 AND KOSPI AND chart=sideways,combo3,132,0.8636363636363636,1.2195783733457473,80,0.55,0.7618569636135508,25.21335627487656,False,hit_10,,,
is_first_pullback AND chart=sideways AND marcap<=200bn,combo3,137,0.8686131386861314,1.2266062932843513,42,0.5238095238095238,0.725578060584334,37.36586278687042,False,hit_10,,,
s3>=90 AND KOSPI AND chart=sideways,combo3,101,0.8514851485148515,1.2024191153570367,64,0.5,0.6925972396486825,15.64053334187121,False,hit_10,,,
s1>=90 AND chart=sideways AND marcap<=200bn,combo3,92,0.8586956521739131,1.21260138036322,25,0.4,0.554077791718946,39.791867269315105,False,hit_10,,,
chart=persistent_uptrend AND marcap<=200bn AND price_low<=5000won,combo3,81,0.8888888888888888,1.255238559700886,24,,,,False,hit_10,,,
chart=mixed AND past_120>=50 AND marcap200~500bn,combo3,93,0.8602150537634409,1.2147469932589219,24,,,,False,hit_10,,,
s8>=90 AND chart=mixed AND past_120>=50,combo3,105,0.8571428571428571,1.21040861114014,21,,,,False,hit_10,,,
past_120>=50 AND marcap<=200bn AND price_low<=5000won,combo3,101,0.8613861386138614,1.2164007329774675,20,,,,False,hit_10,,,
KOSPI AND past_120>=50 AND marcap<=200bn,combo3,95,0.9473684210526315,1.3378200438917336,19,,,,False,hit_10,,,
is_first_pullback AND chart=persistent_uptrend AND marcap<=200bn,combo3,97,0.8762886597938144,1.2374452296020333,16,,,,False,hit_10,,,
s1>=90 AND chart=box_breakout AND pos252_top10,combo3,116,0.8620689655172413,1.2173649824685315,14,,,,False,hit_10,,,
s10>=70 AND KOSDAQ AND marcap<=200bn,combo3,107,0.7663551401869159,1.3346914134038455,56,0.8928571428571429,1.5008972755451628,183.2789133045032,True,hit_20,,,
KOSDAQ AND rs>=1.1 AND marcap<=200bn,combo3,116,0.75,1.306207145434861,65,0.8923076923076924,1.4999736464525197,172.87716518133254,True,hit_20,,,
s2>=90 AND chart=V_recovery AND pos252_top10,combo3,115,0.7913043478260869,1.3781431911254765,25,0.84,1.412044156832889,76.8879969346785,True,hit_20,,,
s12>=80 AND KOSDAQ AND price_low<=5000won,combo3,151,0.7748344370860927,1.3494590376678033,30,0.8333333333333334,1.4008374571754854,93.64020088765261,True,hit_20,,,
s12>=80 AND KOSDAQ AND marcap<=200bn,combo3,148,0.7567567567567568,1.3179747773757156,51,0.803921568627451,1.351396135157527,118.83739541169213,True,hit_20,,,
s12>=80 AND past_60>=30 AND marcap<=200bn,combo3,105,0.7714285714285715,1.3435273495901427,35,0.7714285714285715,1.2967752460710207,112.76101261406444,True,hit_20,,,
cup_and_handle_detected AND chart=persistent_uptrend AND rs<=0.95,combo3,82,0.7682926829268293,1.3380658562991259,43,0.7674418604651163,1.2900735652127726,68.33800865726485,True,hit_20,,,
chart=box_breakout AND marcap<=200bn AND price_low<=5000won,combo3,118,0.788135593220339,1.3726244579145996,43,0.7674418604651163,1.2900735652127726,72.81950044456325,True,hit_20,,,
KOSDAQ AND chart=pullback_recovery AND marcap200~500bn,combo3,90,0.7777777777777778,1.3545851878583743,38,0.7631578947368421,1.2828721976238655,62.466871907650535,True,hit_20,,,
KOSDAQ AND rs>=1.1 AND price_low<=5000won,combo3,89,0.8089887640449438,1.4089425388960297,38,0.7631578947368421,1.2828721976238655,273.8847348728421,True,hit_20,,,
s3>=90 AND s10>=90 AND KOSDAQ,combo3,232,0.7543103448275862,1.3137140830523026,153,0.7516339869281046,1.2635004515700454,107.04637822178518,True,hit_20,,,
chart=new_high_120 AND price_low<=5000won,combo2,100,0.76,1.3236232407073258,90,0.7333333333333333,1.2327369623144269,88.91141517714246,True,hit_20,,,
s4>=75 AND chart=new_high_120 AND price_low<=5000won,combo3,100,0.76,1.3236232407073258,90,0.7333333333333333,1.2327369623144269,88.91141517714246,True,hit_20,,,
new_high_60 AND chart=new_high_120 AND price_low<=5000won,combo3,100,0.76,1.3236232407073258,90,0.7333333333333333,1.2327369623144269,88.91141517714246,True,hit_20,,,
new_high_120 AND chart=new_high_120 AND price_low<=5000won,combo3,100,0.76,1.3236232407073258,90,0.7333333333333333,1.2327369623144269,88.91141517714246,True,hit_20,,,
s2>=70 AND chart=new_high_120 AND price_low<=5000won,combo3,95,0.7578947368421053,1.3199566943341754,89,0.7303370786516854,1.2277002433672792,89.46345561156248,True,hit_20,,,
s8>=70 AND chart=new_high_120 AND price_low<=5000won,combo3,94,0.7553191489361702,1.3154710258989382,89,0.7303370786516854,1.2277002433672792,89.46345561156248,True,hit_20,,,
s3>=90 AND KOSDAQ AND past_120>=50,combo3,167,0.7664670658682635,1.334886344236824,124,0.7096774193548387,1.1929712538526713,125.24893352392944,True,hit_20,,,
s3>=90 AND KOSDAQ AND past_60>=30,combo3,238,0.8235294117647058,1.4342666694971022,165,0.7090909090909091,1.1919853271965948,92.70714585507899,True,hit_20,,,
is_first_pullback AND chart=box_breakout AND marcap<=200bn,combo3,91,0.7692307692307693,1.3396996363434472,58,0.7068965517241379,1.1882966016040322,83.99915446210872,True,hit_20,,,
cup_and_handle_detected AND past_60>=30 AND rs<=0.95,combo3,89,0.7528089887640449,1.31109930702825,51,0.6862745098039216,1.1536308470856937,63.50478986671258,False,hit_20,,,
s8>=90 AND KOSDAQ AND chart=persistent_uptrend,combo3,127,0.7559055118110236,1.3164922410682063,86,0.686046511627907,1.153247581023539,93.14391250404861,False,hit_20,,,
new_high_120 AND KOSPI AND marcap<=200bn,combo3,229,0.7554585152838428,1.315713747657822,119,0.680672268907563,1.1442134524156065,59.70665905329948,False,hit_20,,,
s5>=70 AND chart=persistent_uptrend AND marcap<=200bn,combo3,155,0.7741935483870968,1.3483428598037275,43,0.6744186046511628,1.1337010118536486,168.38690681699725,False,hit_20,,,
is_first_pullback AND past_60>=30 AND marcap<=200bn,combo3,136,0.75,1.306207145434861,30,0.6666666666666666,1.120669965740388,82.95209789137988,False,hit_20,,,
s3>=90 AND chart=persistent_uptrend AND marcap<=200bn,combo3,103,0.7864077669902912,1.369615259290922,27,0.6666666666666666,1.120669965740388,49.11117284745069,False,hit_20,,,
s3>=90 AND is_first_pullback AND past_60>=30,combo3,187,0.7540106951871658,1.3131922103837106,62,0.6612903225806451,1.1116323047263528,53.39051002049982,False,hit_20,,,
s5>=70 AND KOSDAQ AND chart=persistent_uptrend,combo3,240,0.7625,1.327977264525442,147,0.6598639455782312,1.1092345579267107,106.93592315391763,False,hit_20,,,
s5>=70 AND KOSDAQ AND price_low<=5000won,combo3,311,0.7556270096463023,1.3160071990447688,99,0.6565656565656566,1.1036901177746248,157.56428650056287,False,hit_20,,,
s2>=90 AND KOSDAQ AND past_60>=30,combo3,276,0.7608695652173914,1.3251376837744968,186,0.6559139784946236,1.1025946437123173,80.33534096299023,False,hit_20,,,
s3>=70 AND chart=box_breakout AND marcap<=200bn,combo3,106,0.7830188679245284,1.3637131203911128,65,0.6461538461538462,1.0861878129483764,62.7084474453179,False,hit_20,,,
s1>=70 AND slope60<=-1 AND marcap200~500bn,combo3,82,0.7560975609756098,1.3168267157229492,70,0.6428571428571429,1.0806460383925172,57.29031651221274,False,hit_20,,,
s3>=70 AND KOSDAQ AND chart=persistent_uptrend,combo3,234,0.7649572649572649,1.3322568605859835,145,0.6344827586206897,1.066568657049473,104.0027243242218,False,hit_20,,,
past_60>=30 AND pos252_top10 AND rs<=0.95,combo3,80,0.75,1.306207145434861,41,0.6341463414634146,1.0660031381432962,62.563343698585946,False,hit_20,,,
s1>=90 AND chart=box_breakout AND marcap<=200bn,combo3,124,0.7903225806451613,1.3764333360496384,65,0.6307692307692307,1.0603261983543673,48.131053401404124,False,hit_20,,,
KOSPI AND past_60>=30 AND marcap<=200bn,combo3,161,0.8012422360248447,1.3954511118931434,65,0.6307692307692307,1.0603261983543673,55.70757126321225,False,hit_20,,,
KOSDAQ AND chart=persistent_uptrend AND marcap200~500bn,combo3,110,0.7909090909090909,1.3774548079131261,59,0.6271186440677966,1.0541895440439244,98.94367122026912,False,hit_20,,,
s3>=90 AND KOSDAQ AND chart=persistent_uptrend,combo3,141,0.8439716312056738,1.4698690336335551,82,0.6219512195121951,1.0455030777943866,74.21211427095358,False,hit_20,,,
KOSDAQ AND pos252_top10 AND marcap<=200bn,combo3,172,0.7732558139534884,1.346709692580128,29,0.6206896551724138,1.0433823818962236,49.3872586687758,False,hit_20,,,
s2>=90 AND KOSDAQ AND chart=persistent_uptrend,combo3,154,0.8246753246753247,1.4362624023396307,88,0.6136363636363636,1.03152576392013,77.27299266281621,False,hit_20,,,
s3>=90 AND past_60>=30 AND marcap<=200bn,combo3,155,0.7935483870967742,1.3820514312988206,80,0.6125,1.0296155310239816,54.287625989189756,False,hit_20,,,
s10>=90 AND marcap500~3000bn AND price_high>=50000won,combo3,98,0.7551020408163265,1.3150929083289755,49,0.6122448979591837,1.0291867032309687,58.63290219090568,False,hit_20,,,
s2>=70 AND KOSDAQ AND chart=persistent_uptrend,combo3,206,0.7718446601941747,1.3442520137484977,125,0.608,1.022051008755234,107.49507660249527,False,hit_20,,,
s12>=80 AND KOSDAQ AND chart=sideways,combo3,100,0.78,1.3584554312522554,39,0.5897435897435898,0.9913618927703434,63.14801995731703,False,hit_20,,,
s12>=80 AND chart=sideways AND marcap200~500bn,combo3,90,0.7888888888888889,1.3739364048277796,48,0.5625,0.9455652835934525,53.08595306466267,False,hit_20,,,
KOSPI AND chart=sideways AND marcap<=200bn,combo3,112,0.8214285714285714,1.4306078259524666,55,0.5272727272727272,0.8863480638128524,34.184167290353656,False,hit_20,,,
s3>=70 AND new_high_60 AND slope60<=-1,combo3,80,0.75,1.306207145434861,56,0.4642857142857143,0.7804665832834846,52.41895012638484,False,hit_20,,,
is_first_pullback AND chart=sideways AND marcap<=200bn,combo3,137,0.7664233576642335,1.3348102216122666,42,0.4523809523809524,0.7604546196095492,37.36586278687042,False,hit_20,,,
s1>=90 AND KOSDAQ AND price_low<=5000won,combo3,97,0.7525773195876289,1.3106958297834344,31,0.45161290322580644,0.7591635251789727,47.99391773667764,False,hit_20,,,
chart=sideways AND pos252_top10 AND turnover_hot>=5pct,combo3,127,0.7637795275590551,1.3302057019126667,43,0.4186046511627907,0.7036764901160577,34.27175500712103,False,hit_20,,,
s1>=90 AND chart=sideways AND marcap<=200bn,combo3,92,0.7608695652173914,1.3251376837744968,25,0.4,0.672401979444233,39.791867269315105,False,hit_20,,,
s8>=70 AND gap_support_detected AND marcap<=200bn,combo3,80,0.7625,1.327977264525442,36,0.3888888888888889,0.6537241466818932,23.207796707784162,False,hit_20,,,
is_first_pullback AND chart=sideways AND pos252_top10,combo3,111,0.7747747747747747,1.3493551292179944,56,0.375,0.6303768557289684,19.126895798660623,False,hit_20,,,
s2>=90 AND chart=sideways AND pos252_top10,combo3,130,0.7615384615384615,1.3263026399800126,56,0.26785714285714285,0.4502691826635488,18.481324830212163,False,hit_20,,,
s3>=70 AND chart=V_recovery AND price_low<=5000won,combo3,84,0.7976190476190477,1.3891409324465982,24,,,,False,hit_20,,,
KOSDAQ AND chart=persistent_uptrend AND marcap<=200bn,combo3,85,0.8117647058823529,1.4137771456471437,24,,,,False,hit_20,,,
chart=persistent_uptrend AND marcap<=200bn AND price_low<=5000won,combo3,81,0.7777777777777778,1.3545851878583743,24,,,,False,hit_20,,,
KOSPI AND chart=persistent_uptrend AND marcap<=200bn,combo3,91,0.7582417582417582,1.3205610701099693,23,,,,False,hit_20,,,
KOSPI AND chart=V_recovery AND pos252_top10,combo3,114,0.7631578947368421,1.3291230602670516,20,,,,False,hit_20,,,
chart=persistent_uptrend AND pos252_top10 AND marcap<=200bn,combo3,134,0.753731343283582,1.3127056884469746,20,,,,False,hit_20,,,
past_120>=50 AND marcap<=200bn AND price_low<=5000won,combo3,101,0.7722772277227723,1.3450053774774806,20,,,,False,hit_20,,,
KOSPI AND past_120>=50 AND marcap<=200bn,combo3,95,0.8842105263157894,1.5399494767232045,19,,,,False,hit_20,,,
is_first_pullback AND chart=persistent_uptrend AND marcap<=200bn,combo3,97,0.7835051546391752,1.3645600419663153,16,,,,False,hit_20,,,
KOSDAQ AND rs>=1.1 AND marcap<=200bn,combo3,116,0.6982758620689655,1.4677174696623814,65,0.8769230769230769,1.7788205363768064,172.87716518133254,True,hit_30,,,
s10>=70 AND KOSDAQ AND marcap<=200bn,combo3,107,0.7102803738317757,1.4929499495261975,56,0.875,1.77491961414791,183.2789133045032,True,hit_30,,,
s3>=70 AND chart=V_recovery AND pos252_top10,combo3,121,0.6776859504132231,1.4244391971664698,50,0.84,1.7039228295819935,134.6812871413046,True,hit_30,,,
KOSDAQ AND past_60>=30 AND marcap<=200bn,combo3,124,0.6774193548387096,1.4238788355625491,37,0.8378378378378378,1.6995369278327477,218.64073455310643,True,hit_30,,,
s2>=70 AND chart=V_recovery AND pos252_top10,combo3,147,0.6598639455782312,1.3869788333451847,39,0.8205128205128205,1.6643934843291757,125.06230429507949,True,hit_30,,,
s12>=80 AND KOSDAQ AND marcap<=200bn,combo3,148,0.7027027027027027,1.4770223184857332,51,0.7843137254901961,1.5909643600205354,118.83739541169213,True,hit_30,,,
s12>=80 AND KOSDAQ AND price_low<=5000won,combo3,151,0.695364238410596,1.4615974802132128,30,0.7666666666666667,1.5551676619200736,93.64020088765261,True,hit_30,,,
s10>=90 AND KOSDAQ AND marcap200~500bn,combo3,167,0.6706586826347305,1.4096684679421643,94,0.7553191489361702,1.5321494541580742,134.0223731291611,True,hit_30,,,
s8>=90 AND chart=V_recovery AND pos252_top10,combo3,109,0.6697247706422018,1.4077054630310393,28,0.75,1.5213596692696372,97.39435596592584,True,hit_30,,,
new_high_252 AND KOSDAQ AND rs>=1.1,combo3,258,0.6550387596899225,1.3768366961078249,103,0.7475728155339806,1.5164361751943307,95.11398629124068,True,hit_30,,,
s12>=80 AND past_60>=30 AND marcap<=200bn,combo3,105,0.7142857142857143,1.5013688402190144,35,0.7428571428571429,1.5068705295623073,112.76101261406444,True,hit_30,,,
s10>=70 AND new_high_252 AND KOSDAQ,combo3,224,0.6607142857142857,1.3887661772025883,97,0.7422680412371134,1.5056755489678884,96.17330089658462,True,hit_30,,,
s10>=90 AND new_high_252 AND KOSDAQ,combo3,167,0.6706586826347305,1.4096684679421643,89,0.7415730337078652,1.504265740401439,96.0064886024882,True,hit_30,,,
new_high_240 AND KOSDAQ AND rs>=1.1,combo3,258,0.6550387596899225,1.3768366961078249,104,0.7403846153846154,1.5018550581251546,94.47927947701663,True,hit_30,,,
KOSDAQ AND chart=new_high_240 AND rs>=1.1,combo3,258,0.6550387596899225,1.3768366961078249,104,0.7403846153846154,1.5018550581251546,94.47927947701663,True,hit_30,,,
s10>=70 AND new_high_240 AND KOSDAQ,combo3,224,0.6607142857142857,1.3887661772025883,98,0.7346938775510204,1.4903115127539304,95.48892514878213,True,hit_30,,,
s10>=70 AND KOSDAQ AND chart=new_high_240,combo3,224,0.6607142857142857,1.3887661772025883,98,0.7346938775510204,1.4903115127539304,95.48892514878213,True,hit_30,,,
KOSDAQ AND slope60>=1 AND marcap<=200bn,combo3,239,0.6610878661087866,1.3895514119516568,105,0.7333333333333333,1.4875516766192005,156.9121366399838,True,hit_30,,,
s3>=70 AND new_high_252 AND KOSDAQ,combo3,241,0.6639004149377593,1.3954631543944367,90,0.7333333333333333,1.4875516766192005,96.19220141491343,True,hit_30,,,
s10>=90 AND new_high_240 AND KOSDAQ,combo3,167,0.6706586826347305,1.4096684679421643,90,0.7333333333333333,1.4875516766192005,95.26313292481544,True,hit_30,,,
s10>=90 AND KOSDAQ AND chart=new_high_240,combo3,167,0.6706586826347305,1.4096684679421643,90,0.7333333333333333,1.4875516766192005,95.26313292481544,True,hit_30,,,
s2>=90 AND past_120>=50 AND marcap<=200bn,combo3,151,0.6556291390728477,1.378077624201029,30,0.7333333333333333,1.4875516766192005,85.26849443502859,True,hit_30,,,
s3>=70 AND new_high_240 AND KOSDAQ,combo3,241,0.6639004149377593,1.3954631543944367,91,0.7252747252747253,1.4712049548981105,95.45497368081482,True,hit_30,,,
s3>=70 AND KOSDAQ AND chart=new_high_240,combo3,241,0.6639004149377593,1.3954631543944367,91,0.7252747252747253,1.4712049548981105,95.45497368081482,True,hit_30,,,
s8>=70 AND past_120>=50 AND marcap<=200bn,combo3,167,0.6766467065868264,1.422254793548791,36,0.7222222222222222,1.4650130148522431,80.4229727784689,True,hit_30,,,
s10>=90 AND new_high_120 AND KOSDAQ,combo3,212,0.660377358490566,1.3880579843534284,122,0.7213114754098361,1.4631655835598696,100.68093904866656,True,hit_30,,,
s2>=90 AND chart=V_recovery AND pos252_top10,combo3,115,0.7130434782608696,1.4987577639751553,25,0.72,1.4605052824988516,76.8879969346785,True,hit_30,,,
past_120>=50 AND slope60>=1 AND marcap<=200bn,combo3,169,0.6923076923076923,1.4551728759045832,39,0.717948717948718,1.4563442987880286,80.80006857112816,True,hit_30,,,
KOSDAQ AND rs>=1.1 AND price_low<=5000won,combo3,89,0.6966292134831461,1.4642563520338254,38,0.7105263157894737,1.4412881077291297,273.8847348728421,True,hit_30,,,
s10>=70 AND s12>=80 AND marcap<=200bn,combo3,117,0.6837606837606838,1.4372077786711934,48,0.7083333333333334,1.4368396876435463,88.94239620294462,True,hit_30,,,
s3>=90 AND KOSDAQ AND marcap<=200bn,combo3,156,0.6858974358974359,1.4416990529795408,67,0.7014925373134329,1.4229632727497104,104.16070742407,True,hit_30,,,
s10>=90 AND KOSDAQ AND chart=persistent_uptrend,combo3,105,0.6571428571428571,1.3812593330014933,60,0.7,1.4199356913183279,93.27358455532485,True,hit_30,,,
s5>=70 AND s10>=90 AND KOSDAQ,combo3,410,0.6780487804878049,1.42520183564205,258,0.6976744186046512,1.4152182969950113,101.50271091993937,True,hit_30,,,
s12>=80 AND rs>=1.1 AND marcap<=200bn,combo3,143,0.6993006993006993,1.4698715918228114,59,0.6949152542372882,1.409621388475822,81.88946501195184,True,hit_30,,,
s10>=90 AND KOSDAQ AND turnover_hot>=5pct,combo3,409,0.6772616136919315,1.4235472768629187,257,0.6926070038910506,1.404939149831364,102.93579729465786,True,hit_30,,,
s3>=70 AND s10>=90 AND KOSDAQ,combo3,359,0.6685236768802229,1.405180864383256,221,0.6832579185520362,1.385974721325582,102.90987021714155,True,hit_30,,,
s10>=90 AND new_high_60 AND KOSDAQ,combo3,273,0.6923076923076923,1.4551728759045832,161,0.6832298136645962,1.3859177111359011,90.49165519170673,True,hit_30,,,
s10>=90 AND KOSDAQ,combo2,445,0.6629213483146067,1.393405238225737,285,0.6807017543859649,1.3807895945651911,99.09431790273871,True,hit_30,,,
s10>=70 AND s10>=90 AND KOSDAQ,combo3,445,0.6629213483146067,1.393405238225737,285,0.6807017543859649,1.3807895945651911,99.09431790273871,True,hit_30,,,
s10>=90 AND s4>=75 AND KOSDAQ,combo3,445,0.6629213483146067,1.393405238225737,285,0.6807017543859649,1.3807895945651911,99.09431790273871,True,hit_30,,,
s10>=90 AND KOSDAQ AND rs>=1.1,combo3,445,0.6629213483146067,1.393405238225737,285,0.6807017543859649,1.3807895945651911,99.09431790273871,True,hit_30,,,
s2>=90 AND s10>=90 AND KOSDAQ,combo3,227,0.6607929515418502,1.388931526193802,150,0.68,1.3793661001378044,90.99298907890586,True,hit_30,,,
s5>=70 AND KOSDAQ AND marcap<=200bn,combo3,331,0.676737160120846,1.4224449193132416,125,0.68,1.3793661001378044,141.90048952189272,True,hit_30,,,
s10>=70 AND KOSDAQ AND pos252_top10,combo3,449,0.6547884187082406,1.376310500298767,212,0.6792452830188679,1.3778351721687279,95.21464550555254,True,hit_30,,,
cup_and_handle_detected AND past_120>=50 AND marcap<=200bn,combo3,137,0.6715328467153284,1.411505887738752,28,0.6785714285714286,1.3764682721963384,92.04295352898087,True,hit_30,,,
cup_and_handle_detected AND KOSDAQ AND chart=persistent_uptrend,combo3,248,0.6733870967741935,1.4154033663032481,117,0.6752136752136753,1.3696571381458842,138.82148256606067,True,hit_30,,,
s8>=90 AND s10>=90 AND KOSDAQ,combo3,291,0.6804123711340206,1.4301699055282158,206,0.6747572815533981,1.3687313529351428,96.72688590939383,True,hit_30,,,
s10>=70 AND KOSDAQ AND chart=persistent_uptrend,combo3,147,0.6938775510204082,1.4584725876413283,92,0.6739130434782609,1.3670188332567754,132.27586339840857,True,hit_30,,,
s8>=70 AND s10>=90 AND KOSDAQ,combo3,364,0.6675824175824175,1.403202416050848,250,0.672,1.3631382636655949,94.43331775738274,True,hit_30,,,
s10>=70 AND KOSDAQ AND chart=V_recovery,combo3,129,0.6744186046511628,1.417571509602139,109,0.6697247706422018,1.358523007421205,94.44185586387152,True,hit_30,,,
s2>=70 AND s10>=90 AND KOSDAQ,combo3,310,0.6612903225806451,1.3899769585253456,211,0.6682464454976303,1.3555242550838473,91.71631752637019,True,hit_30,,,
s3>=70 AND s10>=70 AND KOSDAQ,combo3,542,0.6605166051660517,1.388350669220978,360,0.6638888888888889,1.3466850405757158,102.12928531611244,True,hit_30,,,
KOSDAQ AND past_60>=30 AND marcap200~500bn,combo3,220,0.6636363636363637,1.394908140639848,110,0.6636363636363637,1.3461727982628304,118.91911600015895,True,hit_30,,,
KOSDAQ AND chart=V_recovery AND rs>=1.1,combo3,155,0.6516129032258065,1.3696358323030235,127,0.6614173228346457,1.3416715193559006,93.27532650020557,True,hit_30,,,
s3>=70 AND KOSDAQ AND marcap<=200bn,combo3,331,0.6616314199395771,1.3906939166499996,127,0.6535433070866141,1.3256992393635683,125.29203325804106,True,hit_30,,,
KOSDAQ AND marcap>3000bn,combo2,106,0.6698113207547169,1.407887384129906,49,0.6530612244897959,1.32472134467016,88.38938471485866,True,hit_30,,,
s4>=75 AND KOSDAQ AND marcap>3000bn,combo3,105,0.6761904761904762,1.4212958354073337,49,0.6530612244897959,1.32472134467016,88.38938471485866,True,hit_30,,,
s10>=90 AND KOSDAQ AND pos252_top10,combo3,314,0.6528662420382165,1.372270245677889,169,0.650887573964497,1.3203121390111248,95.57636171860521,True,hit_30,,,
s10>=70 AND is_first_pullback AND marcap<=200bn,combo3,125,0.664,1.3956724738675959,37,0.6486486486486487,1.3157705247737403,80.37066006214793,True,hit_30,,,
s2>=70 AND s10>=70 AND KOSDAQ,combo3,502,0.6573705179282868,1.3817378569346308,348,0.646551724137931,1.3115169562669287,94.69602090508585,True,hit_30,,,
s5>=70 AND KOSDAQ AND marcap>3000bn,combo3,82,0.6951219512195121,1.461088212798504,42,0.6428571428571429,1.304022573659689,97.47697660328683,True,hit_30,,,
range60_pct >= 102.418,uni,483,0.6645962732919255,1.3969257904646484,148,0.6418918918918919,1.302064581807347,113.17046810001011,True,hit_30,range60_pct,ge,102.418
s8>=90 AND s10>=70 AND KOSDAQ,combo3,451,0.6518847006651884,1.3702071277918988,326,0.6411042944785276,1.3004669565535956,88.92436711875564,True,hit_30,,,
KOSDAQ AND chart=persistent_uptrend AND rs>=1.1,combo3,165,0.6848484848484848,1.4394942455918065,100,0.64,1.298226917776757,126.8779504109661,True,hit_30,,,
is_first_pullback AND past_60>=30 AND marcap<=200bn,combo3,136,0.6985294117647058,1.4682504099200655,30,0.6333333333333333,1.2847037207165823,82.95209789137988,True,hit_30,,,
s5>=70 AND chart=persistent_uptrend AND marcap<=200bn,combo3,155,0.7032258064516129,1.478121838822075,43,0.627906976744186,1.2736964672955102,168.38690681699725,True,hit_30,,,
cup_and_handle_detected AND chart=persistent_uptrend AND rs<=0.95,combo3,82,0.6951219512195121,1.461088212798504,43,0.627906976744186,1.2736964672955102,68.33800865726485,True,hit_30,,,
s3>=90 AND s10>=90 AND KOSDAQ,combo3,232,0.7068965517241379,1.4858374384236452,153,0.6274509803921569,1.2727714880164285,107.04637822178518,True,hit_30,,,
s5>=70 AND KOSDAQ AND price_low<=5000won,combo3,311,0.6881028938906752,1.446334741252787,99,0.6262626262626263,1.2703609359557912,157.56428650056287,True,hit_30,,,
s3>=90 AND s10>=70 AND KOSDAQ,combo3,329,0.6717325227963525,1.4119255901634136,241,0.6224066390041494,1.2625391446221055,92.31588043131849,True,hit_30,,,
s8>=90 AND s10>=90 AND s12>=80,combo3,218,0.6559633027522935,1.3787800083112232,118,0.6186440677966102,1.2549068458382318,77.34716527644312,True,hit_30,,,
s8>=90 AND KOSDAQ AND chart=persistent_uptrend,combo3,127,0.7401574803149606,1.5557491289198606,86,0.6162790697674418,1.2501094956789265,93.14391250404861,True,hit_30,,,
cup_and_handle_detected AND KOSDAQ AND marcap>3000bn,combo3,92,0.6847826086956522,1.4393557794273595,44,0.6136363636363636,1.2447488203115213,84.02887216465125,True,hit_30,,,
s3>=90 AND KOSDAQ AND past_120>=50,combo3,167,0.6766467065868264,1.422254793548791,124,0.6129032258064516,1.243261665209596,125.24893352392944,True,hit_30,,,
s3>=90 AND is_first_pullback AND past_60>=30,combo3,187,0.6631016042780749,1.3937841211872775,62,0.6129032258064516,1.243261665209596,53.39051002049982,True,hit_30,,,
s3>=70 AND past_120>=50 AND marcap<=200bn,combo3,150,0.66,1.3872648083623693,31,0.6129032258064516,1.243261665209596,65.8664329146902,True,hit_30,,,
KOSDAQ AND marcap<=200bn AND price_low<=5000won,combo3,236,0.6779661016949152,1.4250280517333018,67,0.6119402985074627,1.2413083868667685,153.8321960737328,True,hit_30,,,
s3>=70 AND KOSDAQ AND past_60>=30,combo3,412,0.6747572815533981,1.4182833801292245,260,0.6115384615384616,1.2404932687890888,105.49394485227948,True,hit_30,,,
cup_and_handle_detected AND KOSDAQ AND price_low<=5000won,combo3,343,0.6763848396501457,1.4217043711461688,131,0.6106870229007634,1.238766142916753,129.17482436151178,True,hit_30,,,
past_120>=50 AND marcap<=200bn AND turnover_hot>=5pct,combo3,220,0.6545454545454545,1.3757998099461515,46,0.6086956521739131,1.234726688102894,68.5827772346739,True,hit_30,,,
KOSDAQ AND past_60>=30 AND turnover_hot>=5pct,combo3,549,0.6502732240437158,1.3668199386911901,306,0.6078431372549019,1.232997379015915,102.87433533740868,True,hit_30,,,
s2>=70 AND past_120>=50 AND marcap<=200bn,combo3,174,0.6666666666666666,1.4012775842044134,38,0.6052631578947368,1.2277639436211105,71.53019621030244,True,hit_30,,,
is_first_pullback AND KOSDAQ AND price_low<=5000won,combo3,232,0.6508620689655172,1.3680576414754295,81,0.6049382716049383,1.2271049184232463,99.49805351553046,True,hit_30,,,
s2>=70 AND KOSDAQ AND past_60>=30,combo3,409,0.6503667481662592,1.3670165185759438,258,0.6046511627906976,1.226522524062343,99.6661059407379,True,hit_30,,,
past_120>=50 AND marcap<=200bn,combo2,223,0.6591928251121076,1.3855681942469649,48,0.6041666666666666,1.2255397335783187,68.34735252740423,True,hit_30,,,
s4>=75 AND past_120>=50 AND marcap<=200bn,combo3,222,0.6576576576576577,1.3823414006340837,48,0.6041666666666666,1.2255397335783187,68.34735252740423,True,hit_30,,,
KOSDAQ AND chart=persistent_uptrend,combo2,321,0.6791277258566978,1.427469688582066,187,0.5989304812834224,1.2149182385611361,104.80658274378247,False,hit_30,,,
s4>=75 AND KOSDAQ AND chart=persistent_uptrend,combo3,321,0.6791277258566978,1.427469688582066,187,0.5989304812834224,1.2149182385611361,104.80658274378247,False,hit_30,,,
KOSDAQ AND chart=persistent_uptrend AND past_60>=30,combo3,321,0.6791277258566978,1.427469688582066,187,0.5989304812834224,1.2149182385611361,104.80658274378247,False,hit_30,,,
KOSDAQ AND chart=persistent_uptrend AND slope60>=1,combo3,321,0.6791277258566978,1.427469688582066,187,0.5989304812834224,1.2149182385611361,104.80658274378247,False,hit_30,,,
s5>=70 AND KOSDAQ AND chart=persistent_uptrend,combo3,240,0.7041666666666667,1.4800994483159118,147,0.5986394557823129,1.21432789928098,106.93592315391763,False,hit_30,,,
s8>=70 AND KOSDAQ AND chart=persistent_uptrend,combo3,186,0.6774193548387096,1.4238788355625491,122,0.5983606557377049,1.2137623590894373,81.22335266223189,False,hit_30,,,
past_60>=30 AND slope60>=1 AND marcap<=200bn,combo3,353,0.6515580736543909,1.3695205851289594,139,0.5971223021582733,1.2112503841667133,95.14037383526322,False,hit_30,,,
s3>=90 AND chart=persistent_uptrend AND marcap<=200bn,combo3,103,0.6893203883495146,1.448893812793884,27,0.5925925925925926,1.2020619609044045,49.11117284745069,False,hit_30,,,
s10>=90 AND s12>=80 AND new_high_60,combo3,223,0.6591928251121076,1.3855681942469649,110,0.5909090909090909,1.1986470121518353,76.0440468755103,False,hit_30,,,
s3>=90 AND s10>=90 AND chart=V_recovery,combo3,115,0.6695652173913044,1.407370095440085,44,0.5909090909090909,1.1986470121518353,107.25787868135562,False,hit_30,,,
s10>=70 AND KOSDAQ AND price_high>=50000won,combo3,94,0.6702127659574468,1.4087311883757136,65,0.5846153846153846,1.1858803575845376,75.89799042932314,False,hit_30,,,
s3>=90 AND KOSDAQ AND past_60>=30,combo3,238,0.7310924369747899,1.5366951658712265,165,0.5818181818181818,1.1802062888879608,92.70714585507899,False,hit_30,,,
s3>=70 AND KOSDAQ AND price_low<=5000won,combo3,278,0.6798561151079137,1.4290007018775224,107,0.5794392523364486,1.1753806790619001,135.01593411348452,False,hit_30,,,
s2>=90 AND KOSDAQ AND past_60>=30,combo3,276,0.6847826086956522,1.4393557794273595,186,0.5752688172043011,1.1669210366440945,80.33534096299023,False,hit_30,,,
s3>=70 AND KOSDAQ AND chart=persistent_uptrend,combo3,234,0.7008547008547008,1.473137973137973,145,0.5724137931034483,1.1611296786149874,104.0027243242218,False,hit_30,,,
KOSPI AND past_60>=30 AND marcap<=200bn,combo3,161,0.7018633540372671,1.475258077780423,65,0.5692307692307692,1.1546729797533655,55.70757126321225,False,hit_30,,,
cup_and_handle_detected AND past_60>=30 AND rs<=0.95,combo3,89,0.6853932584269663,1.440639314097796,51,0.5686274509803921,1.1534491610148883,63.50478986671258,False,hit_30,,,
is_first_pullback AND KOSDAQ AND chart=persistent_uptrend,combo3,138,0.6956521739130435,1.462202696561127,53,0.5660377358490566,1.1481959768072731,68.37039975773497,False,hit_30,,,
KOSDAQ AND chart=persistent_uptrend AND turnover_hot>=5pct,combo3,299,0.6889632107023411,1.4481430552480392,150,0.56,1.1359485530546625,106.27169697430529,False,hit_30,,,
KOSDAQ AND chart=persistent_uptrend AND marcap200~500bn,combo3,110,0.7727272727272727,1.6242081089642064,59,0.559322033898305,1.1345733126756614,98.94367122026912,False,hit_30,,,
s1>=70 AND slope60<=-1 AND marcap200~500bn,combo3,82,0.6951219512195121,1.461088212798504,70,0.5571428571428572,1.1301528971717305,57.29031651221274,False,hit_30,,,
pos252_top10 AND marcap<=200bn AND price_low<=5000won,combo3,408,0.6617647058823529,1.3909740725558515,87,0.5517241379310345,1.1191611360144456,62.774748607378704,False,hit_30,,,
s3>=90 AND past_60>=30 AND marcap<=200bn,combo3,155,0.7096774193548387,1.4916825896369563,80,0.55,1.1156637574644006,54.287625989189756,False,hit_30,,,
s3>=90 AND s10>=90 AND slope60<=-1,combo3,85,0.6705882352941176,1.409520393523263,40,0.55,1.1156637574644006,107.45351487178058,False,hit_30,,,
rs>=1.1 AND marcap<=200bn AND price_low<=5000won,combo3,230,0.6521739130434783,1.3708150280260567,91,0.5494505494505495,1.1145492082561446,114.38853714437093,False,hit_30,,,
KOSDAQ AND turnover_hot>=5pct AND price_low<=5000won,combo3,402,0.654228855721393,1.375134345693137,135,0.5481481481481482,1.1119073138365743,133.4972581548643,False,hit_30,,,
KOSPI AND marcap<=200bn AND price_low<=5000won,combo3,623,0.6597110754414125,1.3866575131011571,269,0.5427509293680297,1.1009591658655118,52.93090965296347,False,hit_30,,,
s5>=70 AND past_60>=30 AND marcap<=200bn,combo3,286,0.6678321678321678,1.4037273701907849,118,0.5423728813559322,1.1001923032006415,96.59059762887676,False,hit_30,,,
s12>=80 AND chart=sideways AND marcap200~500bn,combo3,90,0.6666666666666666,1.4012775842044134,48,0.5416666666666666,1.0987597611391822,53.08595306466267,False,hit_30,,,
s2>=90 AND KOSDAQ AND past_120>=50,combo3,201,0.6716417910447762,1.4117348796089242,111,0.5405405405405406,1.0964754373114503,99.93546122942325,False,hit_30,,,
is_first_pullback AND chart=sideways AND price_low<=5000won,combo3,83,0.6987951807228916,1.4688090340455902,39,0.5384615384615384,1.0922582240910215,34.8397431974017,False,hit_30,,,
s2>=70 AND KOSDAQ AND chart=persistent_uptrend,combo3,206,0.7184466019417476,1.5101146781232029,125,0.536,1.087265043638034,107.49507660249527,False,hit_30,,,
chart=box_breakout AND marcap<=200bn AND price_low<=5000won,combo3,118,0.7372881355932204,1.5497180062599658,43,0.5348837209302325,1.0850006943628419,72.81950044456325,False,hit_30,,,
is_first_pullback AND chart=box_breakout AND marcap<=200bn,combo3,91,0.6813186813186813,1.4320748937473677,58,0.5344827586206896,1.084187350513994,83.99915446210872,False,hit_30,,,
s10>=90 AND marcap500~3000bn AND price_high>=50000won,combo3,98,0.6530612244897959,1.372680082485956,49,0.5306122448979592,1.0763360925445051,58.63290219090568,False,hit_30,,,
s3>=90 AND is_first_pullback AND chart=persistent_uptrend,combo3,138,0.6884057971014492,1.4469714184719487,36,0.5277777777777778,1.0705864339304854,50.69484926105077,False,hit_30,,,
s3>=70 AND chart=box_breakout AND price_low<=5000won,combo3,92,0.6739130434782609,1.416508862293592,40,0.525,1.064951768488746,59.09108466880898,False,hit_30,,,
new_high_60 AND marcap<=200bn AND price_low<=5000won,combo3,332,0.6536144578313253,1.3738429327064356,153,0.5228758169934641,1.060642906680357,64.7086786354466,False,hit_30,,,
s3>=90 AND KOSDAQ AND price_low<=5000won,combo3,141,0.6808510638297872,1.4310920008896137,56,0.5178571428571429,1.0504626287814163,128.43180265364202,False,hit_30,,,
KOSDAQ AND pos252_top10 AND marcap<=200bn,combo3,172,0.7151162790697675,1.5031146179401995,29,0.5172413793103449,1.0492135650135428,49.3872586687758,False,hit_30,,,
slope60>=1 AND marcap<=200bn AND price_low<=5000won,combo3,515,0.658252427184466,1.38359155644261,178,0.5168539325842697,1.0484276372494878,84.20469281244961,False,hit_30,,,
s8>=90 AND s12>=80 AND chart=persistent_uptrend,combo3,90,0.7111111111111111,1.494696089818041,37,0.5135135135135135,1.0416516654458776,100.78598714530114,False,hit_30,,,
s3>=90 AND KOSDAQ AND chart=persistent_uptrend,combo3,141,0.7730496453900709,1.6248857093434157,82,0.5121951219512195,1.0389773351109717,74.21211427095358,False,hit_30,,,
s2>=90 AND KOSDAQ AND chart=persistent_uptrend,combo3,154,0.7792207792207793,1.6378569166025614,88,0.5113636363636364,1.0372906835929343,77.27299266281621,False,hit_30,,,
KOSDAQ AND chart=persistent_uptrend AND pos252_top10,combo3,221,0.6742081447963801,1.4171291405868165,90,0.5111111111111111,1.036778441280049,57.06795172793308,False,hit_30,,,
new_high_240 AND past_60>=30 AND marcap<=200bn,combo3,123,0.6910569105691057,1.4525438372850628,49,0.5102040816326531,1.0349385505235627,63.28766386613636,False,hit_30,,,
new_high_252 AND past_60>=30 AND marcap<=200bn,combo3,121,0.6859504132231405,1.4418104068880122,49,0.5102040816326531,1.0349385505235627,63.28766386613636,False,hit_30,,,
chart=new_high_240 AND past_60>=30 AND marcap<=200bn,combo3,123,0.6910569105691057,1.4525438372850628,49,0.5102040816326531,1.0349385505235627,63.28766386613636,False,hit_30,,,
chart=sideways AND marcap<=200bn AND price_low<=5000won,combo3,127,0.6929133858267716,1.456445993031359,63,0.5079365079365079,1.0303388236323467,33.29643830918965,False,hit_30,,,
is_first_pullback AND chart=box_breakout AND price_low<=5000won,combo3,93,0.6559139784946236,1.3786763328462777,38,0.5,1.0142397795130913,69.03203037217645,False,hit_30,,,
past_60>=30 AND pos252_top10 AND rs<=0.95,combo3,80,0.725,1.5238893728222995,41,0.4878048780487805,0.9895022239152111,62.563343698585946,False,hit_30,,,
s2>=90 AND s5>=70 AND chart=persistent_uptrend,combo3,333,0.6636636636636637,1.3949655230143037,134,0.48507462686567165,0.9839639651992678,64.25698222360384,False,hit_30,,,
s5>=70 AND chart=sideways AND marcap<=200bn,combo3,134,0.6567164179104478,1.3803629933953925,52,0.4807692307692308,0.9752305572241263,43.15718841963444,False,hit_30,,,
s1>=90 AND chart=box_breakout AND marcap<=200bn,combo3,124,0.6774193548387096,1.4238788355625491,65,0.47692307692307695,0.9674287127663334,48.131053401404124,False,hit_30,,,
KOSPI AND chart=sideways AND marcap<=200bn,combo3,112,0.7321428571428571,1.5389030612244896,55,0.4727272727272727,0.9589176097214682,34.184167290353656,False,hit_30,,,
s1>=90 AND chart=box_breakout AND price_low<=5000won,combo3,94,0.6914893617021277,1.453452813403514,47,0.46808510638297873,0.9495010701824685,45.78093910218098,False,hit_30,,,
s3>=90 AND new_high_60 AND price_low<=5000won,combo3,139,0.6546762589928058,1.3760747499561328,68,0.45588235294117646,0.9247480342619362,79.89417522284623,False,hit_30,,,
s1>=90 AND KOSDAQ AND price_low<=5000won,combo3,97,0.6907216494845361,1.4518391465210676,31,0.45161290322580644,0.916087542786018,47.99391773667764,False,hit_30,,,
s3>=90 AND new_high_240 AND marcap<=200bn,combo3,98,0.6938775510204082,1.4584725876413283,40,0.45,0.9128158015617823,54.392441022858634,False,hit_30,,,
s3>=90 AND new_high_252 AND marcap<=200bn,combo3,92,0.7065217391304348,1.4850496136948947,40,0.45,0.9128158015617823,54.392441022858634,False,hit_30,,,
s3>=90 AND chart=new_high_240 AND marcap<=200bn,combo3,98,0.6938775510204082,1.4584725876413283,40,0.45,0.9128158015617823,54.392441022858634,False,hit_30,,,
s2>=90 AND chart=persistent_uptrend AND price_low<=5000won,combo3,96,0.6770833333333334,1.4231725464576075,29,0.4482758620689655,0.9093184230117372,56.78570499500308,False,hit_30,,,
s3>=70 AND new_high_60 AND slope60<=-1,combo3,80,0.65,1.3662456445993032,56,0.44642857142857145,0.9055712317081174,52.41895012638484,False,hit_30,,,
s1>=90 AND marcap<=200bn AND price_low<=5000won,combo3,302,0.6589403973509934,1.3850376122020445,131,0.4351145038167939,0.8826208768281864,44.90112404276788,False,hit_30,,,
KOSDAQ AND pos252_top10 AND price_low<=5000won,combo3,155,0.7096774193548387,1.4916825896369563,42,0.40476190476190477,0.8210512500820264,100.8034065931068,False,hit_30,,,
s2>=90 AND chart=persistent_uptrend AND marcap200~500bn,combo3,126,0.6825396825396826,1.4346413362092805,71,0.39436619718309857,0.7999637697568044,65.085501515028,False,hit_30,,,
s2>=90 AND chart=persistent_uptrend AND pos252_top10,combo3,294,0.6564625850340136,1.3798294579155703,68,0.38235294117647056,0.775595125510011,41.27334457388694,False,hit_30,,,
s3>=70 AND chart=box_breakout AND pos252_top10,combo3,125,0.656,1.378857142857143,29,0.3448275862068966,0.6994757100090286,67.48676187219783,False,hit_30,,,
s8>=70 AND gap_support_detected AND marcap<=200bn,combo3,80,0.675,1.4187935540069687,36,0.2222222222222222,0.4507732353391517,23.207796707784162,False,hit_30,,,
s3>=70 AND chart=V_recovery AND price_low<=5000won,combo3,84,0.6904761904761905,1.451323212211714,24,,,,False,hit_30,,,
KOSDAQ AND chart=persistent_uptrend AND marcap<=200bn,combo3,85,0.7529411764705882,1.5826193892191023,24,,,,False,hit_30,,,
chart=persistent_uptrend AND marcap<=200bn AND price_low<=5000won,combo3,81,0.7037037037037037,1.4791263388824365,24,,,,False,hit_30,,,
s2>=90 AND past_120>=50 AND price_low<=5000won,combo3,131,0.6564885496183206,1.3798840333005293,23,,,,False,hit_30,,,
past_120>=50 AND marcap<=200bn AND price_low<=5000won,combo3,101,0.7128712871287128,1.4983958326146203,20,,,,False,hit_30,,,
slope60<=-1 AND rs>=1.1 AND price_low<=5000won,combo3,83,0.7228915662650602,1.5194576214264723,20,,,,False,hit_30,,,
KOSPI AND past_120>=50 AND marcap<=200bn,combo3,95,0.8,1.6815331010452963,19,,,,False,hit_30,,,
is_first_pullback AND chart=persistent_uptrend AND marcap<=200bn,combo3,97,0.7319587628865979,1.5385161104924745,16,,,,False,hit_30,,,
chart=V_recovery AND marcap<=200bn AND price_low<=5000won,combo3,92,0.6630434782608695,1.3936619451598242,14,,,,False,hit_30,,,
s12>=80 AND KOSDAQ AND price_low<=5000won,combo3,151,0.5562913907284768,1.738207997187199,30,0.7333333333333333,2.07191298784389,93.64020088765261,True,hit_50,,,
KOSDAQ AND past_60>=30 AND marcap<=200bn,combo3,124,0.5,1.5623179022337326,37,0.7297297297297297,2.0617315972402346,218.64073455310643,True,hit_50,,,
KOSDAQ AND rs>=1.1 AND marcap<=200bn,combo3,116,0.5086206896551724,1.5892544177894865,65,0.7230769230769231,2.0429351838181016,172.87716518133254,True,hit_50,,,
s5>=70 AND chart=V_recovery AND pos252_top10,combo3,157,0.5414012738853503,1.691681804966462,46,0.717391304347826,2.0268714011516313,137.6333595059551,True,hit_50,,,
s3>=70 AND chart=V_recovery AND pos252_top10,combo3,121,0.5537190082644629,1.730170238837357,50,0.7,1.9777351247600767,134.6812871413046,True,hit_50,,,
new_high_60 AND KOSDAQ AND price_low<=5000won,combo3,133,0.5112781954887218,1.5975581556675762,30,0.7,1.9777351247600767,135.06189267420783,True,hit_50,,,
s10>=70 AND KOSDAQ AND marcap<=200bn,combo3,107,0.5046728971962616,1.5769190041237673,56,0.6964285714285714,1.9676446394296683,183.2789133045032,True,hit_50,,,
chart=V_recovery AND pos252_top10 AND turnover_hot>=5pct,combo3,167,0.5269461077844312,1.6465146754080058,48,0.6875,1.942418426103647,138.59628398030264,True,hit_50,,,
chart=V_recovery AND pos252_top10,combo2,195,0.5435897435897435,1.6985199757618015,57,0.6842105263157895,1.9331245580361653,132.1887828735098,True,hit_50,,,
s4>=75 AND chart=V_recovery AND pos252_top10,combo3,195,0.5435897435897435,1.6985199757618015,57,0.6842105263157895,1.9331245580361653,132.1887828735098,True,hit_50,,,
s10>=90 AND KOSDAQ AND marcap200~500bn,combo3,167,0.5568862275449101,1.740066645601642,94,0.6595744680851063,1.8635194184669417,134.0223731291611,True,hit_50,,,
chart=V_recovery AND pos252_top10 AND rs>=1.1,combo3,137,0.5547445255474452,1.733374606857864,45,0.6444444444444445,1.8207720196203885,128.70522553283112,True,hit_50,,,
KOSDAQ AND past_120>=50 AND marcap200~500bn,combo3,183,0.5027322404371585,1.5708551585300918,66,0.6363636363636364,1.7979410225091608,148.05647749359144,True,hit_50,,,
s12>=80 AND KOSDAQ AND marcap<=200bn,combo3,148,0.5472972972972973,1.7101047308234099,51,0.6274509803921569,1.772759775695307,118.83739541169213,True,hit_50,,,
s10>=70 AND chart=V_recovery AND pos252_top10,combo3,124,0.5403225806451613,1.6883112814461303,42,0.6190476190476191,1.7490174572708164,125.24931049107752,True,hit_50,,,
s2>=70 AND chart=V_recovery AND pos252_top10,combo3,147,0.5782312925170068,1.8067621998621397,39,0.6153846153846154,1.7386682415473205,125.06230429507949,True,hit_50,,,
s10>=90 AND chart=V_recovery AND pos252_top10,combo3,88,0.5,1.5623179022337326,26,0.6153846153846154,1.7386682415473205,136.75049925941457,True,hit_50,,,
cup_and_handle_detected AND chart=V_recovery AND pos252_top10,combo3,140,0.5285714285714286,1.651593210932803,46,0.6086956521739131,1.7197696737044148,126.89696051122216,True,hit_50,,,
KOSDAQ AND rs>=1.1 AND price_low<=5000won,combo3,89,0.5842696629213483,1.825629908228182,38,0.6052631578947368,1.710071724416608,273.8847348728421,True,hit_50,,,
s5>=70 AND KOSDAQ AND marcap<=200bn,combo3,331,0.540785498489426,1.6897577311168468,125,0.6,1.6952015355086374,141.90048952189272,True,hit_50,,,
is_first_pullback AND past_60>=30 AND marcap<=200bn,combo3,136,0.5294117647058824,1.6542189553063051,30,0.6,1.6952015355086374,82.95209789137988,True,hit_50,,,
s10>=90 AND new_high_120 AND KOSDAQ,combo3,212,0.5047169811320755,1.5770567503680133,122,0.5983606557377049,1.6905698373241875,100.68093904866656,True,hit_50,,,
cup_and_handle_detected AND chart=persistent_uptrend AND price_low<=5000won,combo3,91,0.5384615384615384,1.682496202405558,27,0.5925925925925926,1.6742731214900122,257.2598898096067,True,hit_50,,,
s8>=70 AND chart=V_recovery AND pos252_top10,combo3,150,0.5666666666666667,1.7706269558648968,33,0.5757575757575758,1.6267085441749551,106.52694606817937,True,hit_50,,,
past_60>=30 AND marcap<=200bn AND price_low<=5000won,combo3,157,0.5031847133757962,1.5722689716747118,70,0.5714285714285714,1.6144776528653688,131.0875201295031,True,hit_50,,,
s5>=70 AND s10>=90 AND KOSDAQ,combo3,410,0.5024390243902439,1.5699389651714581,258,0.5658914728682171,1.59883348956241,101.50271091993937,True,hit_50,,,
KOSDAQ AND marcap<=200bn AND turnover_hot>=5pct,combo3,454,0.5044052863436124,1.5760828176719153,160,0.5625,1.5892514395393476,128.32363549953962,True,hit_50,,,
is_first_pullback AND KOSDAQ AND chart=V_recovery,combo3,130,0.5,1.5623179022337326,82,0.5609756097560976,1.5849445250690513,80.30608548998626,True,hit_50,,,
s10>=90 AND new_high_60 AND KOSDAQ,combo3,273,0.5164835164835165,1.613822888021658,161,0.5590062111801242,1.579380312585687,90.49165519170673,True,hit_50,,,
s8>=90 AND s10>=90 AND slope60<=-1,combo3,173,0.5144508670520231,1.6074715988300834,77,0.5584415584415584,1.5777849789366105,81.70777915571892,True,hit_50,,,
s3>=70 AND s10>=90 AND KOSDAQ,combo3,359,0.5097493036211699,1.5927809253970644,221,0.5565610859728507,1.5724720125758853,102.90987021714155,True,hit_50,,,
KOSDAQ AND marcap<=200bn,combo2,496,0.5,1.5623179022337326,187,0.5561497326203209,1.5713098011844766,121.07095005537774,True,hit_50,,,
s5>=70 AND KOSDAQ AND price_low<=5000won,combo3,311,0.5659163987138264,1.7682826417565076,99,0.5555555555555556,1.5696310513968865,157.56428650056287,True,hit_50,,,
s3>=90 AND KOSDAQ AND marcap<=200bn,combo3,156,0.6217948717948718,1.9428825194445136,67,0.5522388059701493,1.5602601197467558,104.16070742407,True,hit_50,,,
s8>=70 AND s10>=90 AND slope60<=-1,combo3,184,0.5,1.5623179022337326,84,0.5476190476190477,1.5472077506626454,80.73824701710721,True,hit_50,,,
s8>=90 AND chart=V_recovery AND pos252_top10,combo3,109,0.6330275229357798,1.977980463378487,28,0.5357142857142857,1.5135727995612833,97.39435596592584,True,hit_50,,,
cup_and_handle_detected AND KOSDAQ AND price_low<=5000won,combo3,343,0.565597667638484,1.7672867232264964,131,0.5343511450381679,1.5097214692825014,129.17482436151178,True,hit_50,,,
s2>=70 AND s10>=90 AND slope60<=-1,combo3,180,0.5,1.5623179022337326,79,0.5316455696202531,1.502077309944362,79.20285417599392,True,hit_50,,,
s10>=70 AND KOSDAQ AND slope60<=-1,combo3,93,0.5591397849462365,1.7471081917452491,81,0.5308641975308642,1.4998696713348028,86.96045080409746,True,hit_50,,,
KOSDAQ AND slope60<=-1 AND rs>=1.1,combo3,114,0.5614035087719298,1.7541815042624365,87,0.5287356321839081,1.493855759260485,89.94816085230292,True,hit_50,,,
s10>=90 AND new_high_60 AND slope60<=-1,combo3,89,0.5280898876404494,1.6500885708985489,55,0.5272727272727272,1.4897225615075902,64.23113849206257,True,hit_50,,,
s3>=90 AND s10>=90 AND chart=V_recovery,combo3,115,0.5478260869565217,1.7117570059256546,44,0.5227272727272727,1.4768801256325248,107.25787868135562,True,hit_50,,,
s3>=70 AND KOSDAQ AND marcap<=200bn,combo3,331,0.5498489425981873,1.718077693090872,127,0.5196850393700787,1.4682847945350401,125.29203325804106,True,hit_50,,,
new_high_240 AND past_60>=30 AND marcap<=200bn,combo3,123,0.5365853658536586,1.6766338462996155,49,0.5102040816326531,1.4414979043440794,63.28766386613636,True,hit_50,,,
new_high_252 AND past_60>=30 AND marcap<=200bn,combo3,121,0.5454545454545454,1.7043468024367991,49,0.5102040816326531,1.4414979043440794,63.28766386613636,True,hit_50,,,
chart=new_high_240 AND past_60>=30 AND marcap<=200bn,combo3,123,0.5365853658536586,1.6766338462996155,49,0.5102040816326531,1.4414979043440794,63.28766386613636,True,hit_50,,,
KOSDAQ AND marcap<=200bn AND price_low<=5000won,combo3,236,0.5720338983050848,1.7873976000131688,67,0.5074626865671642,1.433752542469992,153.8321960737328,True,hit_50,,,
s4>=75 AND KOSDAQ AND price_low<=5000won,combo3,446,0.5134529147982063,1.6043533614866583,157,0.5031847133757962,1.4216658312652055,127.10763017722529,True,hit_50,,,
KOSDAQ AND price_low<=5000won,combo2,451,0.5144124168514412,1.6073514559566562,159,0.5031446540880503,1.4215526503217084,126.20228549218656,True,hit_50,,,
range60_pct >= 102.418,uni,483,0.5403726708074534,1.6884677949606801,148,0.5,1.4126679462571978,113.17046810001011,True,hit_50,range60_pct,ge,102.418
s3>=90 AND KOSDAQ AND price_low<=5000won,combo3,141,0.6170212765957447,1.927966772969287,56,0.5,1.4126679462571978,128.43180265364202,True,hit_50,,,
s10>=70 AND new_high_252 AND marcap<=200bn,combo3,128,0.515625,1.6111403366785368,50,0.5,1.4126679462571978,65.20748110353205,True,hit_50,,,
s5>=70 AND KOSDAQ AND marcap>3000bn,combo3,82,0.5365853658536586,1.6766338462996155,42,0.5,1.4126679462571978,97.47697660328683,True,hit_50,,,
new_high_60 AND past_120>=50 AND price_low<=5000won,combo3,94,0.5,1.5623179022337326,26,0.5,1.4126679462571978,119.67856737105245,True,hit_50,,,
new_high_120 AND past_120>=50 AND price_low<=5000won,combo3,84,0.5119047619047619,1.5995159475250118,26,0.5,1.4126679462571978,119.67856737105245,True,hit_50,,,
s3>=90 AND s10>=90 AND KOSDAQ,combo3,232,0.5517241379310345,1.7239369955682566,153,0.49673202614379086,1.4034348224254514,107.04637822178518,True,hit_50,,,
s3>=70 AND s10>=90 AND slope60<=-1,combo3,117,0.5042735042735043,1.5756710466972688,65,0.49230769230769234,1.3909345932378563,83.62539560136672,True,hit_50,,,
s10>=90 AND s12>=80 AND marcap200~500bn,combo3,109,0.5137614678899083,1.6053174775245693,57,0.49122807017543857,1.3878842980772468,95.4745394362967,True,hit_50,,,
s3>=70 AND KOSDAQ AND price_low<=5000won,combo3,278,0.5755395683453237,1.7983515421395482,107,0.48598130841121495,1.3730604337453138,135.01593411348452,True,hit_50,,,
chart=new_high_120 AND turnover_hot>=5pct AND price_low<=5000won,combo3,90,0.5,1.5623179022337326,70,0.4857142857142857,1.3723060049355635,91.06364037026326,True,hit_50,,,
s8>=70 AND KOSDAQ AND price_low<=5000won,combo3,373,0.5227882037533512,1.6335227396009537,138,0.4855072463768116,1.3717210492642355,103.45338680886424,True,hit_50,,,
s10>=70 AND slope60<=-1 AND pos252_top10,combo3,124,0.5483870967741935,1.7135099572886099,33,0.48484848484848486,1.3698598266736464,56.91700784068904,True,hit_50,,,
slope60<=-1 AND pos252_top10 AND rs>=1.1,combo3,144,0.5416666666666666,1.6925110607532101,33,0.48484848484848486,1.3698598266736464,56.91700784068904,True,hit_50,,,
is_first_pullback AND KOSDAQ AND price_low<=5000won,combo3,232,0.5517241379310345,1.7239369955682566,81,0.48148148148148145,1.3603469112106348,99.49805351553046,True,hit_50,,,
s10>=90 AND slope60<=-1 AND pos252_top10,combo3,100,0.55,1.718549692457106,27,0.48148148148148145,1.3603469112106348,55.76061987115501,True,hit_50,,,
s10>=70 AND new_high_240 AND marcap<=200bn,combo3,128,0.515625,1.6111403366785368,52,0.4807692307692308,1.358334563708844,62.407117301461234,True,hit_50,,,
s10>=70 AND chart=new_high_240 AND marcap<=200bn,combo3,128,0.515625,1.6111403366785368,52,0.4807692307692308,1.358334563708844,62.407117301461234,True,hit_50,,,
runup60 >= 98.8643,uni,485,0.5154639175257731,1.6106370126120952,157,0.47770700636942676,1.3496827512011444,108.09736528849567,True,hit_50,runup60,ge,98.8643
s8>=90 AND KOSDAQ AND price_low<=5000won,combo3,341,0.5190615835777126,1.6218784087705025,128,0.4765625,1.3464491362763917,105.7476893310664,True,hit_50,,,
s2>=70 AND KOSDAQ AND price_low<=5000won,combo3,395,0.5189873417721519,1.621646430166659,147,0.47619047619047616,1.345398044054474,124.90335603791472,True,hit_50,,,
s3>=90 AND KOSDAQ AND chart=V_recovery,combo3,100,0.5,1.5623179022337326,80,0.475,1.342034548944338,90.19524553722299,True,hit_50,,,
s3>=90 AND s10>=90 AND slope60<=-1,combo3,85,0.5411764705882353,1.690979376535334,40,0.475,1.342034548944338,107.45351487178058,True,hit_50,,,
s3>=90 AND new_high_120 AND price_low<=5000won,combo3,91,0.5494505494505495,1.7168328595975084,40,0.475,1.342034548944338,97.3309060992566,True,hit_50,,,
new_high_252 AND rs>=1.1 AND marcap<=200bn,combo3,145,0.5103448275862069,1.5946417209006374,59,0.4745762711864407,1.3408373727186962,60.84488989046496,True,hit_50,,,
rs>=1.1 AND marcap<=200bn AND price_low<=5000won,combo3,230,0.5173913043478261,1.6166593944853407,91,0.4725274725274725,1.335048828330978,114.38853714437093,True,hit_50,,,
s2>=70 AND chart=new_high_120 AND price_low<=5000won,combo3,95,0.5157894736842106,1.6116542570411139,89,0.47191011235955055,1.3333045784899396,89.46345561156248,True,hit_50,,,
range120_pct >= 101.342,uni,1447,0.5017277125086386,1.567716374598051,452,0.47123893805309736,1.3314082856317837,97.55158397793207,True,hit_50,range120_pct,ge,101.3423
cup_and_handle_detected AND chart=V_recovery AND marcap<=200bn,combo3,168,0.5178571428571429,1.6181149701706519,32,0.46875,1.324376199616123,57.10551637202683,True,hit_50,,,
chart=new_high_120 AND price_low<=5000won,combo2,100,0.51,1.5935642602784073,90,0.4666666666666667,1.3184900831733846,88.91141517714246,True,hit_50,,,
s4>=75 AND chart=new_high_120 AND price_low<=5000won,combo3,100,0.51,1.5935642602784073,90,0.4666666666666667,1.3184900831733846,88.91141517714246,True,hit_50,,,
new_high_60 AND chart=new_high_120 AND price_low<=5000won,combo3,100,0.51,1.5935642602784073,90,0.4666666666666667,1.3184900831733846,88.91141517714246,True,hit_50,,,
new_high_120 AND chart=new_high_120 AND price_low<=5000won,combo3,100,0.51,1.5935642602784073,90,0.4666666666666667,1.3184900831733846,88.91141517714246,True,hit_50,,,
s3>=90 AND past_60>=30 AND price_low<=5000won,combo3,103,0.5048543689320388,1.5774860372068757,54,0.46296296296296297,1.308025876164072,85.74561666438073,True,hit_50,,,
range120_pct >= 123.62,uni,967,0.5025853154084798,1.57039607132491,283,0.4628975265017668,1.3078409961815753,106.66576099556532,True,hit_50,range120_pct,ge,123.6196
KOSPI AND past_60>=30 AND marcap<=200bn,combo3,161,0.5279503105590062,1.6496524433523885,65,0.46153846153846156,1.3040011811604904,55.70757126321225,True,hit_50,,,
s3>=90 AND s10>=70 AND KOSDAQ,combo3,329,0.5197568389057751,1.6240508284618131,241,0.4605809128630705,1.3012957845190785,92.31588043131849,True,hit_50,,,
s8>=90 AND s12>=80 AND chart=persistent_uptrend,combo3,90,0.5,1.5623179022337326,37,0.4594594594594595,1.2981273019660737,100.78598714530114,True,hit_50,,,
new_high_240 AND rs>=1.1 AND marcap<=200bn,combo3,147,0.5034013605442177,1.572945915174098,61,0.45901639344262296,1.2968754916459522,58.60073029568549,True,hit_50,,,
chart=new_high_240 AND rs>=1.1 AND marcap<=200bn,combo3,147,0.5034013605442177,1.572945915174098,61,0.45901639344262296,1.2968754916459522,58.60073029568549,True,hit_50,,,
s2>=90 AND KOSDAQ AND price_low<=5000won,combo3,355,0.532394366197183,1.6635384987164814,129,0.4573643410852713,1.2922078888244135,91.75312102672405,True,hit_50,,,
s1>=90 AND KOSDAQ AND price_low<=5000won,combo3,97,0.6701030927835051,2.093828116395724,31,0.45161290322580644,1.2759581450065012,47.99391773667764,True,hit_50,,,
s3>=90 AND new_high_240 AND marcap<=200bn,combo3,98,0.6122448979591837,1.913042329265795,40,0.45,1.271401151631478,54.392441022858634,True,hit_50,,,
s3>=90 AND new_high_252 AND marcap<=200bn,combo3,92,0.6195652173913043,1.9359156614635382,40,0.45,1.271401151631478,54.392441022858634,True,hit_50,,,
s3>=90 AND chart=new_high_240 AND marcap<=200bn,combo3,98,0.6122448979591837,1.913042329265795,40,0.45,1.271401151631478,54.392441022858634,True,hit_50,,,
chart=V_recovery AND rs>=1.1 AND marcap<=200bn,combo3,131,0.5343511450381679,1.669652719944447,29,0.4482758620689655,1.2665298828512808,48.5072301779316,False,hit_50,,,
KOSDAQ AND turnover_hot>=5pct AND price_low<=5000won,combo3,402,0.5323383084577115,1.663363338696611,135,0.4444444444444444,1.2557048411175091,133.4972581548643,False,hit_50,,,
s3>=90 AND chart=persistent_uptrend AND marcap<=200bn,combo3,103,0.5145631067961165,1.6078223071531617,27,0.4444444444444444,1.2557048411175091,49.11117284745069,False,hit_50,,,
KOSDAQ AND chart=persistent_uptrend AND marcap200~500bn,combo3,110,0.5727272727272728,1.7895641425586393,59,0.4406779661016949,1.2450632746673607,98.94367122026912,False,hit_50,,,
s2>=90 AND chart=V_recovery AND pos252_top10,combo3,115,0.6260869565217392,1.9562937210578915,25,0.44,1.2431477927063341,76.8879969346785,False,hit_50,,,
s3>=90 AND KOSDAQ AND chart=persistent_uptrend,combo3,141,0.574468085106383,1.7950035472472674,82,0.43902439024390244,1.2403913674453444,74.21211427095358,False,hit_50,,,
KOSPI AND chart=V_recovery AND slope60>=1,combo3,95,0.5157894736842106,1.6116542570411139,30,0.43333333333333335,1.2243122200895715,73.30939427574698,False,hit_50,,,
is_first_pullback AND KOSDAQ AND marcap<=200bn,combo3,254,0.5393700787401575,1.6853350598899322,100,0.43,1.21489443378119,96.86047491085311,False,hit_50,,,
KOSDAQ AND marcap>3000bn,combo2,106,0.5471698113207547,1.7097063835765376,49,0.42857142857142855,1.2108582396490266,88.38938471485866,False,hit_50,,,
s4>=75 AND KOSDAQ AND marcap>3000bn,combo3,105,0.5523809523809524,1.7259893015153618,49,0.42857142857142855,1.2108582396490266,88.38938471485866,False,hit_50,,,
s3>=90 AND new_high_120 AND marcap<=200bn,combo3,111,0.5495495495495496,1.71714219885149,69,0.42028985507246375,1.1874600127959054,62.170547886663414,False,hit_50,,,
cup_and_handle_detected AND chart=persistent_uptrend AND rs<=0.95,combo3,82,0.5487804878048781,1.7147391609882432,43,0.4186046511627907,1.1826987457037006,68.33800865726485,False,hit_50,,,
s3>=90 AND past_60>=30 AND marcap<=200bn,combo3,155,0.5741935483870968,1.7941457199845445,80,0.4125,1.1654510556621882,54.287625989189756,False,hit_50,,,
s3>=90 AND s10>=70 AND slope60<=-1,combo3,131,0.5038167938931297,1.5742439930904786,78,0.41025641025641024,1.159112161031547,78.8648401306705,False,hit_50,,,
s10>=70 AND new_high_252 AND price_low<=5000won,combo3,100,0.5,1.5623179022337326,39,0.41025641025641024,1.159112161031547,71.12141161530356,False,hit_50,,,
s3>=90 AND new_high_60 AND marcap<=200bn,combo3,168,0.5,1.5623179022337326,99,0.40404040404040403,1.141549855561372,71.34816020115612,False,hit_50,,,
s3>=90 AND KOSDAQ AND past_60>=30,combo3,238,0.5462184873949579,1.7067338427763463,165,0.4,1.1301343570057583,92.70714585507899,False,hit_50,,,
s5>=70 AND chart=V_recovery AND marcap<=200bn,combo3,139,0.5035971223021583,1.5735575993721047,28,0.39285714285714285,1.1099533863449411,47.526161454396934,False,hit_50,,,
cup_and_handle_detected AND past_60>=30 AND rs<=0.95,combo3,89,0.550561797752809,1.7203051058304022,51,0.39215686274509803,1.107974859809567,63.50478986671258,False,hit_50,,,
s10>=70 AND new_high_240 AND price_low<=5000won,combo3,100,0.5,1.5623179022337326,41,0.3902439024390244,1.1025701043958618,67.28124628039564,False,hit_50,,,
s10>=70 AND chart=new_high_240 AND price_low<=5000won,combo3,100,0.5,1.5623179022337326,41,0.3902439024390244,1.1025701043958618,67.28124628039564,False,hit_50,,,
cup_and_handle_detected AND KOSDAQ AND marcap>3000bn,combo3,92,0.5760869565217391,1.800061930834518,44,0.38636363636363635,1.0916070493805619,84.02887216465125,False,hit_50,,,
s6>=70 AND marcap<=200bn AND price_low<=5000won,combo3,142,0.5070422535211268,1.5843223797299824,65,0.38461538461538464,1.0866676509670752,126.76868957831773,False,hit_50,,,
past_60>=30 AND rs<=0.95,combo2,142,0.5140845070422535,1.6063268572262321,82,0.3780487804878049,1.068114788633491,61.886599585195846,False,hit_50,,,
s2>=90 AND KOSDAQ AND chart=persistent_uptrend,combo3,154,0.525974025974026,1.643477273778342,88,0.375,1.0595009596928984,77.27299266281621,False,hit_50,,,
s8>=90 AND slope60<=-1 AND pos252_top10,combo3,184,0.5054347826086957,1.5792996185623602,40,0.375,1.0595009596928984,39.06450337554266,False,hit_50,,,
chart=persistent_uptrend AND rs<=0.95,combo2,132,0.5,1.5623179022337326,70,0.37142857142857144,1.04941047436249,64.82724015580068,False,hit_50,,,
s4>=75 AND chart=persistent_uptrend AND rs<=0.95,combo3,130,0.5,1.5623179022337326,70,0.37142857142857144,1.04941047436249,64.82724015580068,False,hit_50,,,
chart=persistent_uptrend AND past_60>=30 AND rs<=0.95,combo3,132,0.5,1.5623179022337326,70,0.37142857142857144,1.04941047436249,64.82724015580068,False,hit_50,,,
chart=persistent_uptrend AND slope60>=1 AND rs<=0.95,combo3,132,0.5,1.5623179022337326,70,0.37142857142857144,1.04941047436249,64.82724015580068,False,hit_50,,,
s4>=75 AND past_60>=30 AND rs<=0.95,combo3,140,0.5142857142857142,1.6069555565832676,81,0.37037037037037035,1.0464207009312576,61.730570167645716,False,hit_50,,,
past_60>=30 AND slope60>=1 AND rs<=0.95,combo3,142,0.5140845070422535,1.6063268572262321,81,0.37037037037037035,1.0464207009312576,61.730570167645716,False,hit_50,,,
s1>=70 AND KOSDAQ AND price_low<=5000won,combo3,154,0.5194805194805194,1.6231874308921896,54,0.37037037037037035,1.0464207009312576,45.66855763281529,False,hit_50,,,
past_60>=30 AND rs<=0.95 AND turnover_hot>=5pct,combo3,108,0.5,1.5623179022337326,44,0.36363636363636365,1.0273948700052349,61.953618229270866,False,hit_50,,,
s3>=70 AND slope60<=-1 AND pos252_top10,combo3,124,0.5080645161290323,1.5875165780762122,39,0.358974358974359,1.0142231409026035,42.14183662352644,False,hit_50,,,
s3>=90 AND new_high_60 AND price_low<=5000won,combo3,139,0.5035971223021583,1.5735575993721047,68,0.35294117647058826,0.9971773738286103,79.89417522284623,False,hit_50,,,
chart=box_breakout AND marcap<=200bn AND price_low<=5000won,combo3,118,0.5169491525423728,1.6152778311230116,43,0.3488372093023256,0.9855822880864171,72.81950044456325,False,hit_50,,,
s3>=90 AND KOSDAQ AND slope60<=-1,combo3,153,0.5032679738562091,1.5725291303529072,121,0.34710743801652894,0.9806951031868151,69.97590769962926,False,hit_50,,,
s2>=90 AND chart=persistent_uptrend AND price_low<=5000won,combo3,96,0.53125,1.659962771123341,29,0.3448275862068966,0.9742537560394469,56.78570499500308,False,hit_50,,,
s3>=70 AND new_high_60 AND slope60<=-1,combo3,80,0.525,1.6404337973454193,56,0.3392857142857143,0.9585961063888129,52.41895012638484,False,hit_50,,,
s1>=90 AND KOSDAQ AND marcap<=200bn,combo3,89,0.550561797752809,1.7203051058304022,37,0.32432432432432434,0.9163251543289932,47.867364987228015,False,hit_50,,,
past_60>=30 AND pos252_top10 AND rs<=0.95,combo3,80,0.6,1.874781482680479,41,0.3170731707317073,0.8958382098216376,62.563343698585946,False,hit_50,,,
gap_support_detected AND price_low<=5000won,combo2,86,0.5,1.5623179022337326,38,0.3157894736842105,0.8922113344782301,33.08022571101818,False,hit_50,,,
s2>=90 AND chart=persistent_uptrend AND marcap200~500bn,combo3,126,0.5079365079365079,1.5871165990945855,71,0.30985915492957744,0.8754561920467141,65.085501515028,False,hit_50,,,
KOSDAQ AND pos252_top10 AND price_low<=5000won,combo3,155,0.5483870967741935,1.7135099572886099,42,0.30952380952380953,0.8745087286354082,100.8034065931068,False,hit_50,,,
s5>=70 AND chart=sideways AND marcap<=200bn,combo3,134,0.5746268656716418,1.7954996786865285,52,0.3076923076923077,0.8693341207736602,43.15718841963444,False,hit_50,,,
s2>=90 AND s6>=70 AND price_low<=5000won,combo3,139,0.5035971223021583,1.5735575993721047,51,0.29411764705882354,0.8309811448571752,51.26559847136801,False,hit_50,,,
s2>=90 AND slope60<=-1 AND pos252_top10,combo3,182,0.5,1.5623179022337326,35,0.2857142857142857,0.8072388264326844,29.105164356388862,False,hit_50,,,
s1>=70 AND chart=sideways AND marcap<=200bn,combo3,159,0.5408805031446541,1.6900545860641636,50,0.28,0.7910940499040309,38.26013349329019,False,hit_50,,,
s8>=90 AND chart=V_recovery AND price_low<=5000won,combo3,102,0.5,1.5623179022337326,25,0.28,0.7910940499040309,59.44869302318336,False,hit_50,,,
s3>=70 AND chart=sideways AND marcap<=200bn,combo3,144,0.5069444444444444,1.5840167619869787,47,0.2765957446808511,0.7814758851635563,40.18988000657037,False,hit_50,,,
KOSPI AND chart=sideways AND marcap<=200bn,combo3,112,0.5714285714285714,1.7855061739814087,55,0.2727272727272727,0.770546152503926,34.184167290353656,False,hit_50,,,
s3>=90 AND marcap>3000bn AND turnover_hot>=5pct,combo3,104,0.5,1.5623179022337326,45,0.26666666666666666,0.7534229046705054,51.22793855253208,False,hit_50,,,
s1>=90 AND marcap<=200bn AND price_low<=5000won,combo3,302,0.5165562913907285,1.614050283102399,131,0.2595419847328244,0.7332932850800721,44.90112404276788,False,hit_50,,,
is_first_pullback AND chart=sideways AND price_low<=5000won,combo3,83,0.6024096385542169,1.8823107255828104,39,0.2564102564102564,0.7244451006447168,34.8397431974017,False,hit_50,,,
s3>=70 AND chart=box_breakout AND price_low<=5000won,combo3,92,0.5217391304347826,1.6302447675482428,40,0.25,0.7063339731285989,59.09108466880898,False,hit_50,,,
s8>=90 AND chart=sideways AND marcap<=200bn,combo3,208,0.5144230769230769,1.607384764798167,94,0.24468085106382978,0.6913055907216074,35.90652230229357,False,hit_50,,,
cup_and_handle_detected AND chart=V_recovery AND price_low<=5000won,combo3,111,0.5585585585585585,1.7452920709638093,29,0.2413793103448276,0.6819776292276127,51.182037385899974,False,hit_50,,,
chart=sideways AND marcap<=200bn AND price_low<=5000won,combo3,127,0.5433070866141733,1.6976367756555522,63,0.23809523809523808,0.672699022027237,33.29643830918965,False,hit_50,,,
is_first_pullback AND chart=sideways AND marcap<=200bn,combo3,137,0.5766423357664233,1.8017972887075162,42,0.23809523809523808,0.672699022027237,37.36586278687042,False,hit_50,,,
gap_support_detected AND marcap<=200bn,combo2,103,0.5339805825242718,1.6684948470457337,47,0.23404255319148937,0.6612488259076245,29.021840163889376,False,hit_50,,,
s8>=70 AND chart=sideways AND marcap<=200bn,combo3,213,0.5070422535211268,1.5843223797299824,100,0.23,0.649827255278311,34.49083407251672,False,hit_50,,,
s4>=75 AND gap_support_detected AND marcap<=200bn,combo3,94,0.5638297872340425,1.7617627408167622,41,0.21951219512195122,0.6201956837226722,27.67835110140596,False,hit_50,,,
gap_support_detected AND turnover_hot>=5pct AND price_low<=5000won,combo3,81,0.5061728395061729,1.5816057775699517,32,0.21875,0.618042226487524,27.894790049043472,False,hit_50,,,
gap_support_detected AND marcap<=200bn AND turnover_hot>=5pct,combo3,103,0.5339805825242718,1.6684948470457337,40,0.2,0.5650671785028791,27.57534360807973,False,hit_50,,,
s1>=90 AND chart=sideways AND marcap<=200bn,combo3,92,0.5760869565217391,1.800061930834518,25,0.2,0.5650671785028791,39.791867269315105,False,hit_50,,,
chart=V_recovery AND turnover_hot>=5pct AND price_low<=5000won,combo3,135,0.5259259259259259,1.643326978645852,37,0.1891891891891892,0.5345230066919127,41.2071581504431,False,hit_50,,,
s2>=90 AND chart=V_recovery AND price_low<=5000won,combo3,111,0.5315315315315315,1.660842454626851,33,0.18181818181818182,0.5136974350026174,39.36366644741826,False,hit_50,,,
s8>=70 AND chart=V_recovery AND price_low<=5000won,combo3,128,0.53125,1.659962771123341,39,0.1794871794871795,0.5071115704513017,41.41808093794752,False,hit_50,,,
s8>=70 AND gap_support_detected AND marcap<=200bn,combo3,80,0.575,1.7966655875687925,36,0.16666666666666666,0.4708893154190659,23.207796707784162,False,hit_50,,,
chart=V_recovery AND price_low<=5000won,combo2,149,0.5302013422818792,1.6566860976706694,43,0.16279069767441862,0.4599384011069947,38.49000361609796,False,hit_50,,,
s4>=75 AND chart=V_recovery AND price_low<=5000won,combo3,148,0.527027027027027,1.646767518570691,43,0.16279069767441862,0.4599384011069947,38.49000361609796,False,hit_50,,,
s2>=70 AND chart=V_recovery AND price_low<=5000won,combo3,128,0.53125,1.659962771123341,39,0.15384615384615385,0.4346670603868301,36.25285916857347,False,hit_50,,,
KOSPI AND chart=V_recovery AND price_low<=5000won,combo3,82,0.5609756097560976,1.7528444756768709,34,0.14705882352941177,0.4154905724285876,34.377743036269315,False,hit_50,,,
s5>=70 AND chart=V_recovery AND price_low<=5000won,combo3,92,0.5108695652173914,1.596281334890988,29,0.0,0.0,7.226613118651473,False,hit_50,,,
s3>=70 AND chart=V_recovery AND price_low<=5000won,combo3,84,0.6190476190476191,1.9342983551465263,24,,,,False,hit_50,,,
s10>=70 AND chart=V_recovery AND marcap<=200bn,combo3,119,0.5210084033613446,1.6279615115712844,24,,,,False,hit_50,,,
is_first_pullback AND chart=V_recovery AND marcap<=200bn,combo3,96,0.5,1.5623179022337326,24,,,,False,hit_50,,,
KOSDAQ AND chart=persistent_uptrend AND marcap<=200bn,combo3,85,0.5411764705882353,1.690979376535334,24,,,,False,hit_50,,,
chart=persistent_uptrend AND marcap<=200bn AND price_low<=5000won,combo3,81,0.5555555555555556,1.735908780259703,24,,,,False,hit_50,,,
KOSDAQ AND chart=box_breakout AND pos252_top10,combo3,89,0.5168539325842697,1.6149803034326227,22,,,,False,hit_50,,,
is_first_pullback AND past_60>=30 AND price_low<=5000won,combo3,80,0.525,1.6404337973454193,20,,,,False,hit_50,,,
KOSPI AND chart=V_recovery AND pos252_top10,combo3,114,0.5964912280701754,1.8638178482788388,20,,,,False,hit_50,,,
slope60<=-1 AND rs>=1.1 AND price_low<=5000won,combo3,83,0.6385542168674698,1.9952493691177788,20,,,,False,hit_50,,,
KOSPI AND past_120>=50 AND marcap<=200bn,combo3,95,0.5157894736842106,1.6116542570411139,19,,,,False,hit_50,,,
chart=V_recovery AND rs>=1.1 AND price_low<=5000won,combo3,82,0.5365853658536586,1.6766338462996155,19,,,,False,hit_50,,,
slope60<=-1 AND rs>=1.1 AND marcap<=200bn,combo3,110,0.5,1.5623179022337326,18,,,,False,hit_50,,,
is_first_pullback AND chart=persistent_uptrend AND marcap<=200bn,combo3,97,0.5463917525773195,1.707275233368821,16,,,,False,hit_50,,,
chart=V_recovery AND marcap<=200bn AND price_low<=5000won,combo3,92,0.5760869565217391,1.800061930834518,14,,,,False,hit_50,,,
