Date,YYYYMM,Year,Code,Name,Market,Close,peak_180d,ret_180d,sell_date,Score,Amount,chart_pattern,past_60,past_120,pos_252_high,For_5d,Inst_5d,For_20d,Inst_20d,PER_num,PBR_num,시총_num
2023-07-14,2023-07,2023,065350,신성델타테크,KOSDAQ,12040.0,1434.8837209302326,757.9734219269103,2024-04-09,51.68,74018982240.0,downtrend,-14.567901234567904,28.148148148148145,-20.09237875288684,7708.0,-26570.0,-15957.0,-6520.0,62.15,5.42,1349500000000.0
2023-07-20,2023-07,2023,065350,신성델타테크,KOSDAQ,13190.0,1301.0614101592114,585.3677028051554,2024-04-16,48.28,36318282490.0,sideways,3.1355932203389836,50.06165228113439,-6.312548113933792,199904.0,56377.0,220072.0,-7918.0,62.15,5.42,1349500000000.0
2025-07-08,2025-07,2025,010170,대한광통신,KOSDAQ,1009.0,1198.3151635282456,1162.6362735381565,2026-04-03,55.39,7963975451.0,persistent_uptrend,89.9581589958159,9.265944645006009,-13.523809523809527,,,,,,49.49,3778300000000.0
2025-07-08,2025-07,2025,010170,대한광통신,KOSDAQ,1009.0,1198.3151635282456,1162.6362735381565,2026-04-03,59.38,7963975451.0,persistent_uptrend,89.9581589958159,9.265944645006009,-13.523809523809527,,,,,,49.49,3778300000000.0
2025-07-08,2025-07,2025,010170,대한광통신,KOSDAQ,1009.0,1198.3151635282456,1162.6362735381565,2026-04-03,60.23,7963975451.0,persistent_uptrend,89.9581589958159,9.265944645006009,-13.523809523809527,,,,,,49.49,3778300000000.0
2025-07-08,2025-07,2025,010170,대한광통신,KOSDAQ,1009.0,1198.3151635282456,1162.6362735381565,2026-04-03,52.11,7963975451.0,persistent_uptrend,89.9581589958159,9.265944645006009,-13.523809523809527,,,,,,49.49,3778300000000.0
2024-04-25,2024-04,2024,033790,피노,KOSDAQ,1472.0,1082.7445652173913,280.4347826086956,2025-01-22,44.11,8216680448.0,mixed,9.48905109489051,35.67839195979901,-33.98533007334963,,,,,,8.64,1029100000000.0
2025-06-19,2025-06,2025,319400,현대무벡스,KOSDAQ,4825.0,944.5595854922279,531.0880829015545,2026-03-17,55.98,27724652650.0,mixed,22.00557103064067,33.33333333333333,-2.5583982202447175,694151.0,121370.0,164133.0,146601.0,377.78,25.7,4165500000000.0
2025-05-19,2025-05,2025,030530,원익홀딩스,KOSDAQ,5310.0,852.919020715631,582.6741996233521,2026-02-10,53.44,262664863560.0,mixed,31.56384505021521,100.21834061135371,-6.045081967213117,,,,,79.01,2.14,2166500000000.0
2025-05-19,2025-05,2025,030530,원익홀딩스,KOSDAQ,5310.0,852.919020715631,582.6741996233521,2026-02-10,60.44,262664863560.0,mixed,31.56384505021521,100.21834061135371,-6.045081967213117,,,,,79.01,2.14,2166500000000.0
2025-05-19,2025-05,2025,030530,원익홀딩스,KOSDAQ,5310.0,852.919020715631,582.6741996233521,2026-02-10,58.19,262664863560.0,mixed,31.56384505021521,100.21834061135371,-6.045081967213117,,,,,79.01,2.14,2166500000000.0
2023-01-03,2023-01,2023,328130,루닛,KOSDAQ,7377.0,757.4352717907008,538.9453707469161,2023-09-22,47.24,18498410283.0,mixed,20.465030448422226,,-36.38666926525044,41817.0,5983.0,59118.0,64573.0,,9.25,685400000000.0
2025-07-21,2025-07,2025,030530,원익홀딩스,KOSDAQ,6350.0,696.8503937007874,384.25196850393706,2026-04-16,53.68,30515159950.0,persistent_uptrend,43.55828220858895,112.34119782214158,-5.339805825242716,,,,,79.01,2.14,2166500000000.0
2023-11-02,2023-11,2023,080220,제주반도체,KOSDAQ,4920.0,683.5365853658536,211.9918699186992,2024-07-26,70.88,126924442920.0,downtrend,-12.987012987012992,-14.558979808714135,-33.88157894736842,,,,,36.1,13.1,4088400000000.0
2023-11-02,2023-11,2023,080220,제주반도체,KOSDAQ,4920.0,683.5365853658536,211.9918699186992,2024-07-26,79.59,126924442920.0,downtrend,-12.987012987012992,-14.558979808714135,-33.88157894736842,,,,,36.1,13.1,4088400000000.0
2023-11-02,2023-11,2023,080220,제주반도체,KOSDAQ,4920.0,683.5365853658536,211.9918699186992,2024-07-26,73.26,126924442920.0,downtrend,-12.987012987012992,-14.558979808714135,-33.88157894736842,,,,,36.1,13.1,4088400000000.0
2023-01-18,2023-01,2023,328130,루닛,KOSDAQ,8225.0,669.0334346504559,335.9392097264438,2023-10-16,50.97,37545405975.0,persistent_uptrend,56.91403081914031,-8.554885974240811,-24.585850711362312,38994.0,-68461.0,42626.0,-120331.0,,9.25,685400000000.0
2025-04-18,2025-04,2025,347850,디앤디파마텍,KOSDAQ,14864.0,664.935414424112,521.6361679224973,2026-01-15,47.24,116299919552.0,downtrend,-10.530005608524961,2.202290381997285,-15.004995004995003,192349.0,-15270.0,234695.0,-280035.0,,38.17,3053100000000.0
2025-06-30,2025-06,2025,090710,휴림로봇,KOSDAQ,3495.0,661.0872675250357,275.10729613733906,2026-03-26,52.56,214204072905.0,new_high_240,58.08080808080809,128.96854425749814,0.0,,,,,,10.9,1390500000000.0
2022-12-14,2022-12,2022,007660,이수페타시스,KOSPI,6156.0,584.0318388564002,432.37491877842757,2023-09-05,54.07,5745819564.0,mixed,-0.31927407158460763,-12.235537801449913,-28.82169426445884,67839.0,892063.0,-484056.0,1467403.0,53.16,12.25,9256900000000.0
2025-01-09,2025-01,2025,108490,로보티즈,KOSDAQ,29896.0,559.9545089644099,539.8849344393899,2025-10-10,64.28,239203636032.0,persistent_uptrend,38.8603327253634,6.833354594548635,-22.87100141216921,-34565.0,33405.0,34315.0,191780.0,807.69,14.03,4463100000000.0
2025-01-09,2025-01,2025,108490,로보티즈,KOSDAQ,29896.0,559.9545089644099,539.8849344393899,2025-10-10,67.65,239203636032.0,persistent_uptrend,38.8603327253634,6.833354594548635,-22.87100141216921,-34565.0,33405.0,34315.0,191780.0,807.69,14.03,4463100000000.0
2025-01-09,2025-01,2025,108490,로보티즈,KOSDAQ,29896.0,559.9545089644099,539.8849344393899,2025-10-10,58.62,239203636032.0,persistent_uptrend,38.8603327253634,6.833354594548635,-22.87100141216921,-34565.0,33405.0,34315.0,191780.0,807.69,14.03,4463100000000.0
2023-11-23,2023-11,2023,080220,제주반도체,KOSDAQ,5900.0,553.3898305084746,138.3050847457627,2024-08-19,56.89,150702337100.0,mixed,28.60576923076923,-2.1937842778793404,-12.006578947368418,,,,,36.1,13.1,4088400000000.0
2023-11-23,2023-11,2023,080220,제주반도체,KOSDAQ,5900.0,553.3898305084746,138.3050847457627,2024-08-19,53.26,150702337100.0,mixed,28.60576923076923,-2.1937842778793404,-12.006578947368418,,,,,36.1,13.1,4088400000000.0
2023-11-23,2023-11,2023,080220,제주반도체,KOSDAQ,5900.0,553.3898305084746,138.3050847457627,2024-08-19,58.68,150702337100.0,mixed,28.60576923076923,-2.1937842778793404,-12.006578947368418,,,,,36.1,13.1,4088400000000.0
2025-08-13,2025-08,2025,009150,삼성전기,KOSPI,162900.0,550.7059545733579,531.6758747697974,2026-05-13,56.34,92707856100.0,mixed,28.71125611745513,7.055630936227941,-1.4366021236727033,300971.0,300911.0,1476627.0,519040.0,147.27,10.61,100089600000000.0
2022-11-30,2022-11,2022,022100,포스코DX,KOSPI,7020.0,546.7236467236467,390.02849002849,2023-08-22,60.12,115911565380.0,pullback_recovery,-3.765060240963858,4.92610837438423,-5.052005943536408,-569965.0,-483865.0,751008.0,-362002.0,144.49,8.93,4986700000000.0
2022-11-30,2022-11,2022,022100,포스코DX,KOSPI,7020.0,546.7236467236467,390.02849002849,2023-08-22,62.79,115911565380.0,pullback_recovery,-3.765060240963858,4.92610837438423,-5.052005943536408,-569965.0,-483865.0,751008.0,-362002.0,144.49,8.93,4986700000000.0
2022-11-30,2022-11,2022,022100,포스코DX,KOSPI,7020.0,546.7236467236467,390.02849002849,2023-08-22,55.02,115911565380.0,pullback_recovery,-3.765060240963858,4.92610837438423,-5.052005943536408,-569965.0,-483865.0,751008.0,-362002.0,144.49,8.93,4986700000000.0
2022-11-30,2022-11,2022,022100,포스코DX,KOSPI,7020.0,546.7236467236467,390.02849002849,2023-08-22,62.61,115911565380.0,pullback_recovery,-3.765060240963858,4.92610837438423,-5.052005943536408,-569965.0,-483865.0,751008.0,-362002.0,144.49,8.93,4986700000000.0
2021-08-17,2021-08,2021,112040,위메이드,KOSDAQ,38140.0,544.2055584687992,62.55899318300997,2022-05-12,65.7,182070291040.0,box_breakout,19.768929700436555,56.91253328074155,-1.7170562984466176,192174.0,291728.0,-23136.0,116664.0,,1.7,697600000000.0
2021-08-17,2021-08,2021,112040,위메이드,KOSDAQ,38140.0,544.2055584687992,62.55899318300997,2022-05-12,65.03,182070291040.0,box_breakout,19.768929700436555,56.91253328074155,-1.7170562984466176,192174.0,291728.0,-23136.0,116664.0,,1.7,697600000000.0
2021-08-17,2021-08,2021,112040,위메이드,KOSDAQ,38140.0,544.2055584687992,62.55899318300997,2022-05-12,74.31,182070291040.0,box_breakout,19.768929700436555,56.91253328074155,-1.7170562984466176,192174.0,291728.0,-23136.0,116664.0,,1.7,697600000000.0
2022-07-28,2022-07,2022,009520,포스코엠텍,KOSDAQ,6180.0,540.7766990291262,406.4724919093851,2023-04-19,51.1,69424451400.0,pullback_recovery,-17.966573816155986,-15.736766809728186,-34.98896247240618,-54544.0,4030.0,-122773.0,-4459.0,168.77,6.52,745000000000.0
2024-12-18,2024-12,2024,097230,HJ중공업,KOSPI,5390.0,537.2912801484231,513.1725417439703,2025-09-16,51.83,30327276980.0,persistent_uptrend,51.07913669064747,22.98682284040996,-9.967845659163988,,,,,37.27,3.04,2036200000000.0
2022-09-14,2022-09,2022,086520,에코프로,KOSDAQ,25613.0,528.1458634287276,407.11357513762545,2023-06-07,42.19,220556155526.0,new_high_120,67.34536803806326,36.11632804052132,-18.79604794078702,149849.0,-3903.0,-49586.0,77708.0,,10.03,19891200000000.0
2021-03-04,2021-03,2021,052690,한전기술,KOSPI,19100.0,509.94764397905755,395.8115183246074,2021-11-23,52.25,18595855500.0,mixed,6.606606606606613,8.231707317073166,-7.0680628272251305,155865.0,156272.0,140375.0,186799.0,65.58,8.92,5599200000000.0
2020-08-11,2020-08,2020,027360,아주IB투자,KOSDAQ,1540.0,507.1428571428571,355.8441558441558,2021-05-06,57.5,10653890940.0,sideways,12.400000000000011,6.844106463878319,-6.020066889632103,,,,,228.7,7.09,1911700000000.0
2025-08-08,2025-08,2025,009150,삼성전기,KOSPI,160100.0,506.49594003747654,470.89319175515305,2026-05-08,53.37,107411410200.0,new_high_240,23.25396825396826,7.474048442906578,-2.6942355889724268,310515.0,212604.0,1297320.0,359607.0,147.27,10.61,100089600000000.0
2025-05-02,2025-05,2025,347850,디앤디파마텍,KOSDAQ,18868.0,502.60758956964173,426.28789484842065,2026-01-28,47.31,52085434756.0,new_high_240,18.65766146053187,63.39856616934703,0.0,-119650.0,-53037.0,147593.0,-100551.0,,38.17,3053100000000.0
2025-08-05,2025-08,2025,009150,삼성전기,KOSPI,155700.0,494.0912010276172,489.5953757225434,2026-05-04,56.23,150251434200.0,mixed,27.589134125636683,8.519855595667881,-10.535714285714281,983876.0,391554.0,1181495.0,126284.0,147.27,10.61,100089600000000.0
2022-08-02,2022-08,2022,009520,포스코엠텍,KOSDAQ,6680.0,492.814371257485,324.4011976047904,2023-04-24,52.14,75736858040.0,V_recovery,-13.888888888888884,-15.760869565217394,-31.56732891832229,3160.0,-28.0,-171037.0,-3678.0,168.77,6.52,745000000000.0
2024-12-20,2024-12,2024,097230,HJ중공업,KOSPI,5850.0,487.1794871794871,395.7264957264957,2025-09-18,50.76,52970211450.0,persistent_uptrend,89.76234003656307,53.77777777777777,-3.710575139146566,,,,,37.27,3.04,2036200000000.0
2024-12-20,2024-12,2024,097230,HJ중공업,KOSPI,5850.0,487.1794871794871,395.7264957264957,2025-09-18,49.6,52970211450.0,persistent_uptrend,89.76234003656307,53.77777777777777,-3.710575139146566,,,,,37.27,3.04,2036200000000.0
2024-12-20,2024-12,2024,097230,HJ중공업,KOSPI,5850.0,487.1794871794871,395.7264957264957,2025-09-18,54.6,52970211450.0,persistent_uptrend,89.76234003656307,53.77777777777777,-3.710575139146566,,,,,37.27,3.04,2036200000000.0
2024-12-20,2024-12,2024,097230,HJ중공업,KOSPI,5850.0,487.1794871794871,395.7264957264957,2025-09-18,47.46,52970211450.0,persistent_uptrend,89.76234003656307,53.77777777777777,-3.710575139146566,,,,,37.27,3.04,2036200000000.0
2025-08-04,2025-08,2025,009150,삼성전기,KOSPI,150300.0,483.4996673320027,453.5595475715236,2026-04-30,54.19,127798887600.0,mixed,21.132713440405748,6.463595839524516,-16.637579988365324,892821.0,260179.0,1082005.0,-38954.0,147.27,10.61,100089600000000.0
2020-10-26,2020-10,2020,011200,HMM,KOSPI,8820.0,479.36507936507934,388.6621315192744,2021-07-15,49.12,204629900580.0,new_high_240,56.09284332688589,124.16666666666667,0.0,1655087.0,2422503.0,-126686.0,3076518.0,13.41,0.7,19336400000000.0
2023-03-13,2023-03,2023,065350,신성델타테크,KOSDAQ,12210.0,470.02457002457004,222.68632268632268,2023-12-04,64.58,138788774520.0,mixed,8.777777777777773,-6.315789473684208,-38.037974683544306,9802.0,-28840.0,-60098.0,-130161.0,62.15,5.42,1349500000000.0
2023-03-13,2023-03,2023,065350,신성델타테크,KOSDAQ,12210.0,470.02457002457004,222.68632268632268,2023-12-04,56.7,138788774520.0,mixed,8.777777777777773,-6.315789473684208,-38.037974683544306,9802.0,-28840.0,-60098.0,-130161.0,62.15,5.42,1349500000000.0
2023-03-13,2023-03,2023,065350,신성델타테크,KOSDAQ,12210.0,470.02457002457004,222.68632268632268,2023-12-04,60.25,138788774520.0,mixed,8.777777777777773,-6.315789473684208,-38.037974683544306,9802.0,-28840.0,-60098.0,-130161.0,62.15,5.42,1349500000000.0
2025-08-18,2025-08,2025,126340,비나텍,KOSDAQ,35903.0,469.59028493440655,331.9973261287358,2026-05-15,65.83,17201809457.0,sideways,7.757888658673284,17.447800977343398,-21.191872019077906,129552.0,75468.0,144122.0,66681.0,,14.18,1207300000000.0
2025-08-18,2025-08,2025,126340,비나텍,KOSDAQ,35903.0,469.59028493440655,331.9973261287358,2026-05-15,75.26,17201809457.0,sideways,7.757888658673284,17.447800977343398,-21.191872019077906,129552.0,75468.0,144122.0,66681.0,,14.18,1207300000000.0
2025-08-18,2025-08,2025,126340,비나텍,KOSDAQ,35903.0,469.59028493440655,331.9973261287358,2026-05-15,65.63,17201809457.0,sideways,7.757888658673284,17.447800977343398,-21.191872019077906,129552.0,75468.0,144122.0,66681.0,,14.18,1207300000000.0
2024-09-20,2024-09,2024,124500,아이티센글로벌,KOSDAQ,5720.0,468.1818181818182,437.5874125874126,2025-06-23,62.6,23287761640.0,box_breakout,16.62707838479811,-40.4126213592233,-59.65488907148726,571926.0,3299.0,55592.0,3299.0,21.15,8.44,1211300000000.0
2024-09-20,2024-09,2024,124500,아이티센글로벌,KOSDAQ,5720.0,468.1818181818182,437.5874125874126,2025-06-23,58.73,23287761640.0,box_breakout,16.62707838479811,-40.4126213592233,-59.65488907148726,571926.0,3299.0,55592.0,3299.0,21.15,8.44,1211300000000.0
2024-09-20,2024-09,2024,124500,아이티센글로벌,KOSDAQ,5720.0,468.1818181818182,437.5874125874126,2025-06-23,55.42,23287761640.0,box_breakout,16.62707838479811,-40.4126213592233,-59.65488907148726,571926.0,3299.0,55592.0,3299.0,21.15,8.44,1211300000000.0
2023-01-30,2023-01,2023,007660,이수페타시스,KOSPI,7420.0,467.5067385444744,225.70080862533692,2023-10-24,75.88,86265150020.0,mixed,14.460176991150453,-12.726045883940618,-22.40220782337413,1211571.0,419041.0,1264085.0,247178.0,53.16,12.25,9256900000000.0
2023-01-30,2023-01,2023,007660,이수페타시스,KOSPI,7420.0,467.5067385444744,225.70080862533692,2023-10-24,68.69,86265150020.0,mixed,14.460176991150453,-12.726045883940618,-22.40220782337413,1211571.0,419041.0,1264085.0,247178.0,53.16,12.25,9256900000000.0
2023-01-30,2023-01,2023,007660,이수페타시스,KOSPI,7420.0,467.5067385444744,225.70080862533692,2023-10-24,67.58,86265150020.0,mixed,14.460176991150453,-12.726045883940618,-22.40220782337413,1211571.0,419041.0,1264085.0,247178.0,53.16,12.25,9256900000000.0
2023-01-30,2023-01,2023,007660,이수페타시스,KOSPI,7420.0,467.5067385444744,225.70080862533692,2023-10-24,58.72,86265150020.0,mixed,14.460176991150453,-12.726045883940618,-22.40220782337413,1211571.0,419041.0,1264085.0,247178.0,53.16,12.25,9256900000000.0
2025-04-14,2025-04,2025,445680,큐리옥스바이오시스템즈,KOSDAQ,22000.0,462.7272727272727,416.8181818181818,2026-01-09,46.59,7814752000.0,V_recovery,-5.55023923444976,-13.421052631578945,-39.18481777010998,39128.0,-16641.0,-24242.0,-31620.0,,27.95,1482900000000.0
2025-01-31,2025-01,2025,458870,씨어스,KOSDAQ,4886.0,458.35038886614814,431.0478919361441,2025-10-28,51.64,11783468480.0,box_breakout,18.067754077791708,28.481703986892406,-23.74392220421394,-78263.0,52398.0,-57358.0,51568.0,45.95,25.91,1402500000000.0
2022-08-03,2022-08,2022,009520,포스코엠텍,KOSDAQ,7140.0,454.62184873949576,254.34173669467785,2023-04-25,62.17,132977509140.0,V_recovery,-5.782792665726378,-8.493150684931505,-26.269315673289185,-53432.0,56215.0,-154937.0,51158.0,168.77,6.52,745000000000.0
2022-08-09,2022-08,2022,009520,포스코엠텍,KOSDAQ,7330.0,440.24556616643935,219.23601637107777,2023-05-02,60.28,56495799080.0,V_recovery,5.692307692307685,-3.1029619181946355,-24.17218543046358,150486.0,52527.0,86062.0,47893.0,168.77,6.52,745000000000.0
2020-09-24,2020-09,2020,027360,아주IB투자,KOSDAQ,1755.0,432.7635327635328,304.55840455840456,2021-06-21,79.86,43213507155.0,mixed,13.688212927756659,43.75,-3.2362459546925515,,,,,228.7,7.09,1911700000000.0
2020-09-24,2020-09,2020,027360,아주IB투자,KOSDAQ,1755.0,432.7635327635328,304.55840455840456,2021-06-21,72.75,43213507155.0,mixed,13.688212927756659,43.75,-3.2362459546925515,,,,,228.7,7.09,1911700000000.0
2020-09-24,2020-09,2020,027360,아주IB투자,KOSDAQ,1755.0,432.7635327635328,304.55840455840456,2021-06-21,72.78,43213507155.0,mixed,13.688212927756659,43.75,-3.2362459546925515,,,,,228.7,7.09,1911700000000.0
2022-10-13,2022-10,2022,009520,포스코엠텍,KOSDAQ,7450.0,431.54362416107386,219.46308724832213,2023-07-04,53.16,223059019600.0,mixed,5.5462184873949605,-16.37816245006658,-30.684326710816777,-175592.0,-580.0,-101033.0,-256.0,168.77,6.52,745000000000.0
2022-10-13,2022-10,2022,009520,포스코엠텍,KOSDAQ,7450.0,431.54362416107386,219.46308724832213,2023-07-04,52.38,223059019600.0,mixed,5.5462184873949605,-16.37816245006658,-30.684326710816777,-175592.0,-580.0,-101033.0,-256.0,168.77,6.52,745000000000.0
2022-10-13,2022-10,2022,009520,포스코엠텍,KOSDAQ,7450.0,431.54362416107386,219.46308724832213,2023-07-04,54.13,223059019600.0,mixed,5.5462184873949605,-16.37816245006658,-30.684326710816777,-175592.0,-580.0,-101033.0,-256.0,168.77,6.52,745000000000.0
2021-12-13,2021-12,2021,090710,휴림로봇,KOSDAQ,2335.0,427.8372591006424,191.7344753747323,2022-09-05,45.37,52407202330.0,downtrend,-23.58024691358025,-30.24042073628851,-61.80584121760593,,,,,,10.9,1390500000000.0
2023-06-19,2023-06,2023,087010,펩트론,KOSDAQ,8751.0,422.1460404525197,184.05896468974973,2024-03-13,75.92,10902205824.0,mixed,-0.3974235987392105,-13.89645776566758,-27.882516372296095,126187.0,-74548.0,157957.0,-113528.0,,41.98,5980900000000.0
2023-06-19,2023-06,2023,087010,펩트론,KOSDAQ,8751.0,422.1460404525197,184.05896468974973,2024-03-13,76.36,10902205824.0,mixed,-0.3974235987392105,-13.89645776566758,-27.882516372296095,126187.0,-74548.0,157957.0,-113528.0,,41.98,5980900000000.0
2023-06-19,2023-06,2023,087010,펩트론,KOSDAQ,8751.0,422.1460404525197,184.05896468974973,2024-03-13,83.92,10902205824.0,mixed,-0.3974235987392105,-13.89645776566758,-27.882516372296095,126187.0,-74548.0,157957.0,-113528.0,,41.98,5980900000000.0
2024-12-23,2024-12,2024,097230,HJ중공업,KOSPI,6660.0,415.76576576576576,337.6876876876877,2025-09-19,51.76,52654965660.0,new_high_240,115.4696132596685,63.63636363636365,0.0,,,,,37.27,3.04,2036200000000.0
2023-12-14,2023-12,2023,232140,와이씨,KOSDAQ,4480.0,412.27678571428567,165.40178571428572,2024-09-09,54.78,216610629760.0,box_breakout,3.092783505154628,-9.6045197740113,-14.163090128755362,,,,,81.23,4.25,1566200000000.0
2023-12-14,2023-12,2023,232140,와이씨,KOSDAQ,4480.0,412.27678571428567,165.40178571428572,2024-09-09,58.17,216610629760.0,box_breakout,3.092783505154628,-9.6045197740113,-14.163090128755362,,,,,81.23,4.25,1566200000000.0
2023-12-14,2023-12,2023,232140,와이씨,KOSDAQ,4480.0,412.27678571428567,165.40178571428572,2024-09-09,51.75,216610629760.0,box_breakout,3.092783505154628,-9.6045197740113,-14.163090128755362,,,,,81.23,4.25,1566200000000.0
2023-12-14,2023-12,2023,232140,와이씨,KOSDAQ,4480.0,412.27678571428567,165.40178571428572,2024-09-09,55.91,216610629760.0,box_breakout,3.092783505154628,-9.6045197740113,-14.163090128755362,,,,,81.23,4.25,1566200000000.0
2022-08-02,2022-08,2022,277810,레인보우로보틱스,KOSDAQ,29300.0,411.94539249146754,245.05119453924914,2023-04-24,47.48,76271035100.0,new_high_120,24.33035714285714,18.259023354564754,-1.2411347517730542,348519.0,-27697.0,354810.0,14612.0,10328.77,109.29,14627500000000.0
2022-11-09,2022-11,2022,094170,동운아나텍,KOSDAQ,9757.0,407.4920569847289,192.53869017115917,2023-07-31,49.9,10901359502.0,mixed,16.097248880358283,84.59816887080368,-10.363564512942103,10238.0,-21951.0,-68709.0,-171722.0,162.92,13.36,923200000000.0
2023-02-08,2023-02,2023,007660,이수페타시스,KOSPI,8324.0,405.87457952907255,179.22873618452667,2023-11-02,57.22,148239776956.0,new_high_120,40.21982116244411,9.787047841306883,-9.683225341972646,953094.0,313608.0,2643577.0,120667.0,53.16,12.25,9256900000000.0
2023-02-08,2023-02,2023,007660,이수페타시스,KOSPI,8324.0,405.87457952907255,179.22873618452667,2023-11-02,58.09,148239776956.0,new_high_120,40.21982116244411,9.787047841306883,-9.683225341972646,953094.0,313608.0,2643577.0,120667.0,53.16,12.25,9256900000000.0
2023-02-08,2023-02,2023,007660,이수페타시스,KOSPI,8324.0,405.87457952907255,179.22873618452667,2023-11-02,51.77,148239776956.0,new_high_120,40.21982116244411,9.787047841306883,-9.683225341972646,953094.0,313608.0,2643577.0,120667.0,53.16,12.25,9256900000000.0
2023-02-08,2023-02,2023,007660,이수페타시스,KOSPI,8324.0,405.87457952907255,179.22873618452667,2023-11-02,60.27,148239776956.0,new_high_120,40.21982116244411,9.787047841306883,-9.683225341972646,953094.0,313608.0,2643577.0,120667.0,53.16,12.25,9256900000000.0
2021-03-15,2021-03,2021,007390,네이처셀,KOSDAQ,9800.0,402.0408163265306,86.73469387755102,2021-12-02,43.1,52396562400.0,V_recovery,-11.442786069651746,-14.832535885167463,-29.92125984251969,-234874.0,-27056.0,-358495.0,-80549.0,,23.01,1449800000000.0
2020-04-07,2020-04,2020,196170,알테오젠,KOSDAQ,25366.0,399.8265394622723,288.4609319561618,2020-12-29,45.27,98402780388.0,mixed,29.952883105227723,,-18.494283201407214,5977.0,12072.0,152801.0,231185.0,138.44,44.14,19532200000000.0
2025-05-08,2025-05,2025,298040,효성중공업,KOSPI,537000.0,397.39292364990695,384.7299813780261,2026-01-30,59.26,44800836000.0,box_breakout,-3.1894934333958735,14.666666666666671,-3.1894934333958735,90402.0,-39276.0,111749.0,-43829.0,71.87,15.87,37363500000000.0
2022-03-10,2022-03,2022,090710,휴림로봇,KOSDAQ,2480.0,396.9758064516129,112.17741935483869,2022-11-29,54.36,46270118880.0,mixed,21.613073273589876,-7.720000000000004,-30.09090909090909,,,,,,10.9,1390500000000.0
2020-06-18,2020-06,2020,048410,현대바이오,KOSDAQ,6313.0,394.820212260415,283.62109931886584,2021-03-12,51.08,243223817102.0,persistent_uptrend,81.20012767315671,,-14.541622760800843,,,,,,11.67,1298000000000.0
2020-06-18,2020-06,2020,048410,현대바이오,KOSDAQ,6313.0,394.820212260415,283.62109931886584,2021-03-12,57.96,243223817102.0,persistent_uptrend,81.20012767315671,,-14.541622760800843,,,,,,11.67,1298000000000.0
2020-06-18,2020-06,2020,048410,현대바이오,KOSDAQ,6313.0,394.820212260415,283.62109931886584,2021-03-12,58.81,243223817102.0,persistent_uptrend,81.20012767315671,,-14.541622760800843,,,,,,11.67,1298000000000.0
2020-06-18,2020-06,2020,048410,현대바이오,KOSDAQ,6313.0,394.820212260415,283.62109931886584,2021-03-12,56.64,243223817102.0,persistent_uptrend,81.20012767315671,,-14.541622760800843,,,,,,11.67,1298000000000.0
2020-05-14,2020-05,2020,285130,SK케미칼,KOSPI,63251.0,391.5574457320833,359.3856223617018,2021-02-02,51.68,299395762205.0,mixed,14.857399794450155,,-7.904269747798165,-14003.0,168413.0,-10196.0,95335.0,71.67,0.4,800900000000.0
2020-05-14,2020-05,2020,285130,SK케미칼,KOSPI,63251.0,391.5574457320833,359.3856223617018,2021-02-02,57.22,299395762205.0,mixed,14.857399794450155,,-7.904269747798165,-14003.0,168413.0,-10196.0,95335.0,71.67,0.4,800900000000.0
2020-05-14,2020-05,2020,285130,SK케미칼,KOSPI,63251.0,391.5574457320833,359.3856223617018,2021-02-02,55.45,299395762205.0,mixed,14.857399794450155,,-7.904269747798165,-14003.0,168413.0,-10196.0,95335.0,71.67,0.4,800900000000.0
2025-07-30,2025-07,2025,353200,대덕전자,KOSPI,23800.0,387.39495798319325,357.1428571428571,2026-04-27,64.67,169023411200.0,persistent_uptrend,38.43537414965987,19.214997070884586,-15.909090909090907,,,,,78.88,8.48,7476800000000.0
2021-11-15,2021-11,2021,249420,일동제약,KOSPI,16400.0,384.7560975609756,132.6219512195122,2022-08-05,65.81,8258367600.0,pullback_recovery,-0.983606557377048,-2.580645161290318,-35.1931330472103,90826.0,16554.0,54199.0,29749.0,24.73,2.95,729300000000.0
2021-11-15,2021-11,2021,249420,일동제약,KOSPI,16400.0,384.7560975609756,132.6219512195122,2022-08-05,67.67,8258367600.0,pullback_recovery,-0.983606557377048,-2.580645161290318,-35.1931330472103,90826.0,16554.0,54199.0,29749.0,24.73,2.95,729300000000.0
2021-11-15,2021-11,2021,249420,일동제약,KOSPI,16400.0,384.7560975609756,132.6219512195122,2022-08-05,61.66,8258367600.0,pullback_recovery,-0.983606557377048,-2.580645161290318,-35.1931330472103,90826.0,16554.0,54199.0,29749.0,24.73,2.95,729300000000.0
2021-11-15,2021-11,2021,249420,일동제약,KOSPI,16400.0,384.7560975609756,132.6219512195122,2022-08-05,65.47,8258367600.0,pullback_recovery,-0.983606557377048,-2.580645161290318,-35.1931330472103,90826.0,16554.0,54199.0,29749.0,24.73,2.95,729300000000.0
2022-08-12,2022-08,2022,277810,레인보우로보틱스,KOSDAQ,31100.0,382.3151125401929,230.86816720257235,2023-05-08,50.72,105133643300.0,persistent_uptrend,41.81360201511335,33.729216152019006,-3.924914675767921,86367.0,-82441.0,379121.0,-79630.0,10328.77,109.29,14627500000000.0
2022-08-12,2022-08,2022,277810,레인보우로보틱스,KOSDAQ,31100.0,382.3151125401929,230.86816720257235,2023-05-08,57.83,105133643300.0,persistent_uptrend,41.81360201511335,33.729216152019006,-3.924914675767921,86367.0,-82441.0,379121.0,-79630.0,10328.77,109.29,14627500000000.0
2022-08-12,2022-08,2022,277810,레인보우로보틱스,KOSDAQ,31100.0,382.3151125401929,230.86816720257235,2023-05-08,58.85,105133643300.0,persistent_uptrend,41.81360201511335,33.729216152019006,-3.924914675767921,86367.0,-82441.0,379121.0,-79630.0,10328.77,109.29,14627500000000.0
2022-08-12,2022-08,2022,277810,레인보우로보틱스,KOSDAQ,31100.0,382.3151125401929,230.86816720257235,2023-05-08,56.72,105133643300.0,persistent_uptrend,41.81360201511335,33.729216152019006,-3.924914675767921,86367.0,-82441.0,379121.0,-79630.0,10328.77,109.29,14627500000000.0
2025-01-07,2025-01,2025,097230,HJ중공업,KOSPI,7190.0,377.7468706536856,283.8664812239221,2025-10-01,50.85,57783916140.0,persistent_uptrend,134.84848484848487,79.71014492753623,-6.906906906906906,,,,,37.27,3.04,2036200000000.0
2025-07-30,2025-07,2025,009155,삼성전기우,KOSPI,68300.0,376.93997071742314,356.0761346998536,2026-04-27,64.99,7365403700.0,mixed,11.785714285714288,5.564924114671155,-19.846350832266324,,,,,49.9,3.59,1319800000000.0
2025-07-30,2025-07,2025,009155,삼성전기우,KOSPI,68300.0,376.93997071742314,356.0761346998536,2026-04-27,70.56,7365403700.0,mixed,11.785714285714288,5.564924114671155,-19.846350832266324,,,,,49.9,3.59,1319800000000.0
2025-07-30,2025-07,2025,009155,삼성전기우,KOSPI,68300.0,376.93997071742314,356.0761346998536,2026-04-27,66.83,7365403700.0,mixed,11.785714285714288,5.564924114671155,-19.846350832266324,,,,,49.9,3.59,1319800000000.0
2024-11-19,2024-11,2024,108490,로보티즈,KOSDAQ,19719.0,376.0687661646128,312.8556214818196,2025-08-18,52.94,68025639969.0,mixed,-8.365247838932044,-27.58128675198893,-48.58169091913796,-9458.0,-3250.0,7751.0,-70637.0,807.69,14.03,4463100000000.0
2024-11-19,2024-11,2024,108490,로보티즈,KOSDAQ,19719.0,376.0687661646128,312.8556214818196,2025-08-18,53.34,68025639969.0,mixed,-8.365247838932044,-27.58128675198893,-48.58169091913796,-9458.0,-3250.0,7751.0,-70637.0,807.69,14.03,4463100000000.0
2024-11-19,2024-11,2024,108490,로보티즈,KOSDAQ,19719.0,376.0687661646128,312.8556214818196,2025-08-18,54.02,68025639969.0,mixed,-8.365247838932044,-27.58128675198893,-48.58169091913796,-9458.0,-3250.0,7751.0,-70637.0,807.69,14.03,4463100000000.0
2025-04-17,2025-04,2025,389470,인벤티지랩,KOSDAQ,21000.0,371.42857142857144,281.9047619047619,2026-01-14,59.89,26287989000.0,V_recovery,-9.13949759486905,-19.431279620853083,-29.460580912863065,21746.0,188756.0,61981.0,188700.0,,9.84,674900000000.0
2025-04-17,2025-04,2025,389470,인벤티지랩,KOSDAQ,21000.0,371.42857142857144,281.9047619047619,2026-01-14,52.62,26287989000.0,V_recovery,-9.13949759486905,-19.431279620853083,-29.460580912863065,21746.0,188756.0,61981.0,188700.0,,9.84,674900000000.0
2025-04-17,2025-04,2025,389470,인벤티지랩,KOSDAQ,21000.0,371.42857142857144,281.9047619047619,2026-01-14,55.76,26287989000.0,V_recovery,-9.13949759486905,-19.431279620853083,-29.460580912863065,21746.0,188756.0,61981.0,188700.0,,9.84,674900000000.0
2020-05-15,2020-05,2020,131290,티에스이,KOSDAQ,15800.0,367.0886075949367,296.2025316455696,2021-02-03,59.54,11279146000.0,V_recovery,-12.956810631229231,,-22.023809523809522,12353.0,8021.0,96927.0,-19894.0,70.6,6.9,2699000000000.0
2020-05-15,2020-05,2020,131290,티에스이,KOSDAQ,15800.0,367.0886075949367,296.2025316455696,2021-02-03,54.22,11279146000.0,V_recovery,-12.956810631229231,,-22.023809523809522,12353.0,8021.0,96927.0,-19894.0,70.6,6.9,2699000000000.0
2020-05-15,2020-05,2020,131290,티에스이,KOSDAQ,15800.0,367.0886075949367,296.2025316455696,2021-02-03,61.55,11279146000.0,V_recovery,-12.956810631229231,,-22.023809523809522,12353.0,8021.0,96927.0,-19894.0,70.6,6.9,2699000000000.0
2025-02-27,2025-02,2025,278470,에이피알,KOSPI,60100.0,365.05823627287856,311.8136439267887,2025-11-24,55.01,249084510100.0,V_recovery,1.883239171374762,2.2684310018903586,-32.79503105590062,444625.0,11131.0,589861.0,785437.0,41.17,28.9,14638300000000.0
2025-03-04,2025-03,2025,298380,에이비엘바이오,KOSDAQ,42350.0,361.62927981109794,309.44510035419125,2025-11-26,50.5,68233811800.0,persistent_uptrend,49.44444444444444,23.963133640553004,-13.965884861407252,302645.0,242617.0,137102.0,-191890.0,,37.26,6729700000000.0
2023-01-04,2023-01,2023,031980,피에스케이홀딩스,KOSDAQ,7810.0,358.38668373879636,168.88604353393086,2023-09-25,44.48,10834242870.0,sideways,-9.459459459459463,-26.85589519650655,-62.67409470752089,-41748.0,46570.0,-54176.0,38236.0,32.24,5.84,2956200000000.0
2020-05-21,2020-05,2020,011930,신성이엔지,KOSPI,9600.0,358.3333333333333,223.95833333333334,2021-02-09,50.33,7466169600.0,mixed,-5.91286307053942,,-9.299999999999997,,,,,,2.82,649500000000.0
2023-12-06,2023-12,2023,080220,제주반도체,KOSDAQ,8450.0,356.2130177514793,62.9585798816568,2024-08-30,50.86,211991115700.0,persistent_uptrend,64.66666666666667,39.54802259887005,-4.633204633204635,,,,,36.1,13.1,4088400000000.0
2023-12-06,2023-12,2023,080220,제주반도체,KOSDAQ,8450.0,356.2130177514793,62.9585798816568,2024-08-30,53.02,211991115700.0,persistent_uptrend,64.66666666666667,39.54802259887005,-4.633204633204635,,,,,36.1,13.1,4088400000000.0
2023-12-06,2023-12,2023,080220,제주반도체,KOSDAQ,8450.0,356.2130177514793,62.9585798816568,2024-08-30,45.54,211991115700.0,persistent_uptrend,64.66666666666667,39.54802259887005,-4.633204633204635,,,,,36.1,13.1,4088400000000.0
2023-12-06,2023-12,2023,080220,제주반도체,KOSDAQ,8450.0,356.2130177514793,62.9585798816568,2024-08-30,50.26,211991115700.0,persistent_uptrend,64.66666666666667,39.54802259887005,-4.633204633204635,,,,,36.1,13.1,4088400000000.0
2024-10-04,2024-10,2024,124500,아이티센글로벌,KOSDAQ,7290.0,352.6748971193416,232.6474622770919,2025-07-03,47.0,6588279180.0,new_high_120,42.889390519187366,1.1182108626198062,-47.98685291700904,3615.0,-483.0,187563.0,-1442.0,21.15,8.44,1211300000000.0
2024-10-21,2024-10,2024,083650,비에이치아이,KOSDAQ,10530.0,352.0417853751187,256.1253561253561,2025-07-17,46.24,63915383610.0,V_recovery,5.177993527508096,18.613138686131393,-15.511265164644715,560765.0,1149695.0,482234.0,1259403.0,39.48,13.3,2432200000000.0
2024-10-21,2024-10,2024,083650,비에이치아이,KOSDAQ,10530.0,352.0417853751187,256.1253561253561,2025-07-17,52.62,63915383610.0,V_recovery,5.177993527508096,18.613138686131393,-15.511265164644715,560765.0,1149695.0,482234.0,1259403.0,39.48,13.3,2432200000000.0
2022-11-01,2022-11,2022,006110,삼아알미늄,KOSPI,31000.0,351.93548387096774,301.93548387096774,2023-07-21,44.83,22639579000.0,persistent_uptrend,41.41414141414141,7.692307692307687,-20.679886685552407,127810.0,12839.0,114754.0,45799.0,,6.51,1457900000000.0
2025-06-04,2025-06,2025,100790,미래에셋벤처투자,KOSDAQ,6100.0,350.0,261.4754098360656,2026-03-03,56.31,14675794800.0,mixed,2.746693794506605,3.0612244897959107,-27.857142857142858,,,,,96.22,7.86,2975000000000.0
2022-11-29,2022-11,2022,042700,한미반도체,KOSPI,13600.0,347.7941176470588,338.9705882352941,2023-08-21,53.43,20548811200.0,mixed,8.403361344537807,-13.131313131313128,-33.16062176165803,171756.0,219912.0,191466.0,323971.0,143.53,44.04,30547600000000.0
2025-08-04,2025-08,2025,089890,코세스,KOSDAQ,11140.0,346.14003590664277,325.4937163375224,2026-04-30,48.72,6178945820.0,persistent_uptrend,42.46575342465753,45.45454545454546,-25.179856115107913,-24618.0,0.0,71947.0,-175726.0,51.26,8.8,676700000000.0
2022-10-07,2022-10,2022,277810,레인보우로보틱스,KOSDAQ,33750.0,344.44444444444446,169.92592592592595,2023-06-29,46.31,35389642500.0,persistent_uptrend,37.26315789473684,35.269709543568474,-13.182423435419445,35964.0,70191.0,-235986.0,176814.0,10328.77,109.29,14627500000000.0
2023-07-04,2023-07,2023,253590,네오셈,KOSDAQ,3875.0,342.5806451612903,255.09677419354836,2024-03-28,64.19,64245163375.0,box_breakout,2.5936599423631135,-1.3850415512465353,-9.29936305732484,,,,,133.69,5.81,715500000000.0
2020-07-07,2020-07,2020,112610,씨에스윈드,KOSPI,24436.0,341.9708626616467,210.19806842363727,2021-03-31,53.98,35567379952.0,new_high_240,61.7890307603018,22.076855703963204,0.0,181347.0,-139408.0,153920.0,-31988.0,64.03,1.89,2222400000000.0
2020-07-07,2020-07,2020,112610,씨에스윈드,KOSPI,24436.0,341.9708626616467,210.19806842363727,2021-03-31,47.92,35567379952.0,new_high_240,61.7890307603018,22.076855703963204,0.0,181347.0,-139408.0,153920.0,-31988.0,64.03,1.89,2222400000000.0
2020-07-07,2020-07,2020,112610,씨에스윈드,KOSPI,24436.0,341.9708626616467,210.19806842363727,2021-03-31,50.05,35567379952.0,new_high_240,61.7890307603018,22.076855703963204,0.0,181347.0,-139408.0,153920.0,-31988.0,64.03,1.89,2222400000000.0
2020-07-07,2020-07,2020,112610,씨에스윈드,KOSPI,24436.0,341.9708626616467,210.19806842363727,2021-03-31,51.75,35567379952.0,new_high_240,61.7890307603018,22.076855703963204,0.0,181347.0,-139408.0,153920.0,-31988.0,64.03,1.89,2222400000000.0
2024-02-19,2024-02,2024,003160,디아이,KOSPI,7160.0,330.16759776536315,87.43016759776536,2024-11-14,68.18,19847949600.0,mixed,4.697986577181212,-15.67567567567567,-29.8876404494382,99358.0,66746.0,169426.0,67443.0,85.47,4.51,924000000000.0
2024-02-19,2024-02,2024,003160,디아이,KOSPI,7160.0,330.16759776536315,87.43016759776536,2024-11-14,76.75,19847949600.0,mixed,4.697986577181212,-15.67567567567567,-29.8876404494382,99358.0,66746.0,169426.0,67443.0,85.47,4.51,924000000000.0
2024-02-19,2024-02,2024,003160,디아이,KOSPI,7160.0,330.16759776536315,87.43016759776536,2024-11-14,74.19,19847949600.0,mixed,4.697986577181212,-15.67567567567567,-29.8876404494382,99358.0,66746.0,169426.0,67443.0,85.47,4.51,924000000000.0
2024-02-19,2024-02,2024,003160,디아이,KOSPI,7160.0,330.16759776536315,87.43016759776536,2024-11-14,80.51,19847949600.0,mixed,4.697986577181212,-15.67567567567567,-29.8876404494382,99358.0,66746.0,169426.0,67443.0,85.47,4.51,924000000000.0
2025-08-08,2025-08,2025,222800,심텍,KOSDAQ,27850.0,330.1615798922801,315.7989228007182,2026-05-08,53.8,150352820250.0,persistent_uptrend,33.4841628959276,66.08022519352568,-23.62459546925566,1078450.0,149721.0,1030235.0,-9205.0,,8.25,4937700000000.0
2025-08-08,2025-08,2025,222800,심텍,KOSDAQ,27850.0,330.1615798922801,315.7989228007182,2026-05-08,50.8,150352820250.0,persistent_uptrend,33.4841628959276,66.08022519352568,-23.62459546925566,1078450.0,149721.0,1030235.0,-9205.0,,8.25,4937700000000.0
2025-08-08,2025-08,2025,222800,심텍,KOSDAQ,27850.0,330.1615798922801,315.7989228007182,2026-05-08,55.93,150352820250.0,persistent_uptrend,33.4841628959276,66.08022519352568,-23.62459546925566,1078450.0,149721.0,1030235.0,-9205.0,,8.25,4937700000000.0
2024-12-02,2024-12,2024,377300,카카오페이,KOSPI,26800.0,325.3731343283582,123.13432835820896,2025-08-29,59.33,58451577200.0,pullback_recovery,-0.8016032064128265,-18.7192118226601,-57.90816326530612,24285.0,309963.0,-74222.0,590694.0,111.86,3.56,6762800000000.0
2024-12-02,2024-12,2024,377300,카카오페이,KOSPI,26800.0,325.3731343283582,123.13432835820896,2025-08-29,56.95,58451577200.0,pullback_recovery,-0.8016032064128265,-18.7192118226601,-57.90816326530612,24285.0,309963.0,-74222.0,590694.0,111.86,3.56,6762800000000.0
2024-12-02,2024-12,2024,377300,카카오페이,KOSPI,26800.0,325.3731343283582,123.13432835820896,2025-08-29,60.2,58451577200.0,pullback_recovery,-0.8016032064128265,-18.7192118226601,-57.90816326530612,24285.0,309963.0,-74222.0,590694.0,111.86,3.56,6762800000000.0
2020-06-12,2020-06,2020,298040,효성중공업,KOSPI,22700.0,325.1101321585903,215.85903083700438,2021-03-08,51.7,34267375200.0,persistent_uptrend,53.99239543726235,,-25.551470588235293,-44583.0,-173407.0,-84894.0,-228800.0,71.87,15.87,37363500000000.0
2020-06-12,2020-06,2020,298040,효성중공업,KOSPI,22700.0,325.1101321585903,215.85903083700438,2021-03-08,57.89,34267375200.0,persistent_uptrend,53.99239543726235,,-25.551470588235293,-44583.0,-173407.0,-84894.0,-228800.0,71.87,15.87,37363500000000.0
2020-06-12,2020-06,2020,298040,효성중공업,KOSPI,22700.0,325.1101321585903,215.85903083700438,2021-03-08,50.79,34267375200.0,persistent_uptrend,53.99239543726235,,-25.551470588235293,-44583.0,-173407.0,-84894.0,-228800.0,71.87,15.87,37363500000000.0
2020-06-12,2020-06,2020,298040,효성중공업,KOSPI,22700.0,325.1101321585903,215.85903083700438,2021-03-08,54.65,34267375200.0,persistent_uptrend,53.99239543726235,,-25.551470588235293,-44583.0,-173407.0,-84894.0,-228800.0,71.87,15.87,37363500000000.0
2022-12-01,2022-12,2022,009520,포스코엠텍,KOSDAQ,11300.0,315.929203539823,132.7433628318584,2023-08-23,51.87,252051969200.0,new_high_240,44.27157001414428,44.27157001414428,0.0,1403685.0,218592.0,1296120.0,183600.0,168.77,6.52,745000000000.0
2020-05-18,2020-05,2020,131290,티에스이,KOSDAQ,17800.0,314.6067415730337,248.87640449438203,2021-02-04,53.26,28075548400.0,box_breakout,7.48299319727892,,-5.952380952380953,32943.0,181526.0,92728.0,154046.0,70.6,6.9,2699000000000.0
2024-10-24,2024-10,2024,083650,비에이치아이,KOSDAQ,11600.0,310.3448275862069,209.05172413793105,2025-07-22,55.27,91536771600.0,V_recovery,21.936989498249716,24.85065710872163,-9.44540727902946,128136.0,697634.0,736736.0,1637374.0,39.48,13.3,2432200000000.0
2024-10-24,2024-10,2024,083650,비에이치아이,KOSDAQ,11600.0,310.3448275862069,209.05172413793105,2025-07-22,60.08,91536771600.0,V_recovery,21.936989498249716,24.85065710872163,-9.44540727902946,128136.0,697634.0,736736.0,1637374.0,39.48,13.3,2432200000000.0
2024-10-24,2024-10,2024,083650,비에이치아이,KOSDAQ,11600.0,310.3448275862069,209.05172413793105,2025-07-22,58.42,91536771600.0,V_recovery,21.936989498249716,24.85065710872163,-9.44540727902946,128136.0,697634.0,736736.0,1637374.0,39.48,13.3,2432200000000.0
2024-12-06,2024-12,2024,052400,코나아이,KOSDAQ,21000.0,309.5238095238095,147.61904761904762,2025-09-04,50.12,56659827000.0,new_high_120,24.2,14.858199753390867,-9.563106796116505,-35894.0,70651.0,-42131.0,121712.0,9.81,3.25,872300000000.0
2024-12-06,2024-12,2024,052400,코나아이,KOSDAQ,21000.0,309.5238095238095,147.61904761904762,2025-09-04,54.16,56659827000.0,new_high_120,24.2,14.858199753390867,-9.563106796116505,-35894.0,70651.0,-42131.0,121712.0,9.81,3.25,872300000000.0
2024-11-22,2024-11,2024,097230,HJ중공업,KOSPI,3930.0,308.14249363867685,258.26972010178116,2025-08-21,68.37,13402872000.0,box_breakout,9.274873524451932,-1.5197568389057725,-27.191011235955052,,,,,37.27,3.04,2036200000000.0
2024-11-22,2024-11,2024,097230,HJ중공업,KOSPI,3930.0,308.14249363867685,258.26972010178116,2025-08-21,59.84,13402872000.0,box_breakout,9.274873524451932,-1.5197568389057725,-27.191011235955052,,,,,37.27,3.04,2036200000000.0
2024-11-22,2024-11,2024,097230,HJ중공업,KOSPI,3930.0,308.14249363867685,258.26972010178116,2025-08-21,62.7,13402872000.0,box_breakout,9.274873524451932,-1.5197568389057725,-27.191011235955052,,,,,37.27,3.04,2036200000000.0
2024-09-24,2024-09,2024,082270,젬백스,KOSDAQ,17830.0,307.7397644419517,252.77621985417835,2025-06-25,50.32,49611172650.0,new_high_240,54.941860465116285,34.256926952141065,0.0,356120.0,41717.0,304850.0,-372654.0,,12.5,747700000000.0
2022-03-21,2022-03,2022,090710,휴림로봇,KOSDAQ,3025.0,307.4380165289257,68.59504132231405,2022-12-08,42.26,165302701025.0,V_recovery,16.498740554156164,14.432989690721643,-15.909090909090907,,,,,,10.9,1390500000000.0
2022-07-07,2022-07,2022,052020,에스티큐브,KOSDAQ,6508.0,303.13460356484325,100.72218807621387,2023-03-29,40.17,6859178188.0,V_recovery,-2.8911862624846685,-19.13030789435284,-36.16678184750057,,,,,,14.87,1073500000000.0
2025-01-03,2025-01,2025,347850,디앤디파마텍,KOSDAQ,14889.0,302.5455033917657,244.55638390758278,2025-09-29,45.01,77361427542.0,V_recovery,18.463170073274206,71.99048152295633,-4.655854737332199,154523.0,14553.0,133856.0,267578.0,,38.17,3053100000000.0
2025-01-03,2025-01,2025,347850,디앤디파마텍,KOSDAQ,14889.0,302.5455033917657,244.55638390758278,2025-09-29,51.5,77361427542.0,V_recovery,18.463170073274206,71.99048152295633,-4.655854737332199,154523.0,14553.0,133856.0,267578.0,,38.17,3053100000000.0
2024-03-14,2024-03,2024,006340,대원전선,KOSPI,1358.0,301.32547864506626,64.580265095729,2024-12-09,52.84,19841266774.0,new_high_240,14.824561403508763,17.92792792792792,-0.8333333333333304,,,,,91.89,8.8,1145600000000.0
2020-07-30,2020-07,2020,127120,제이에스링크,KOSDAQ,8135.0,300.5777504609712,-33.98893669330055,2021-04-23,54.76,39658344645.0,persistent_uptrend,66.81243926141885,114.49547016557324,-8.636061210911505,-121529.0,17235.0,29981.0,159947.0,,18.35,1364100000000.0
2020-07-30,2020-07,2020,127120,제이에스링크,KOSDAQ,8135.0,300.5777504609712,-33.98893669330055,2021-04-23,62.09,39658344645.0,persistent_uptrend,66.81243926141885,114.49547016557324,-8.636061210911505,-121529.0,17235.0,29981.0,159947.0,,18.35,1364100000000.0
2020-07-30,2020-07,2020,127120,제이에스링크,KOSDAQ,8135.0,300.5777504609712,-33.98893669330055,2021-04-23,62.18,39658344645.0,persistent_uptrend,66.81243926141885,114.49547016557324,-8.636061210911505,-121529.0,17235.0,29981.0,159947.0,,18.35,1364100000000.0
2022-07-13,2022-07,2022,009520,포스코엠텍,KOSDAQ,5950.0,300.0,246.218487394958,2023-04-04,40.44,81180800400.0,downtrend,-30.423280423280417,-35.06172839506173,-44.74789915966386,-203570.0,-4914.0,-72382.0,-20918.0,168.77,6.52,745000000000.0
2025-07-11,2025-07,2025,089890,코세스,KOSDAQ,8160.0,299.5098039215686,174.50980392156862,2026-04-08,67.66,9378891840.0,mixed,11.432926829268286,-4.06824146981627,-61.4451476793249,104955.0,-15005.0,225073.0,-16520.0,51.26,8.8,676700000000.0
2025-07-11,2025-07,2025,089890,코세스,KOSDAQ,8160.0,299.5098039215686,174.50980392156862,2026-04-08,62.46,9378891840.0,mixed,11.432926829268286,-4.06824146981627,-61.4451476793249,104955.0,-15005.0,225073.0,-16520.0,51.26,8.8,676700000000.0
2025-07-11,2025-07,2025,089890,코세스,KOSDAQ,8160.0,299.5098039215686,174.50980392156862,2026-04-08,67.31,9378891840.0,mixed,11.432926829268286,-4.06824146981627,-61.4451476793249,104955.0,-15005.0,225073.0,-16520.0,51.26,8.8,676700000000.0
2025-07-11,2025-07,2025,089890,코세스,KOSDAQ,8160.0,299.5098039215686,174.50980392156862,2026-04-08,68.13,9378891840.0,mixed,11.432926829268286,-4.06824146981627,-61.4451476793249,104955.0,-15005.0,225073.0,-16520.0,51.26,8.8,676700000000.0
2025-04-21,2025-04,2025,100790,미래에셋벤처투자,KOSDAQ,5560.0,299.28057553956836,130.3956834532374,2026-01-16,60.01,7855746240.0,mixed,5.032119914346889,2.4008350730688965,-29.928571428571427,,,,,96.22,7.86,2975000000000.0
2025-04-21,2025-04,2025,100790,미래에셋벤처투자,KOSDAQ,5560.0,299.28057553956836,130.3956834532374,2026-01-16,79.29,7855746240.0,mixed,5.032119914346889,2.4008350730688965,-29.928571428571427,,,,,96.22,7.86,2975000000000.0
2025-04-21,2025-04,2025,100790,미래에셋벤처투자,KOSDAQ,5560.0,299.28057553956836,130.3956834532374,2026-01-16,71.49,7855746240.0,mixed,5.032119914346889,2.4008350730688965,-29.928571428571427,,,,,96.22,7.86,2975000000000.0
2025-04-21,2025-04,2025,100790,미래에셋벤처투자,KOSDAQ,5560.0,299.28057553956836,130.3956834532374,2026-01-16,72.66,7855746240.0,mixed,5.032119914346889,2.4008350730688965,-29.928571428571427,,,,,96.22,7.86,2975000000000.0
2024-12-26,2024-12,2024,160190,하이젠알앤엠,KOSDAQ,12760.0,298.9028213166144,262.8526645768025,2025-09-23,54.77,135018230160.0,mixed,1.8850141376060225,-31.798107255520502,-32.1831869510665,,,,,,9.8,1112000000000.0
2024-12-26,2024-12,2024,160190,하이젠알앤엠,KOSDAQ,12760.0,298.9028213166144,262.8526645768025,2025-09-23,53.18,135018230160.0,mixed,1.8850141376060225,-31.798107255520502,-32.1831869510665,,,,,,9.8,1112000000000.0
2024-12-26,2024-12,2024,160190,하이젠알앤엠,KOSDAQ,12760.0,298.9028213166144,262.8526645768025,2025-09-23,50.15,135018230160.0,mixed,1.8850141376060225,-31.798107255520502,-32.1831869510665,,,,,,9.8,1112000000000.0
2025-08-08,2025-08,2025,240810,원익IPS,KOSDAQ,35850.0,298.88423988842396,270.7112970711297,2026-05-08,52.57,87176946900.0,persistent_uptrend,38.730853391684896,23.58674463937622,-16.248348745046236,209156.0,91624.0,251804.0,479485.0,71.09,6.1,5973500000000.0
2024-07-22,2024-07,2024,226950,올릭스,KOSDAQ,16070.0,298.2576228998133,216.7392657125078,2025-04-21,54.64,54256369640.0,V_recovery,-12.598425196850393,-13.111545988258321,-46.82634730538923,-124216.0,-84255.0,-150803.0,-81538.0,,24.01,3284600000000.0
2024-07-22,2024-07,2024,226950,올릭스,KOSDAQ,16070.0,298.2576228998133,216.7392657125078,2025-04-21,53.39,54256369640.0,V_recovery,-12.598425196850393,-13.111545988258321,-46.82634730538923,-124216.0,-84255.0,-150803.0,-81538.0,,24.01,3284600000000.0
2024-07-22,2024-07,2024,226950,올릭스,KOSDAQ,16070.0,298.2576228998133,216.7392657125078,2025-04-21,58.43,54256369640.0,V_recovery,-12.598425196850393,-13.111545988258321,-46.82634730538923,-124216.0,-84255.0,-150803.0,-81538.0,,24.01,3284600000000.0
2024-09-20,2024-09,2024,347850,디앤디파마텍,KOSDAQ,9834.0,293.91905633516376,242.51576164327844,2025-06-23,56.1,26552252364.0,V_recovery,27.33683628318584,,-12.378686964795438,37843.0,-5822.0,65748.0,17445.0,,38.17,3053100000000.0
2020-09-29,2020-09,2020,027360,아주IB투자,KOSDAQ,2375.0,293.6842105263158,188.8421052631579,2021-06-24,56.22,273110911500.0,new_high_240,50.557620817843876,91.03773584905662,0.0,,,,,228.7,7.09,1911700000000.0
2020-09-29,2020-09,2020,027360,아주IB투자,KOSDAQ,2375.0,293.6842105263158,188.8421052631579,2021-06-24,60.2,273110911500.0,new_high_240,50.557620817843876,91.03773584905662,0.0,,,,,228.7,7.09,1911700000000.0
2020-09-29,2020-09,2020,027360,아주IB투자,KOSDAQ,2375.0,293.6842105263158,188.8421052631579,2021-06-24,52.39,273110911500.0,new_high_240,50.557620817843876,91.03773584905662,0.0,,,,,228.7,7.09,1911700000000.0
2022-05-24,2022-05,2022,277810,레인보우로보틱스,KOSDAQ,22700.0,292.51101321585907,230.83700440528636,2023-02-14,40.06,43793089700.0,mixed,-4.524886877828049,10.182767624020883,-25.177304964539005,13323.0,-67866.0,-203.0,-60118.0,10328.77,109.29,14627500000000.0
2025-05-20,2025-05,2025,290650,엘앤씨바이오,KOSDAQ,24850.0,292.35412474849096,275.85513078470825,2026-02-11,56.86,15581968850.0,mixed,5.164319248826299,39.99999999999999,-17.343173431734314,71319.0,41584.0,121269.0,340841.0,,8.38,1842000000000.0
2023-03-15,2023-03,2023,281740,레이크머티리얼즈,KOSDAQ,6680.0,289.97005988023955,103.74251497005989,2023-12-06,49.58,18669330800.0,mixed,26.859504132231415,-3.7617554858934144,-11.271676300578036,,,,,174.79,9.98,1344200000000.0
2021-05-21,2021-05,2021,001440,대한전선,KOSPI,11455.0,288.6599738105631,13.793103448275868,2022-02-11,47.49,65551730065.0,mixed,-0.8263703975759817,-1.1621522693997077,-19.389506679602952,,,,,121.24,6.36,10740400000000.0
2024-02-20,2024-02,2024,003160,디아이,KOSPI,7940.0,287.90931989924434,72.04030226700252,2024-11-15,55.62,52679351260.0,box_breakout,16.612377850162872,-2.3192360163710735,-19.550561797752806,176397.0,291024.0,218255.0,292467.0,85.47,4.51,924000000000.0
2024-02-20,2024-02,2024,003160,디아이,KOSPI,7940.0,287.90931989924434,72.04030226700252,2024-11-15,51.35,52679351260.0,box_breakout,16.612377850162872,-2.3192360163710735,-19.550561797752806,176397.0,291024.0,218255.0,292467.0,85.47,4.51,924000000000.0
2024-02-20,2024-02,2024,003160,디아이,KOSPI,7940.0,287.90931989924434,72.04030226700252,2024-11-15,58.68,52679351260.0,box_breakout,16.612377850162872,-2.3192360163710735,-19.550561797752806,176397.0,291024.0,218255.0,292467.0,85.47,4.51,924000000000.0
2024-02-20,2024-02,2024,003160,디아이,KOSPI,7940.0,287.90931989924434,72.04030226700252,2024-11-15,55.34,52679351260.0,box_breakout,16.612377850162872,-2.3192360163710735,-19.550561797752806,176397.0,291024.0,218255.0,292467.0,85.47,4.51,924000000000.0
2023-11-06,2023-11,2023,028300,HLB,KOSDAQ,33400.0,286.22754491017963,132.63473053892216,2024-07-30,52.89,123511296200.0,sideways,-8.176100628930815,-14.243759177679882,-22.689965581149064,977810.0,1467.0,182346.0,678725.0,,16.11,6779800000000.0
2023-11-06,2023-11,2023,028300,HLB,KOSDAQ,33400.0,286.22754491017963,132.63473053892216,2024-07-30,61.59,123511296200.0,sideways,-8.176100628930815,-14.243759177679882,-22.689965581149064,977810.0,1467.0,182346.0,678725.0,,16.11,6779800000000.0
2023-11-06,2023-11,2023,028300,HLB,KOSDAQ,33400.0,286.22754491017963,132.63473053892216,2024-07-30,60.68,123511296200.0,sideways,-8.176100628930815,-14.243759177679882,-22.689965581149064,977810.0,1467.0,182346.0,678725.0,,16.11,6779800000000.0
2023-11-06,2023-11,2023,028300,HLB,KOSDAQ,33400.0,286.22754491017963,132.63473053892216,2024-07-30,65.51,123511296200.0,sideways,-8.176100628930815,-14.243759177679882,-22.689965581149064,977810.0,1467.0,182346.0,678725.0,,16.11,6779800000000.0
2023-06-23,2023-06,2023,089030,테크윙,KOSDAQ,8240.0,284.70873786407765,248.3009708737864,2024-03-19,66.08,91305305840.0,sideways,7.020057306590255,26.610169491525415,-18.485377564382365,,,,,213.1,8.92,1989800000000.0
2023-06-23,2023-06,2023,089030,테크윙,KOSDAQ,8240.0,284.70873786407765,248.3009708737864,2024-03-19,61.74,91305305840.0,sideways,7.020057306590255,26.610169491525415,-18.485377564382365,,,,,213.1,8.92,1989800000000.0
2023-06-23,2023-06,2023,089030,테크윙,KOSDAQ,8240.0,284.70873786407765,248.3009708737864,2024-03-19,65.6,91305305840.0,sideways,7.020057306590255,26.610169491525415,-18.485377564382365,,,,,213.1,8.92,1989800000000.0
2023-06-23,2023-06,2023,089030,테크윙,KOSDAQ,8240.0,284.70873786407765,248.3009708737864,2024-03-19,69.21,91305305840.0,sideways,7.020057306590255,26.610169491525415,-18.485377564382365,,,,,213.1,8.92,1989800000000.0
2025-02-07,2025-02,2025,090710,휴림로봇,KOSDAQ,1972.0,284.3813387423935,271.7038539553752,2025-11-04,58.55,125535333052.0,persistent_uptrend,36.63688058489034,-22.129629629629633,-56.871794871794876,,,,,,10.9,1390500000000.0
2025-02-07,2025-02,2025,090710,휴림로봇,KOSDAQ,1972.0,284.3813387423935,271.7038539553752,2025-11-04,52.54,125535333052.0,persistent_uptrend,36.63688058489034,-22.129629629629633,-56.871794871794876,,,,,,10.9,1390500000000.0
2025-02-07,2025-02,2025,090710,휴림로봇,KOSDAQ,1972.0,284.3813387423935,271.7038539553752,2025-11-04,58.71,125535333052.0,persistent_uptrend,36.63688058489034,-22.129629629629633,-56.871794871794876,,,,,,10.9,1390500000000.0
2025-07-23,2025-07,2025,089890,코세스,KOSDAQ,9500.0,284.2105263157895,267.36842105263156,2026-04-20,62.02,14710161000.0,mixed,11.246612466124661,8.168642951251638,-49.132589838909546,-19146.0,-58714.0,102365.0,-176177.0,51.26,8.8,676700000000.0
2025-07-23,2025-07,2025,089890,코세스,KOSDAQ,9500.0,284.2105263157895,267.36842105263156,2026-04-20,59.41,14710161000.0,mixed,11.246612466124661,8.168642951251638,-49.132589838909546,-19146.0,-58714.0,102365.0,-176177.0,51.26,8.8,676700000000.0
2022-11-18,2022-11,2022,336570,원텍,KOSDAQ,3455.0,283.2127351664255,265.26772793053544,2023-08-09,63.0,19052794435.0,mixed,7.363013698630128,-17.500000000000004,-37.54980079681275,189456.0,166126.0,115403.0,369112.0,24.99,5.12,839400000000.0
2022-11-18,2022-11,2022,336570,원텍,KOSDAQ,3455.0,283.2127351664255,265.26772793053544,2023-08-09,55.42,19052794435.0,mixed,7.363013698630128,-17.500000000000004,-37.54980079681275,189456.0,166126.0,115403.0,369112.0,24.99,5.12,839400000000.0
2022-11-18,2022-11,2022,336570,원텍,KOSDAQ,3455.0,283.2127351664255,265.26772793053544,2023-08-09,59.57,19052794435.0,mixed,7.363013698630128,-17.500000000000004,-37.54980079681275,189456.0,166126.0,115403.0,369112.0,24.99,5.12,839400000000.0
2022-11-18,2022-11,2022,336570,원텍,KOSDAQ,3455.0,283.2127351664255,265.26772793053544,2023-08-09,62.53,19052794435.0,mixed,7.363013698630128,-17.500000000000004,-37.54980079681275,189456.0,166126.0,115403.0,369112.0,24.99,5.12,839400000000.0
2020-05-04,2020-05,2020,196170,알테오젠,KOSDAQ,33097.0,283.073994621869,146.98311025168445,2021-01-22,57.54,277506628662.0,V_recovery,39.346877991702996,,-7.827616534740544,-42105.0,11212.0,50136.0,5192.0,138.44,44.14,19532200000000.0
2025-06-24,2025-06,2025,466100,클로봇,KOSDAQ,21600.0,281.01851851851853,164.35185185185185,2026-03-20,61.75,170598117600.0,pullback_recovery,-0.41025641025641546,196.03658536585365,-11.72727272727273,503186.0,13287.0,343215.0,-60540.0,,17.45,1073100000000.0
2024-12-16,2024-12,2024,002020,코오롱,KOSPI,16800.0,279.76190476190476,152.67857142857144,2025-09-12,71.33,60658332000.0,pullback_recovery,-3.258655804480648,-10.770194113963683,-24.48330683624801,-13639.0,-8073.0,-57072.0,-20773.0,,0.5,855800000000.0
2024-12-16,2024-12,2024,002020,코오롱,KOSPI,16800.0,279.76190476190476,152.67857142857144,2025-09-12,81.94,60658332000.0,pullback_recovery,-3.258655804480648,-10.770194113963683,-24.48330683624801,-13639.0,-8073.0,-57072.0,-20773.0,,0.5,855800000000.0
2024-12-16,2024-12,2024,002020,코오롱,KOSPI,16800.0,279.76190476190476,152.67857142857144,2025-09-12,73.47,60658332000.0,pullback_recovery,-3.258655804480648,-10.770194113963683,-24.48330683624801,-13639.0,-8073.0,-57072.0,-20773.0,,0.5,855800000000.0
2022-03-22,2022-03,2022,090710,휴림로봇,KOSDAQ,3250.0,279.2307692307692,54.61538461538462,2022-12-09,48.46,97235498750.0,new_high_120,21.3884430176565,23.469387755102034,-8.333333333333337,,,,,,10.9,1390500000000.0
2020-11-16,2020-11,2020,003530,한화투자증권,KOSPI,2175.0,277.01149425287355,111.95402298850574,2021-08-05,69.76,8572170900.0,new_high_120,4.199475065616798,12.146892655367235,-7.242990654205606,,,,,14.86,0.73,1482500000000.0
2020-11-16,2020-11,2020,003530,한화투자증권,KOSPI,2175.0,277.01149425287355,111.95402298850574,2021-08-05,62.28,8572170900.0,new_high_120,4.199475065616798,12.146892655367235,-7.242990654205606,,,,,14.86,0.73,1482500000000.0
2020-11-16,2020-11,2020,003530,한화투자증권,KOSPI,2175.0,277.01149425287355,111.95402298850574,2021-08-05,58.27,8572170900.0,new_high_120,4.199475065616798,12.146892655367235,-7.242990654205606,,,,,14.86,0.73,1482500000000.0
2020-11-16,2020-11,2020,003530,한화투자증권,KOSPI,2175.0,277.01149425287355,111.95402298850574,2021-08-05,63.24,8572170900.0,new_high_120,4.199475065616798,12.146892655367235,-7.242990654205606,,,,,14.86,0.73,1482500000000.0
2020-06-19,2020-06,2020,011780,금호석유화학,KOSPI,78200.0,275.31969309462914,173.65728900255752,2021-03-15,54.95,27048910800.0,persistent_uptrend,30.64798598949212,,-6.398996235884569,83756.0,47783.0,234144.0,251680.0,15.8,0.58,3564800000000.0
2024-09-06,2024-09,2024,226950,올릭스,KOSDAQ,17060.0,275.1465416178195,175.49824150058618,2025-06-12,43.71,11635585340.0,mixed,8.918539325842701,-8.764705882352942,-38.08383233532934,-57300.0,101631.0,-209692.0,97042.0,,24.01,3284600000000.0
2022-08-23,2022-08,2022,006110,삼아알미늄,KOSPI,26750.0,274.57943925233644,169.53271028037383,2023-05-16,49.42,16720836500.0,V_recovery,2.515723270440251,-12.208258527827653,-41.50717703349282,2568.0,69463.0,-21600.0,127140.0,,6.51,1457900000000.0
2024-09-09,2024-09,2024,389470,인벤티지랩,KOSDAQ,16330.0,273.5456215554195,150.45927740355177,2025-06-13,42.64,34766537340.0,mixed,18.336162988115447,7.066052227342556,-48.56088560885608,135545.0,-188251.0,74282.0,-270439.0,,9.84,674900000000.0
2024-08-02,2024-08,2024,347700,스피어,KOSDAQ,2990.0,269.89966555183946,226.08695652173913,2025-05-07,49.54,9316370570.0,persistent_uptrend,43.94736842105262,38.90299644489588,-46.81057954103461,207082.0,159.0,464694.0,-99841.0,8560.0,28.84,2174900000000.0
2024-08-02,2024-08,2024,347700,스피어,KOSDAQ,2990.0,269.89966555183946,226.08695652173913,2025-05-07,47.69,9316370570.0,persistent_uptrend,43.94736842105262,38.90299644489588,-46.81057954103461,207082.0,159.0,464694.0,-99841.0,8560.0,28.84,2174900000000.0
2025-03-31,2025-03,2025,466100,클로봇,KOSDAQ,19560.0,269.6319018404908,237.93456032719837,2025-12-23,48.96,100862313600.0,persistent_uptrend,134.39490445859872,,-16.36363636363637,-15415.0,-363356.0,62204.0,-10507.0,,17.45,1073100000000.0
2024-11-25,2024-11,2024,097230,HJ중공업,KOSPI,4345.0,269.15995397008055,221.97928653624857,2025-08-22,48.71,14316362225.0,new_high_120,34.81989708404802,19.271623672230653,-11.685393258426968,,,,,37.27,3.04,2036200000000.0
2024-11-25,2024-11,2024,097230,HJ중공업,KOSPI,4345.0,269.15995397008055,221.97928653624857,2025-08-22,56.39,14316362225.0,new_high_120,34.81989708404802,19.271623672230653,-11.685393258426968,,,,,37.27,3.04,2036200000000.0
2024-11-25,2024-11,2024,097230,HJ중공업,KOSPI,4345.0,269.15995397008055,221.97928653624857,2025-08-22,52.35,14316362225.0,new_high_120,34.81989708404802,19.271623672230653,-11.685393258426968,,,,,37.27,3.04,2036200000000.0
2024-11-25,2024-11,2024,097230,HJ중공업,KOSPI,4345.0,269.15995397008055,221.97928653624857,2025-08-22,51.29,14316362225.0,new_high_120,34.81989708404802,19.271623672230653,-11.685393258426968,,,,,37.27,3.04,2036200000000.0
2023-06-13,2023-06,2023,031980,피에스케이홀딩스,KOSDAQ,11980.0,268.9482470784641,240.15025041736226,2024-03-07,57.8,25418912420.0,new_high_240,30.880579010856458,45.83333333333333,-5.2401746724890845,-32477.0,18344.0,7726.0,29339.0,32.24,5.84,2956200000000.0
2024-03-18,2024-03,2024,006340,대원전선,KOSPI,1478.0,268.74154262516913,73.88362652232748,2024-12-11,51.81,8015374316.0,new_high_240,23.056300268096507,23.830935251798557,0.0,,,,,91.89,8.8,1145600000000.0
2022-11-21,2022-11,2022,336570,원텍,KOSDAQ,3600.0,267.77777777777777,266.38888888888886,2023-08-10,54.39,14966355600.0,box_breakout,17.51700680272108,-8.839050131926118,-31.175298804780873,165853.0,274432.0,90464.0,533937.0,24.99,5.12,839400000000.0
2022-12-07,2022-12,2022,257720,실리콘투,KOSDAQ,2655.0,265.34839924670433,199.81167608286253,2023-08-29,54.75,117024225255.0,mixed,1.7467248908296984,3.1886625332152363,-66.0844250363901,169475.0,22740.0,177669.0,27623.0,14.87,5.56,2544400000000.0
2022-12-07,2022-12,2022,257720,실리콘투,KOSDAQ,2655.0,265.34839924670433,199.81167608286253,2023-08-29,53.72,117024225255.0,mixed,1.7467248908296984,3.1886625332152363,-66.0844250363901,169475.0,22740.0,177669.0,27623.0,14.87,5.56,2544400000000.0
2022-12-07,2022-12,2022,257720,실리콘투,KOSDAQ,2655.0,265.34839924670433,199.81167608286253,2023-08-29,49.34,117024225255.0,mixed,1.7467248908296984,3.1886625332152363,-66.0844250363901,169475.0,22740.0,177669.0,27623.0,14.87,5.56,2544400000000.0
2024-09-03,2024-09,2024,389470,인벤티지랩,KOSDAQ,16700.0,265.2694610778443,127.54491017964074,2025-06-09,50.26,104343954700.0,mixed,18.280402788536023,12.362030905077258,-43.65313653136531,80556.0,-230603.0,-47221.0,-200260.0,,9.84,674900000000.0
2024-09-03,2024-09,2024,389470,인벤티지랩,KOSDAQ,16700.0,265.2694610778443,127.54491017964074,2025-06-09,45.02,104343954700.0,mixed,18.280402788536023,12.362030905077258,-43.65313653136531,80556.0,-230603.0,-47221.0,-200260.0,,9.84,674900000000.0
2023-01-09,2023-01,2023,056080,유진로봇,KOSDAQ,4660.0,264.8068669527897,193.9914163090129,2023-10-04,65.85,32463661660.0,mixed,5.5415617128463435,-14.227226202661203,-45.228758169934636,,,,,,36.71,911500000000.0
2023-01-09,2023-01,2023,056080,유진로봇,KOSDAQ,4660.0,264.8068669527897,193.9914163090129,2023-10-04,61.36,32463661660.0,mixed,5.5415617128463435,-14.227226202661203,-45.228758169934636,,,,,,36.71,911500000000.0
2023-01-09,2023-01,2023,056080,유진로봇,KOSDAQ,4660.0,264.8068669527897,193.9914163090129,2023-10-04,53.4,32463661660.0,mixed,5.5415617128463435,-14.227226202661203,-45.228758169934636,,,,,,36.71,911500000000.0
2023-01-09,2023-01,2023,056080,유진로봇,KOSDAQ,4660.0,264.8068669527897,193.9914163090129,2023-10-04,62.33,32463661660.0,mixed,5.5415617128463435,-14.227226202661203,-45.228758169934636,,,,,,36.71,911500000000.0
2025-05-22,2025-05,2025,249420,일동제약,KOSPI,12390.0,263.5996771589992,191.36400322841004,2026-02-13,56.14,6547668960.0,box_breakout,1.5424164524421524,-3.658536585365857,-35.56280587275693,9024.0,-7757.0,62374.0,-10926.0,24.73,2.95,729300000000.0
2020-05-27,2020-05,2020,011930,신성이엔지,KOSPI,12150.0,262.13991769547323,164.6090534979424,2021-02-17,61.98,87667717500.0,box_breakout,7.2767364939360535,,-2.7000000000000024,,,,,,2.82,649500000000.0
2020-05-27,2020-05,2020,011930,신성이엔지,KOSPI,12150.0,262.13991769547323,164.6090534979424,2021-02-17,54.06,87667717500.0,box_breakout,7.2767364939360535,,-2.7000000000000024,,,,,,2.82,649500000000.0
2020-05-27,2020-05,2020,011930,신성이엔지,KOSPI,12150.0,262.13991769547323,164.6090534979424,2021-02-17,58.42,87667717500.0,box_breakout,7.2767364939360535,,-2.7000000000000024,,,,,,2.82,649500000000.0
2020-10-14,2020-10,2020,006340,대원전선,KOSPI,1065.0,261.5023474178404,162.4413145539906,2021-07-05,50.53,5433425520.0,sideways,2.2044088176352616,5.809128630705396,-13.559322033898303,,,,,91.89,8.8,1145600000000.0
2024-11-18,2024-11,2024,100840,SNT에너지,KOSPI,15710.0,260.2800763844685,217.63208147676642,2025-08-14,54.79,17270804210.0,mixed,19.798657718120815,34.08450704225352,-7.811491284699801,117122.0,82378.0,274980.0,222426.0,8.85,2.24,907900000000.0
2024-11-18,2024-11,2024,100840,SNT에너지,KOSPI,15710.0,260.2800763844685,217.63208147676642,2025-08-14,53.6,17270804210.0,mixed,19.798657718120815,34.08450704225352,-7.811491284699801,117122.0,82378.0,274980.0,222426.0,8.85,2.24,907900000000.0
2024-11-18,2024-11,2024,100840,SNT에너지,KOSPI,15710.0,260.2800763844685,217.63208147676642,2025-08-14,46.98,17270804210.0,mixed,19.798657718120815,34.08450704225352,-7.811491284699801,117122.0,82378.0,274980.0,222426.0,8.85,2.24,907900000000.0
2024-11-18,2024-11,2024,100840,SNT에너지,KOSPI,15710.0,260.2800763844685,217.63208147676642,2025-08-14,54.39,17270804210.0,mixed,19.798657718120815,34.08450704225352,-7.811491284699801,117122.0,82378.0,274980.0,222426.0,8.85,2.24,907900000000.0
2024-09-26,2024-09,2024,347850,디앤디파마텍,KOSDAQ,10760.0,260.0185873605948,185.36245353159853,2025-06-27,47.05,39514991720.0,V_recovery,35.78238923163208,,-7.859181731684107,154146.0,116705.0,234073.0,139175.0,,38.17,3053100000000.0
2022-07-11,2022-07,2022,052020,에스티큐브,KOSDAQ,7318.0,258.51325498770154,129.20196775075158,2023-03-31,45.66,8277162942.0,box_breakout,12.936943111720357,-2.5144209436473886,-24.084312370421557,,,,,,14.87,1073500000000.0
2022-07-11,2022-07,2022,052020,에스티큐브,KOSDAQ,7318.0,258.51325498770154,129.20196775075158,2023-03-31,51.74,8277162942.0,box_breakout,12.936943111720357,-2.5144209436473886,-24.084312370421557,,,,,,14.87,1073500000000.0
2022-07-11,2022-07,2022,052020,에스티큐브,KOSDAQ,7318.0,258.51325498770154,129.20196775075158,2023-03-31,49.49,8277162942.0,box_breakout,12.936943111720357,-2.5144209436473886,-24.084312370421557,,,,,,14.87,1073500000000.0
2025-07-14,2025-07,2025,214370,케어젠,KOSDAQ,43000.0,257.6744186046512,96.04651162790698,2026-04-09,56.92,30777250000.0,persistent_uptrend,37.31343283582089,22.666666666666657,-4.1666666666666625,-79885.0,-9400.0,-114331.0,-95119.0,204.83,20.31,4786000000000.0
2020-06-23,2020-06,2020,298040,효성중공업,KOSPI,27450.0,251.54826958105647,179.78142076502732,2021-03-17,53.02,81146509650.0,persistent_uptrend,145.4081632653061,,-11.58088235294118,-1517.0,1457.0,-203552.0,-265899.0,71.87,15.87,37363500000000.0
2025-05-29,2025-05,2025,001510,SK증권,KOSPI,1165.0,251.41630901287556,210.47210300429185,2026-02-25,69.7,15526332460.0,new_high_120,10.362694300518127,5.550049554013881,-10.878661087866103,,,,,31.82,1.33,890500000000.0
2025-05-29,2025-05,2025,001510,SK증권,KOSPI,1165.0,251.41630901287556,210.47210300429185,2026-02-25,60.96,15526332460.0,new_high_120,10.362694300518127,5.550049554013881,-10.878661087866103,,,,,31.82,1.33,890500000000.0
2025-05-29,2025-05,2025,001510,SK증권,KOSPI,1165.0,251.41630901287556,210.47210300429185,2026-02-25,72.47,15526332460.0,new_high_120,10.362694300518127,5.550049554013881,-10.878661087866103,,,,,31.82,1.33,890500000000.0
2025-05-29,2025-05,2025,001510,SK증권,KOSPI,1165.0,251.41630901287556,210.47210300429185,2026-02-25,77.48,15526332460.0,new_high_120,10.362694300518127,5.550049554013881,-10.878661087866103,,,,,31.82,1.33,890500000000.0
2025-06-23,2025-06,2025,090360,로보스타,KOSDAQ,30800.0,250.64935064935065,113.3116883116883,2026-03-19,54.28,143693765600.0,mixed,8.523908523908519,27.00729927007299,-14.003294892915985,-46604.0,38708.0,-4475.0,26369.0,,9.59,832700000000.0
2022-12-23,2022-12,2022,006110,삼아알미늄,KOSPI,40000.0,250.25,149.75,2023-09-14,60.36,271230920000.0,persistent_uptrend,55.21064301552106,108.955223880597,-3.978052126200271,-70282.0,8538.0,12990.0,-6381.0,,6.51,1457900000000.0
2022-12-23,2022-12,2022,006110,삼아알미늄,KOSPI,40000.0,250.25,149.75,2023-09-14,53.67,271230920000.0,persistent_uptrend,55.21064301552106,108.955223880597,-3.978052126200271,-70282.0,8538.0,12990.0,-6381.0,,6.51,1457900000000.0
2022-12-23,2022-12,2022,006110,삼아알미늄,KOSPI,40000.0,250.25,149.75,2023-09-14,55.99,271230920000.0,persistent_uptrend,55.21064301552106,108.955223880597,-3.978052126200271,-70282.0,8538.0,12990.0,-6381.0,,6.51,1457900000000.0
2022-12-23,2022-12,2022,006110,삼아알미늄,KOSPI,40000.0,250.25,149.75,2023-09-14,61.88,271230920000.0,persistent_uptrend,55.21064301552106,108.955223880597,-3.978052126200271,-70282.0,8538.0,12990.0,-6381.0,,6.51,1457900000000.0
2023-06-16,2023-06,2023,089030,테크윙,KOSDAQ,8000.0,250.0,235.62500000000003,2024-03-12,58.69,16617984000.0,sideways,21.138211382113823,22.131147540983598,-21.31389945078158,,,,,213.1,8.92,1989800000000.0
2025-02-19,2025-02,2025,089890,코세스,KOSDAQ,9320.0,249.78540772532187,236.90987124463518,2025-11-14,52.36,16653283560.0,box_breakout,5.263157894736836,-27.84458834412581,-58.86075949367089,2512.0,-67811.0,12406.0,-86521.0,51.26,8.8,676700000000.0
2025-02-19,2025-02,2025,089890,코세스,KOSDAQ,9320.0,249.78540772532187,236.90987124463518,2025-11-14,58.93,16653283560.0,box_breakout,5.263157894736836,-27.84458834412581,-58.86075949367089,2512.0,-67811.0,12406.0,-86521.0,51.26,8.8,676700000000.0
2025-02-19,2025-02,2025,089890,코세스,KOSDAQ,9320.0,249.78540772532187,236.90987124463518,2025-11-14,56.55,16653283560.0,box_breakout,5.263157894736836,-27.84458834412581,-58.86075949367089,2512.0,-67811.0,12406.0,-86521.0,51.26,8.8,676700000000.0
2025-02-11,2025-02,2025,000880,한화,KOSPI,32500.0,249.23076923076923,183.3846153846154,2025-11-06,56.33,31451062500.0,mixed,6.8783068783068835,4.844290657439454,-3.6565977742448297,160731.0,115480.0,620936.0,196368.0,30.42,1.01,9906400000000.0
2025-02-11,2025-02,2025,000880,한화,KOSPI,32500.0,249.23076923076923,183.3846153846154,2025-11-06,56.35,31451062500.0,mixed,6.8783068783068835,4.844290657439454,-3.6565977742448297,160731.0,115480.0,620936.0,196368.0,30.42,1.01,9906400000000.0
2025-02-11,2025-02,2025,000880,한화,KOSPI,32500.0,249.23076923076923,183.3846153846154,2025-11-06,54.01,31451062500.0,mixed,6.8783068783068835,4.844290657439454,-3.6565977742448297,160731.0,115480.0,620936.0,196368.0,30.42,1.01,9906400000000.0
2020-06-11,2020-06,2020,298050,HS효성첨단소재,KOSPI,96100.0,248.59521331945888,235.06763787721124,2021-03-05,57.59,49468724300.0,mixed,15.582655826558266,,-23.15315315315315,-10120.0,-45732.0,8611.0,-33379.0,,1.26,1019200000000.0
2020-06-11,2020-06,2020,298050,HS효성첨단소재,KOSPI,96100.0,248.59521331945888,235.06763787721124,2021-03-05,54.05,49468724300.0,mixed,15.582655826558266,,-23.15315315315315,-10120.0,-45732.0,8611.0,-33379.0,,1.26,1019200000000.0
2020-06-11,2020-06,2020,298050,HS효성첨단소재,KOSPI,96100.0,248.59521331945888,235.06763787721124,2021-03-05,58.97,49468724300.0,mixed,15.582655826558266,,-23.15315315315315,-10120.0,-45732.0,8611.0,-33379.0,,1.26,1019200000000.0
2024-10-24,2024-10,2024,034020,두산에너빌리티,KOSPI,20850.0,246.2829736211031,200.2398081534772,2025-07-22,46.88,185945470800.0,V_recovery,-0.4950495049504955,29.343629343629352,-9.662921348314601,1861406.0,704415.0,8320112.0,7704093.0,463.07,8.9,71486600000000.0
2024-12-04,2024-12,2024,377300,카카오페이,KOSPI,32950.0,245.97875569044007,75.41729893778452,2025-09-02,71.24,247921368550.0,box_breakout,9.127789046653145,-12.091503267973858,-54.25170068027211,-409621.0,779328.0,-540445.0,1041864.0,111.86,3.56,6762800000000.0
2024-12-04,2024-12,2024,377300,카카오페이,KOSPI,32950.0,245.97875569044007,75.41729893778452,2025-09-02,78.69,247921368550.0,box_breakout,9.127789046653145,-12.091503267973858,-54.25170068027211,-409621.0,779328.0,-540445.0,1041864.0,111.86,3.56,6762800000000.0
2025-02-17,2025-02,2025,356860,티엘비,KOSDAQ,21950.0,245.78587699316628,213.89521640091118,2025-11-12,58.52,138297687100.0,new_high_120,49.19614147909967,17.542748575047497,-40.41733547351525,-62849.0,88112.0,14826.0,56793.0,43.84,8.65,1168100000000.0
2025-02-17,2025-02,2025,356860,티엘비,KOSDAQ,21950.0,245.78587699316628,213.89521640091118,2025-11-12,64.04,138297687100.0,new_high_120,49.19614147909967,17.542748575047497,-40.41733547351525,-62849.0,88112.0,14826.0,56793.0,43.84,8.65,1168100000000.0
2025-02-17,2025-02,2025,356860,티엘비,KOSDAQ,21950.0,245.78587699316628,213.89521640091118,2025-11-12,55.67,138297687100.0,new_high_120,49.19614147909967,17.542748575047497,-40.41733547351525,-62849.0,88112.0,14826.0,56793.0,43.84,8.65,1168100000000.0
2020-06-23,2020-06,2020,065350,신성델타테크,KOSDAQ,4000.0,245.00000000000003,119.24999999999999,2021-03-17,57.7,43306988000.0,persistent_uptrend,70.9090909090909,,-10.231923601637105,55692.0,279915.0,28957.0,277946.0,62.15,5.42,1349500000000.0
2020-06-23,2020-06,2020,065350,신성델타테크,KOSDAQ,4000.0,245.00000000000003,119.24999999999999,2021-03-17,60.56,43306988000.0,persistent_uptrend,70.9090909090909,,-10.231923601637105,55692.0,279915.0,28957.0,277946.0,62.15,5.42,1349500000000.0
2020-06-23,2020-06,2020,065350,신성델타테크,KOSDAQ,4000.0,245.00000000000003,119.24999999999999,2021-03-17,53.3,43306988000.0,persistent_uptrend,70.9090909090909,,-10.231923601637105,55692.0,279915.0,28957.0,277946.0,62.15,5.42,1349500000000.0
2023-06-30,2023-06,2023,087010,펩트론,KOSDAQ,13257.0,244.67073998642226,102.12717809459156,2024-03-26,59.66,42334386777.0,persistent_uptrend,57.043354655294955,54.47427293064877,-3.223545900490543,-62041.0,111901.0,-32708.0,32014.0,,41.98,5980900000000.0
2023-06-30,2023-06,2023,087010,펩트론,KOSDAQ,13257.0,244.67073998642226,102.12717809459156,2024-03-26,51.72,42334386777.0,persistent_uptrend,57.043354655294955,54.47427293064877,-3.223545900490543,-62041.0,111901.0,-32708.0,32014.0,,41.98,5980900000000.0
2024-11-27,2024-11,2024,097230,HJ중공업,KOSPI,4665.0,243.83708467309754,195.81993569131834,2025-08-26,59.55,23414866560.0,V_recovery,41.565217391304344,27.586206896551737,-8.539325842696632,,,,,37.27,3.04,2036200000000.0
2024-11-27,2024-11,2024,097230,HJ중공업,KOSPI,4665.0,243.83708467309754,195.81993569131834,2025-08-26,51.2,23414866560.0,V_recovery,41.565217391304344,27.586206896551737,-8.539325842696632,,,,,37.27,3.04,2036200000000.0
2020-12-18,2020-12,2020,052690,한전기술,KOSPI,18350.0,243.32425068119892,156.67574931880108,2021-09-09,61.68,28207766800.0,box_breakout,0.8771929824561431,14.617940199335555,-18.823529411764707,80953.0,-143902.0,115337.0,-319761.0,65.58,8.92,5599200000000.0
2020-05-20,2020-05,2020,036810,에프에스티,KOSDAQ,11305.0,243.05174701459532,178.26625386996903,2021-02-08,52.26,50520914500.0,box_breakout,-3.2114937671667065,,-3.2114937671667065,17591.0,-13812.0,34845.0,-118750.0,,2.91,782600000000.0
2020-05-20,2020-05,2020,036810,에프에스티,KOSDAQ,11305.0,243.05174701459532,178.26625386996903,2021-02-08,60.74,50520914500.0,box_breakout,-3.2114937671667065,,-3.2114937671667065,17591.0,-13812.0,34845.0,-118750.0,,2.91,782600000000.0
2020-05-20,2020-05,2020,036810,에프에스티,KOSDAQ,11305.0,243.05174701459532,178.26625386996903,2021-02-08,56.2,50520914500.0,box_breakout,-3.2114937671667065,,-3.2114937671667065,17591.0,-13812.0,34845.0,-118750.0,,2.91,782600000000.0
2020-12-18,2020-12,2020,006340,대원전선,KOSPI,1125.0,242.2222222222222,94.66666666666667,2021-09-09,57.35,8491851000.0,new_high_120,4.854368932038833,7.462686567164178,-8.47457627118644,,,,,91.89,8.8,1145600000000.0
2024-09-13,2024-09,2024,226950,올릭스,KOSDAQ,18890.0,238.80359978824774,117.04605611434621,2025-06-19,46.68,11624207070.0,new_high_120,31.74962292609351,14.934210526315784,-30.259481037924154,3904.0,146413.0,-217960.0,270832.0,,24.01,3284600000000.0
2020-04-08,2020-04,2020,006120,SK디스커버리,KOSPI,27100.0,238.00738007380073,142.43542435424354,2020-12-30,44.49,61105134200.0,V_recovery,-12.230215827338132,,-12.230215827338132,-13748.0,57718.0,49201.0,127797.0,8.02,0.33,914200000000.0
2020-09-09,2020-09,2020,307950,현대오토에버,KOSPI,48200.0,235.0622406639004,125.10373443983403,2021-06-04,61.58,24412962600.0,box_breakout,15.34460338101431,55.88752196836555,-10.222672064777328,-26633.0,36760.0,13267.0,1143.0,94.83,9.37,17304500000000.0
2025-05-21,2025-05,2025,290650,엘앤씨바이오,KOSDAQ,29150.0,234.47684391080617,218.35334476843911,2026-02-12,65.31,31024170100.0,box_breakout,15.850815850815847,55.31250000000001,-8.302583025830257,169736.0,62958.0,214030.0,377015.0,,8.38,1842000000000.0
2025-05-21,2025-05,2025,290650,엘앤씨바이오,KOSDAQ,29150.0,234.47684391080617,218.35334476843911,2026-02-12,56.95,31024170100.0,box_breakout,15.850815850815847,55.31250000000001,-8.302583025830257,169736.0,62958.0,214030.0,377015.0,,8.38,1842000000000.0
2025-05-21,2025-05,2025,290650,엘앤씨바이오,KOSDAQ,29150.0,234.47684391080617,218.35334476843911,2026-02-12,60.33,31024170100.0,box_breakout,15.850815850815847,55.31250000000001,-8.302583025830257,169736.0,62958.0,214030.0,377015.0,,8.38,1842000000000.0
2024-10-28,2024-10,2024,214430,아이쓰리시스템,KOSDAQ,37300.0,234.04825737265415,208.84718498659515,2025-07-24,52.59,6309630700.0,box_breakout,-3.551912568306015,-14.734299516908212,-27.95918367346939,6672.0,-26314.0,43415.0,-44728.0,35.15,4.57,646000000000.0
2025-05-30,2025-05,2025,218410,RFHIC,KOSDAQ,19660.0,231.63784333672433,191.45473041709056,2026-02-26,49.71,28513782700.0,box_breakout,11.166875784190712,36.93972179289027,-7.708333333333329,264375.0,144667.0,440234.0,47475.0,87.62,7.3,2761600000000.0
2025-05-30,2025-05,2025,218410,RFHIC,KOSDAQ,19660.0,231.63784333672433,191.45473041709056,2026-02-26,55.49,28513782700.0,box_breakout,11.166875784190712,36.93972179289027,-7.708333333333329,264375.0,144667.0,440234.0,47475.0,87.62,7.3,2761600000000.0
2025-05-30,2025-05,2025,218410,RFHIC,KOSDAQ,19660.0,231.63784333672433,191.45473041709056,2026-02-26,53.94,28513782700.0,box_breakout,11.166875784190712,36.93972179289027,-7.708333333333329,264375.0,144667.0,440234.0,47475.0,87.62,7.3,2761600000000.0
2024-08-14,2024-08,2024,007390,네이처셀,KOSDAQ,10800.0,230.55555555555554,117.59259259259261,2025-05-19,50.34,6491815200.0,mixed,1.495513459621134,38.127544097693345,-19.842519685039374,-36.0,-67051.0,588477.0,276922.0,,23.01,1449800000000.0
2023-07-05,2023-07,2023,399720,가온칩스,KOSDAQ,38700.0,230.49095607235142,191.98966408268734,2024-03-29,55.49,294337803600.0,box_breakout,3.5603715170278605,130.6896551724138,-5.7746478873239475,133168.0,98725.0,162592.0,187102.0,,13.09,730500000000.0
2023-07-05,2023-07,2023,399720,가온칩스,KOSDAQ,38700.0,230.49095607235142,191.98966408268734,2024-03-29,58.51,294337803600.0,box_breakout,3.5603715170278605,130.6896551724138,-5.7746478873239475,133168.0,98725.0,162592.0,187102.0,,13.09,730500000000.0
2023-07-05,2023-07,2023,399720,가온칩스,KOSDAQ,38700.0,230.49095607235142,191.98966408268734,2024-03-29,51.08,294337803600.0,box_breakout,3.5603715170278605,130.6896551724138,-5.7746478873239475,133168.0,98725.0,162592.0,187102.0,,13.09,730500000000.0
2020-05-07,2020-05,2020,196170,알테오젠,KOSDAQ,38382.0,230.32671564796,117.75571882653328,2021-01-26,46.4,195425484144.0,new_high_240,52.12756662297946,,0.0,-3527.0,-28597.0,67863.0,-48755.0,138.44,44.14,19532200000000.0
2023-01-11,2023-01,2023,095340,ISC,KOSDAQ,35400.0,230.22598870056495,113.55932203389831,2023-10-06,46.78,11007028200.0,mixed,3.9877300613496924,-0.5865102639296182,-17.81818181818182,-97869.0,140394.0,-134265.0,292928.0,63.81,7.92,4451400000000.0
2024-11-19,2024-11,2024,100840,SNT에너지,KOSPI,17290.0,227.35685367264313,179.93059572006942,2025-08-18,56.88,43409570750.0,new_high_240,23.895899053627765,47.235238987816295,0.0,122448.0,95599.0,291137.0,260016.0,8.85,2.24,907900000000.0
2024-11-19,2024-11,2024,100840,SNT에너지,KOSPI,17290.0,227.35685367264313,179.93059572006942,2025-08-18,58.5,43409570750.0,new_high_240,23.895899053627765,47.235238987816295,0.0,122448.0,95599.0,291137.0,260016.0,8.85,2.24,907900000000.0
2024-11-19,2024-11,2024,100840,SNT에너지,KOSPI,17290.0,227.35685367264313,179.93059572006942,2025-08-18,51.41,43409570750.0,new_high_240,23.895899053627765,47.235238987816295,0.0,122448.0,95599.0,291137.0,260016.0,8.85,2.24,907900000000.0
2024-11-19,2024-11,2024,100840,SNT에너지,KOSPI,17290.0,227.35685367264313,179.93059572006942,2025-08-18,59.05,43409570750.0,new_high_240,23.895899053627765,47.235238987816295,0.0,122448.0,95599.0,291137.0,260016.0,8.85,2.24,907900000000.0
2024-12-09,2024-12,2024,052400,코나아이,KOSDAQ,26450.0,225.14177693761815,92.81663516068053,2025-09-05,64.83,85410594300.0,new_high_240,38.6138613861386,31.25,0.0,-61998.0,88487.0,-69591.0,139060.0,9.81,3.25,872300000000.0
2024-10-31,2024-10,2024,214430,아이쓰리시스템,KOSDAQ,38500.0,223.63636363636363,204.15584415584416,2025-07-29,52.98,5701080000.0,mixed,8.925869894099847,-15.492957746478876,-26.530612244897956,19118.0,-49565.0,51568.0,-79934.0,35.15,4.57,646000000000.0
2024-09-10,2024-09,2024,389470,인벤티지랩,KOSDAQ,18890.0,222.92218104817363,130.28057173107464,2025-06-16,48.23,184689872360.0,persistent_uptrend,52.61682242990655,27.081712062256802,-39.74169741697416,57158.0,-79357.0,103380.0,-267810.0,,9.84,674900000000.0
2024-12-19,2024-12,2024,075580,세진중공업,KOSPI,8490.0,222.7326266195524,184.45229681978796,2025-09-17,57.86,9576550200.0,mixed,7.71276595744681,-12.715517241379315,-23.87218045112782,-132043.0,198632.0,-40779.0,792968.0,18.54,4.11,939200000000.0
2024-06-21,2024-06,2024,100840,SNT에너지,KOSPI,11950.0,221.3389121338912,162.7615062761506,2025-03-21,47.38,8202468050.0,mixed,29.736598890942687,41.936299292214365,-13.68178324365873,-12684.0,66688.0,-147350.0,81091.0,8.85,2.24,907900000000.0
2023-07-13,2023-07,2023,399720,가온칩스,KOSDAQ,39900.0,220.55137844611528,150.12531328320802,2024-04-08,53.53,259495475400.0,mixed,19.8707592891761,112.00000000000001,-4.134366925064603,104707.0,182028.0,265081.0,301323.0,,13.09,730500000000.0
2020-06-01,2020-06,2020,011930,신성이엔지,KOSPI,13750.0,220.00000000000003,134.54545454545453,2021-02-22,61.05,88260713750.0,new_high_240,41.61849710982659,,0.0,,,,,,2.82,649500000000.0
2020-06-01,2020-06,2020,011930,신성이엔지,KOSPI,13750.0,220.00000000000003,134.54545454545453,2021-02-22,52.99,88260713750.0,new_high_240,41.61849710982659,,0.0,,,,,,2.82,649500000000.0
2020-06-01,2020-06,2020,011930,신성이엔지,KOSPI,13750.0,220.00000000000003,134.54545454545453,2021-02-22,54.53,88260713750.0,new_high_240,41.61849710982659,,0.0,,,,,,2.82,649500000000.0
2020-06-01,2020-06,2020,011930,신성이엔지,KOSPI,13750.0,220.00000000000003,134.54545454545453,2021-02-22,56.96,88260713750.0,new_high_240,41.61849710982659,,0.0,,,,,,2.82,649500000000.0
2024-06-05,2024-06,2024,310210,보로노이,KOSDAQ,47500.0,219.15789473684208,207.57894736842104,2025-03-06,55.49,27707652500.0,V_recovery,-5.518763796909488,4.517704517704524,-42.49862292262841,100942.0,120005.0,131871.0,119285.0,,49.26,5171000000000.0
2024-06-05,2024-06,2024,310210,보로노이,KOSDAQ,47500.0,219.15789473684208,207.57894736842104,2025-03-06,56.74,27707652500.0,V_recovery,-5.518763796909488,4.517704517704524,-42.49862292262841,100942.0,120005.0,131871.0,119285.0,,49.26,5171000000000.0
2020-07-10,2020-07,2020,006280,녹십자,KOSPI,169000.0,218.34319526627218,102.36686390532546,2021-04-05,62.23,119913950000.0,sideways,-4.430379746835444,20.318725099601597,-9.036144578313255,41303.0,11441.0,35127.0,5999.0,,1.3,1624400000000.0
2022-05-19,2022-05,2022,322000,HD현대에너지솔루션,KOSPI,27150.0,217.4953959484346,102.20994475138122,2023-02-09,72.48,44158171800.0,sideways,11.494252873563227,13.849765258215951,-26.515151515151516,,,,,54.56,5.44,2273600000000.0
2022-05-19,2022-05,2022,322000,HD현대에너지솔루션,KOSPI,27150.0,217.4953959484346,102.20994475138122,2023-02-09,71.42,44158171800.0,sideways,11.494252873563227,13.849765258215951,-26.515151515151516,,,,,54.56,5.44,2273600000000.0
2022-05-19,2022-05,2022,322000,HD현대에너지솔루션,KOSPI,27150.0,217.4953959484346,102.20994475138122,2023-02-09,79.04,44158171800.0,sideways,11.494252873563227,13.849765258215951,-26.515151515151516,,,,,54.56,5.44,2273600000000.0
2022-05-19,2022-05,2022,322000,HD현대에너지솔루션,KOSPI,27150.0,217.4953959484346,102.20994475138122,2023-02-09,61.75,44158171800.0,sideways,11.494252873563227,13.849765258215951,-26.515151515151516,,,,,54.56,5.44,2273600000000.0
2025-05-27,2025-05,2025,377300,카카오페이,KOSPI,35950.0,217.10709318497914,84.97913769123784,2026-02-23,55.74,49942171400.0,mixed,1.1023622047244164,36.01694915254237,-10.460251046025103,638058.0,385053.0,566048.0,256440.0,111.86,3.56,6762800000000.0
2022-08-30,2022-08,2022,281740,레이크머티리얼즈,KOSDAQ,5730.0,216.7539267015707,144.85165794066316,2023-05-23,53.58,56007793320.0,mixed,2.5540275049115824,12.5,-4.744525547445255,,,,,174.79,9.98,1344200000000.0
2022-08-30,2022-08,2022,281740,레이크머티리얼즈,KOSDAQ,5730.0,216.7539267015707,144.85165794066316,2023-05-23,48.41,56007793320.0,mixed,2.5540275049115824,12.5,-4.744525547445255,,,,,174.79,9.98,1344200000000.0
2022-08-30,2022-08,2022,281740,레이크머티리얼즈,KOSDAQ,5730.0,216.7539267015707,144.85165794066316,2023-05-23,54.25,56007793320.0,mixed,2.5540275049115824,12.5,-4.744525547445255,,,,,174.79,9.98,1344200000000.0
2022-08-30,2022-08,2022,281740,레이크머티리얼즈,KOSDAQ,5730.0,216.7539267015707,144.85165794066316,2023-05-23,51.06,56007793320.0,mixed,2.5540275049115824,12.5,-4.744525547445255,,,,,174.79,9.98,1344200000000.0
2024-11-12,2024-11,2024,083650,비에이치아이,KOSDAQ,15040.0,216.48936170212764,184.24202127659575,2025-08-08,50.88,178161268160.0,new_high_240,61.87499999999999,30.412890231621347,0.0,120040.0,241002.0,664570.0,1600730.0,39.48,13.3,2432200000000.0
2022-12-16,2022-12,2022,257720,실리콘투,KOSDAQ,3065.0,216.4763458401305,170.1468189233279,2023-09-07,54.35,88722564195.0,V_recovery,26.41083521444696,11.243543901469998,-59.243085880640464,281374.0,103289.0,626818.0,101373.0,14.87,5.56,2544400000000.0
2022-12-16,2022-12,2022,257720,실리콘투,KOSDAQ,3065.0,216.4763458401305,170.1468189233279,2023-09-07,49.23,88722564195.0,V_recovery,26.41083521444696,11.243543901469998,-59.243085880640464,281374.0,103289.0,626818.0,101373.0,14.87,5.56,2544400000000.0
2022-12-16,2022-12,2022,257720,실리콘투,KOSDAQ,3065.0,216.4763458401305,170.1468189233279,2023-09-07,55.43,88722564195.0,V_recovery,26.41083521444696,11.243543901469998,-59.243085880640464,281374.0,103289.0,626818.0,101373.0,14.87,5.56,2544400000000.0
2022-12-16,2022-12,2022,257720,실리콘투,KOSDAQ,3065.0,216.4763458401305,170.1468189233279,2023-09-07,53.78,88722564195.0,V_recovery,26.41083521444696,11.243543901469998,-59.243085880640464,281374.0,103289.0,626818.0,101373.0,14.87,5.56,2544400000000.0
2020-07-09,2020-07,2020,011930,신성이엔지,KOSPI,14000.0,214.28571428571428,136.42857142857144,2021-04-02,53.16,28917924000.0,persistent_uptrend,41.693811074918564,31.68516649848638,-9.999999999999998,,,,,,2.82,649500000000.0
2023-02-20,2023-02,2023,140410,메지온,KOSDAQ,17290.0,212.89762868710235,107.05610179294389,2023-11-14,73.26,44718441040.0,mixed,9.224806201550395,-22.58241758241758,-76.07037923948302,,,,,,130.92,2252100000000.0
2023-02-20,2023-02,2023,140410,메지온,KOSDAQ,17290.0,212.89762868710235,107.05610179294389,2023-11-14,79.95,44718441040.0,mixed,9.224806201550395,-22.58241758241758,-76.07037923948302,,,,,,130.92,2252100000000.0
2023-02-20,2023-02,2023,140410,메지온,KOSDAQ,17290.0,212.89762868710235,107.05610179294389,2023-11-14,71.52,44718441040.0,mixed,9.224806201550395,-22.58241758241758,-76.07037923948302,,,,,,130.92,2252100000000.0
2021-01-06,2021-01,2021,003530,한화투자증권,KOSPI,2625.0,212.38095238095238,69.33333333333334,2021-09-28,57.6,109951327500.0,mixed,28.857142857142847,33.4319526627219,-2.1691973969631184,,,,,14.86,0.73,1482500000000.0
2024-02-21,2024-02,2024,161580,필옵틱스,KOSDAQ,12110.0,211.72584640792732,37.076796036333604,2024-11-18,64.07,198404524080.0,pullback_recovery,-1.3211382113821113,12.254335260115612,-56.06334841628959,-178312.0,12200.0,-123890.0,-92144.0,,9.98,1162700000000.0
2024-02-21,2024-02,2024,161580,필옵틱스,KOSDAQ,12110.0,211.72584640792732,37.076796036333604,2024-11-18,65.99,198404524080.0,pullback_recovery,-1.3211382113821113,12.254335260115612,-56.06334841628959,-178312.0,12200.0,-123890.0,-92144.0,,9.98,1162700000000.0
2024-02-21,2024-02,2024,161580,필옵틱스,KOSDAQ,12110.0,211.72584640792732,37.076796036333604,2024-11-18,58.71,198404524080.0,pullback_recovery,-1.3211382113821113,12.254335260115612,-56.06334841628959,-178312.0,12200.0,-123890.0,-92144.0,,9.98,1162700000000.0
2025-02-10,2025-02,2025,090710,휴림로봇,KOSDAQ,2515.0,211.3320079522863,193.43936381709744,2025-11-05,63.0,249706518290.0,new_high_120,62.43822075782537,0.1523616048755727,-45.29819694868239,,,,,,10.9,1390500000000.0
2024-09-12,2024-09,2024,388720,유일로보틱스,KOSDAQ,33000.0,208.78787878787878,121.81818181818183,2025-06-18,58.91,17234382000.0,V_recovery,2.8368794326241176,4.129263913824066,-23.381770145310433,143093.0,-14866.0,173695.0,-19335.0,,12.56,1134500000000.0
2024-09-12,2024-09,2024,388720,유일로보틱스,KOSDAQ,33000.0,208.78787878787878,121.81818181818183,2025-06-18,60.52,17234382000.0,V_recovery,2.8368794326241176,4.129263913824066,-23.381770145310433,143093.0,-14866.0,173695.0,-19335.0,,12.56,1134500000000.0
2024-09-12,2024-09,2024,388720,유일로보틱스,KOSDAQ,33000.0,208.78787878787878,121.81818181818183,2025-06-18,52.72,17234382000.0,V_recovery,2.8368794326241176,4.129263913824066,-23.381770145310433,143093.0,-14866.0,173695.0,-19335.0,,12.56,1134500000000.0
2024-09-12,2024-09,2024,388720,유일로보틱스,KOSDAQ,33000.0,208.78787878787878,121.81818181818183,2025-06-18,59.05,17234382000.0,V_recovery,2.8368794326241176,4.129263913824066,-23.381770145310433,143093.0,-14866.0,173695.0,-19335.0,,12.56,1134500000000.0
2020-07-28,2020-07,2020,100790,미래에셋벤처투자,KOSDAQ,3632.0,208.37004405286342,144.0803964757709,2021-04-21,55.28,12859194064.0,mixed,13.256784968684766,8.247422680412363,-4.349103732001181,,,,,96.22,7.86,2975000000000.0
2024-01-02,2024-01,2024,003230,삼양식품,KOSPI,234500.0,206.18336886993603,133.68869936034113,2024-09-26,58.56,55529600000.0,mixed,6.930693069306937,88.64628820960698,-4.635761589403975,-1564.0,-44688.0,11886.0,-38185.0,22.78,7.13,9905900000000.0
2021-05-28,2021-05,2021,001440,대한전선,KOSPI,14561.0,205.7550992376897,-7.36213172172241,2022-02-18,53.31,135743189741.0,new_high_120,54.65889212827988,-0.345656747820855,-1.0224643630121655,,,,,121.24,6.36,10740400000000.0
2021-05-28,2021-05,2021,001440,대한전선,KOSPI,14561.0,205.7550992376897,-7.36213172172241,2022-02-18,45.51,135743189741.0,new_high_120,54.65889212827988,-0.345656747820855,-1.0224643630121655,,,,,121.24,6.36,10740400000000.0
2023-07-03,2023-07,2023,425420,티에프이,KOSDAQ,15710.0,205.53787396562697,153.02355187778485,2024-03-27,46.78,68708470500.0,V_recovery,18.91643709825528,67.31266149870801,-4.145077720207258,8518.0,-122272.0,18091.0,-322313.0,37.97,5.8,761800000000.0
2022-12-20,2022-12,2022,257720,실리콘투,KOSDAQ,3180.0,205.0314465408805,164.77987421383648,2023-09-11,59.52,245722276080.0,persistent_uptrend,34.418604651162795,-12.211421628189544,-57.933042212518195,-183860.0,108024.0,282260.0,134856.0,14.87,5.56,2544400000000.0
2022-12-20,2022-12,2022,257720,실리콘투,KOSDAQ,3180.0,205.0314465408805,164.77987421383648,2023-09-11,53.77,245722276080.0,persistent_uptrend,34.418604651162795,-12.211421628189544,-57.933042212518195,-183860.0,108024.0,282260.0,134856.0,14.87,5.56,2544400000000.0
2022-12-20,2022-12,2022,257720,실리콘투,KOSDAQ,3180.0,205.0314465408805,164.77987421383648,2023-09-11,52.23,245722276080.0,persistent_uptrend,34.418604651162795,-12.211421628189544,-57.933042212518195,-183860.0,108024.0,282260.0,134856.0,14.87,5.56,2544400000000.0
2022-12-20,2022-12,2022,257720,실리콘투,KOSDAQ,3180.0,205.0314465408805,164.77987421383648,2023-09-11,56.04,245722276080.0,persistent_uptrend,34.418604651162795,-12.211421628189544,-57.933042212518195,-183860.0,108024.0,282260.0,134856.0,14.87,5.56,2544400000000.0
2024-11-20,2024-11,2024,214370,케어젠,KOSDAQ,20950.0,204.5346062052506,122.91169451073985,2025-08-19,71.3,14395897250.0,sideways,10.385756676557856,-18.06167400881057,-38.51239669421488,59952.0,51312.0,55217.0,184244.0,204.83,20.31,4786000000000.0
2024-11-20,2024-11,2024,214370,케어젠,KOSDAQ,20950.0,204.5346062052506,122.91169451073985,2025-08-19,67.48,14395897250.0,sideways,10.385756676557856,-18.06167400881057,-38.51239669421488,59952.0,51312.0,55217.0,184244.0,204.83,20.31,4786000000000.0
2024-11-20,2024-11,2024,214370,케어젠,KOSDAQ,20950.0,204.5346062052506,122.91169451073985,2025-08-19,55.04,14395897250.0,sideways,10.385756676557856,-18.06167400881057,-38.51239669421488,59952.0,51312.0,55217.0,184244.0,204.83,20.31,4786000000000.0
2024-11-20,2024-11,2024,214370,케어젠,KOSDAQ,20950.0,204.5346062052506,122.91169451073985,2025-08-19,65.68,14395897250.0,sideways,10.385756676557856,-18.06167400881057,-38.51239669421488,59952.0,51312.0,55217.0,184244.0,204.83,20.31,4786000000000.0
2022-05-24,2022-05,2022,322000,HD현대에너지솔루션,KOSPI,28400.0,203.5211267605634,87.32394366197182,2023-02-14,48.2,30167218400.0,mixed,21.962616822429904,25.48076923076923,-20.668693009118545,,,,,54.56,5.44,2273600000000.0
2022-05-24,2022-05,2022,322000,HD현대에너지솔루션,KOSPI,28400.0,203.5211267605634,87.32394366197182,2023-02-14,54.56,30167218400.0,mixed,21.962616822429904,25.48076923076923,-20.668693009118545,,,,,54.56,5.44,2273600000000.0
2022-05-24,2022-05,2022,322000,HD현대에너지솔루션,KOSPI,28400.0,203.5211267605634,87.32394366197182,2023-02-14,55.48,30167218400.0,mixed,21.962616822429904,25.48076923076923,-20.668693009118545,,,,,54.56,5.44,2273600000000.0
2022-05-24,2022-05,2022,322000,HD현대에너지솔루션,KOSPI,28400.0,203.5211267605634,87.32394366197182,2023-02-14,53.48,30167218400.0,mixed,21.962616822429904,25.48076923076923,-20.668693009118545,,,,,54.56,5.44,2273600000000.0
2020-04-06,2020-04,2020,237690,에스티팜,KOSDAQ,39200.0,202.55102040816325,138.5204081632653,2020-12-28,42.31,55111044800.0,mixed,24.542124542124544,,-6.206896551724139,-14762.0,92324.0,-91764.0,172178.0,51.55,4.87,2909800000000.0
2022-12-27,2022-12,2022,241710,코스메카코리아,KOSDAQ,10750.0,201.3953488372093,158.13953488372096,2023-09-18,54.86,28721011500.0,mixed,12.151898734177212,-5.037513397642012,-45.30864197530864,87180.0,-31523.0,115006.0,38379.0,14.6,3.16,804200000000.0
2022-12-27,2022-12,2022,241710,코스메카코리아,KOSDAQ,10750.0,201.3953488372093,158.13953488372096,2023-09-18,50.84,28721011500.0,mixed,12.151898734177212,-5.037513397642012,-45.30864197530864,87180.0,-31523.0,115006.0,38379.0,14.6,3.16,804200000000.0
2022-12-27,2022-12,2022,241710,코스메카코리아,KOSDAQ,10750.0,201.3953488372093,158.13953488372096,2023-09-18,57.38,28721011500.0,mixed,12.151898734177212,-5.037513397642012,-45.30864197530864,87180.0,-31523.0,115006.0,38379.0,14.6,3.16,804200000000.0
2020-07-21,2020-07,2020,042700,한미반도체,KOSPI,5575.0,201.34529147982062,184.75336322869956,2021-04-14,58.6,109525870200.0,V_recovery,21.64556962025317,1.051524710830698,-3.803803803803807,-146625.0,710781.0,-270652.0,768589.0,143.53,44.04,30547600000000.0
2020-07-21,2020-07,2020,042700,한미반도체,KOSPI,5575.0,201.34529147982062,184.75336322869956,2021-04-14,52.32,109525870200.0,V_recovery,21.64556962025317,1.051524710830698,-3.803803803803807,-146625.0,710781.0,-270652.0,768589.0,143.53,44.04,30547600000000.0
2020-07-21,2020-07,2020,042700,한미반도체,KOSPI,5575.0,201.34529147982062,184.75336322869956,2021-04-14,56.75,109525870200.0,V_recovery,21.64556962025317,1.051524710830698,-3.803803803803807,-146625.0,710781.0,-270652.0,768589.0,143.53,44.04,30547600000000.0
2025-02-12,2025-02,2025,000880,한화,KOSPI,37700.0,201.0610079575597,130.50397877984085,2025-11-07,71.54,135578361100.0,new_high_240,11.683848797250862,12.06896551724137,0.0,50939.0,503305.0,471060.0,627318.0,30.42,1.01,9906400000000.0
2025-02-12,2025-02,2025,000880,한화,KOSPI,37700.0,201.0610079575597,130.50397877984085,2025-11-07,73.54,135578361100.0,new_high_240,11.683848797250862,12.06896551724137,0.0,50939.0,503305.0,471060.0,627318.0,30.42,1.01,9906400000000.0
2025-02-12,2025-02,2025,000880,한화,KOSPI,37700.0,201.0610079575597,130.50397877984085,2025-11-07,79.98,135578361100.0,new_high_240,11.683848797250862,12.06896551724137,0.0,50939.0,503305.0,471060.0,627318.0,30.42,1.01,9906400000000.0
2025-07-10,2025-07,2025,310210,보로노이,KOSDAQ,124900.0,200.64051240992794,118.57485988791035,2026-04-07,52.61,21575725600.0,V_recovery,20.207253886010367,47.58269720101782,-22.043010752688176,-31304.0,70827.0,-43679.0,69148.0,,49.26,5171000000000.0
2020-07-13,2020-07,2020,011930,신성이엔지,KOSPI,14650.0,200.34129692832764,132.76450511945393,2021-04-06,53.89,21104702100.0,persistent_uptrend,58.04597701149425,38.052208835341375,-5.1724137931034475,,,,,,2.82,649500000000.0
