Date,Name,Code,Market,Close,ChangeRatio,Score,pos_252_high,past_120,slope60,chart_pattern,s10,s12,is_first_pullback,new_high_252,ret_180d,ret_365d
2025-07-30,코스모신소재,005070,KOSPI,39700.0,3.93,57.77,-72.69478198713367,-20.250521920668064,1.465999892741693,V_recovery,32.3,100,True,False,59.19395465994962,
2025-07-21,코스모신소재,005070,KOSPI,38800.0,3.33,50.81,-74.93324432576769,-32.09764918625678,-1.0049745506190089,V_recovery,36.8,70,True,False,42.2680412371134,
2025-07-17,한올바이오파마,009420,KOSPI,29900.0,13.47,54.09,-47.088353413654616,-30.657894736842106,-1.309191340094932,mixed,34.6,70,True,False,54.0133779264214,
2025-04-29,티와이홀딩스,363280,KOSPI,2825.0,22.03,56.64,-41.16899618805591,-34.6045197740113,-4.789415919808439,pullback_recovery,55.6,70,False,False,-7.433628318584071,
2025-04-28,솔루스첨단소재,336370,KOSPI,9100.0,9.24,52.74,-63.86117136659436,-31.72131147540984,-5.422762854750703,pullback_recovery,36.8,70,True,False,-14.285714285714285,
2025-04-24,애경케미칼,161000,KOSPI,7970.0,12.1,45.18,-48.84892086330935,-31.634615384615383,-1.2471423045044723,pullback_recovery,33.5,70,True,False,8.155583437892096,
2025-04-02,애경산업,018250,KOSPI,16120.0,11.17,63.56,-42.46031746031746,-22.252010723860593,2.5995624713536096,box_breakout,33.3,70,False,False,-16.129032258064516,
2025-03-21,GS글로벌,001250,KOSPI,2935.0,13.54,64.3,-40.023201856148496,-38.3054892601432,-0.8111978237214253,mixed,26.6,70,True,False,-18.739352640545146,
2025-03-20,티와이홀딩스,363280,KOSPI,2485.0,18.05,41.14,-46.505717916137236,-38.179148311306896,-3.9626980718350056,downtrend,13.0,70,True,False,14.486921529175051,
2025-03-06,LG이노텍,011070,KOSPI,177500.0,9.57,55.19,-46.35761589403974,-39.776951672862445,-0.5069823143353068,mixed,39.2,100,False,False,33.52112676056338,
2025-02-26,KG모빌리티,003620,KOSPI,4817.0,13.21,62.38,-52.0509353166554,-31.821823425733054,-1.8559111925925724,pullback_recovery,39.5,70,True,False,-32.73821880838697,
2025-02-20,토니모리,214420,KOSPI,7420.0,16.85,71.11,-59.554140127388536,-32.15811965811965,1.2270308728907937,mixed,29.1,70,True,False,17.11590296495957,
2025-02-17,HS효성첨단소재,298050,KOSPI,206000.0,5.64,58.99,-49.80694980694981,-32.291666666666664,1.1656856545886978,mixed,29.2,70,True,False,0.48543689320388345,
2025-02-07,DB하이텍,000990,KOSPI,38900.0,16.82,55.87,-41.68126094570928,-31.622176591375773,-0.059544657980903526,pullback_recovery,32.4,70,True,False,51.670951156812336,
2025-02-04,풀무원,017810,KOSPI,12670.0,23.97,71.31,-41.96479273140261,-24.79764532744665,-0.14576219595907372,sideways,36.9,70,True,False,4.3409629044988165,
2025-02-03,자화전자,033240,KOSPI,17030.0,10.23,58.64,-52.01863354037267,-25.0,-2.8106484861577496,V_recovery,84.9,100,False,False,26.247798003523194,
2025-01-14,한국무브넥스,010100,KOSPI,3730.0,15.48,57.72,-64.03118040089086,-31.784582893347412,-2.7482023927596004,pullback_recovery,24.4,100,True,False,7.372654155495978,
2024-12-27,제주은행,006220,KOSPI,8390.0,8.68,44.12,-51.17014547754586,-30.63791554357592,-2.1957877526470178,downtrend,22.2,70,False,False,63.2896305125149,
2024-12-16,대원전선,006340,KOSPI,3210.0,26.63,54.59,-48.37067209775967,-28.89200561009818,-3.318635239263047,downtrend,36.1,70,True,False,-7.476635514018691,
2024-12-04,TP,007980,KOSPI,1500.0,9.25,71.24,-55.276872964169385,-20.034944670937683,0.11682252319060211,sideways,26.0,70,False,False,15.8,
2024-11-28,금호타이어,073240,KOSPI,4870.0,6.33,49.71,-44.417475728155345,-36.03351955307262,-0.1134518209071575,sideways,28.3,100,False,False,1.4373716632443532,
2024-11-15,디아이씨,092200,KOSPI,4295.0,24.49,55.85,-45.1510333863275,-34.285714285714285,-2.840561211745546,downtrend,30.5,70,True,False,-0.3492433061699651,44.121071012805594
2024-11-05,DS단석,017860,KOSPI,38702.0,17.2,59.35,-75.00037851832786,-21.935133090634018,0.35316589893772,box_breakout,97.9,70,False,False,-38.84553769831017,-42.50943103715571
2024-11-01,DS단석,017860,KOSPI,31867.0,10.29,55.53,-78.12618286977455,-32.43540278264936,-1.0140489272096094,V_recovery,44.0,70,False,False,-17.491448834217216,-22.019644145981736
2024-10-25,미래산업,025560,KOSPI,18997.0,9.99,50.52,-66.71228124277233,-40.588235294117645,-7.424522436439495,pullback_recovery,33.1,100,False,False,-43.254198031268096,-12.091382849923672
2024-09-25,포스코DX,022100,KOSPI,31350.0,3.81,51.83,-59.299191374663074,-40.5511811023622,-5.922544700116818,pullback_recovery,30.7,70,True,False,-21.690590111642745,-6.0606060606060606
2024-09-23,에코프로머티,450080,KOSPI,116200.0,10.35,47.78,-56.125,-27.52924982794219,-0.8572667760246855,V_recovery,82.5,100,False,False,-57.44406196213425,-36.83304647160069
2024-09-11,포스코퓨처엠,003670,KOSPI,212764.0,8.93,46.82,-55.420309040695685,-37.422265225763255,-4.486110165139908,downtrend,25.6,70,True,False,-43.5054802504183,-6.375138651275591
2024-09-06,한미사이언스,008930,KOSPI,32650.0,5.49,47.82,-44.928825622775804,-23.67447595561035,-0.3757944705433371,pullback_recovery,28.4,100,False,False,19.29555895865237,16.84532924961715
2024-09-02,에코프로머티,450080,KOSPI,95000.0,4.63,50.4,-62.16666666666666,-44.29447852760736,-6.654125544805882,pullback_recovery,32.1,100,False,False,-51.1578947368421,-27.473684210526315
2024-09-02,포스코DX,022100,KOSPI,30400.0,14.29,43.03,-64.15094339622642,-50.187265917603,-9.18527890422178,downtrend,25.2,70,True,False,-25.822368421052634,7.236842105263158
2024-08-29,이수스페셜티케미컬,457190,KOSPI,50500.0,14.38,43.78,-45.08706467661692,-34.005979073243644,-7.03690103849794,V_recovery,88.1,30,False,False,-19.306930693069308,90.2970297029703
2024-08-27,롯데이노베이트,286940,KOSPI,31800.0,17.13,60.13,-48.67674858223062,-26.422764227642283,-1.6658213943998381,pullback_recovery,10.3,70,True,False,-40.503144654088054,-32.54716981132076
2024-08-16,영원무역,111770,KOSPI,41350.0,8.82,51.32,-41.44838212634823,-23.61809045226131,2.938602543883359,mixed,22.9,85,False,False,34.945586457073766,121.28174123337362
2024-08-13,한농화성,011500,KOSPI,15630.0,23.07,46.75,-50.679611650485434,-24.088463837417816,-5.473810391227103,downtrend,27.8,65,False,False,-9.596928982725528,61.8682021753039
2024-07-29,아주스틸,139990,KOSPI,5690.0,13.8,41.35,-45.05494505494505,-27.849927849927848,-3.9073217458732556,downtrend,19.6,70,True,False,-32.60105448154657,-43.67311072056239
2024-07-10,대덕전자,353200,KOSPI,24900.0,11.66,54.76,-41.927083333333336,-20.214669051878353,-1.812251143805672,downtrend,27.0,70,True,False,-47.30923694779116,78.714859437751
2024-07-08,DKME,015590,KOSPI,3290.0,9.67,43.47,-49.10941475826972,-21.46596858638743,6.496611219074501,persistent_uptrend,86.2,100,False,False,-21.732522796352583,-21.732522796352583
2024-06-12,DKME,015590,KOSPI,2730.0,20.0,56.6,-61.40797285835453,-41.51670951156813,-0.6474457738699264,V_recovery,76.3,50,False,False,-5.677655677655678,-5.677655677655678
2024-06-04,코오롱글로벌,003070,KOSPI,10700.0,14.81,68.31,-44.32497013142175,-29.76639035418237,-1.494118031336043,mixed,42.7,70,False,False,-14.299065420560748,-10.093457943925234
2024-03-22,신풍제약,019170,KOSPI,16260.0,28.33,71.98,-41.06976744186046,-22.174447174447177,-1.7210737664913895,mixed,44.3,70,True,False,-33.39483394833948,-15.129151291512915
2024-03-18,파미셀,005690,KOSPI,6540.0,11.04,63.24,-40.26369168356998,-26.65006226650062,-0.6986749067531128,mixed,34.3,70,True,False,0.3058103975535168,98.77675840978594
2024-03-05,LS ELECTRIC,010120,KOSPI,15560.0,13.25,63.2,-40.519480519480524,-27.836134453781515,-1.8059801112363378,mixed,33.4,70,True,False,84.70437017994858,275.9640102827763
2024-02-28,CJ CGV,079160,KOSPI,6050.0,4.31,51.4,-54.110293535881006,-22.356091030789827,-0.2991879042737292,sideways,26.9,70,False,False,-10.743801652892563,-23.388429752066113
2024-02-15,인지컨트롤스,023800,KOSPI,9090.0,9.39,73.71,-42.6896551724138,-42.6896551724138,-0.7063297314377807,box_breakout,36.1,70,False,False,-35.533553355335535,-37.403740374037405
2024-02-15,대창,012800,KOSPI,1676.0,12.33,72.77,-40.08032128514056,-40.08032128514056,2.155790569899409,box_breakout,46.1,70,True,False,-31.20525059665871,-17.24343675417661
2024-02-05,HD건설기계,267270,KOSPI,56700.0,7.59,60.86,-42.71739130434783,-30.566534914361,0.7663346670474963,mixed,37.4,70,False,False,-11.816578483245149,76.19047619047619
2024-01-19,알루코,001780,KOSPI,3400.0,16.84,75.51,-44.35946462715105,-29.36893203883495,1.4625050979904446,mixed,29.4,70,True,False,-29.264705882352942,-28.823529411764703
2024-01-09,KEC,092220,KOSPI,9250.0,17.09,55.04,-44.405348346235044,-22.926829268292682,3.431306225536054,mixed,34.8,70,True,False,-46.64864864864865,-56.91891891891891
2024-01-08,키다리스튜디오,020120,KOSPI,5960.0,8.36,55.82,-47.61904761904761,-21.65242165242165,4.966025430134038,mixed,34.7,70,False,False,-40.100671140939596,-31.879194630872483
2023-12-22,삼화전기,009470,KOSPI,20050.0,24.0,76.16,-45.55555555555556,-22.81622911694511,0.4908623859580355,sideways,50.8,70,True,False,123.94014962593516,44.88778054862843
2023-12-21,키다리스튜디오,020120,KOSPI,5940.0,14.67,58.28,-52.03703703703704,-27.3492286115007,2.325025187007075,V_recovery,36.1,70,False,False,-41.245791245791246,-34.764309764309765
2023-12-19,동원산업,006040,KOSPI,31235.0,8.36,59.1,-40.63677739563811,-22.49468957543491,1.473606466544833,mixed,27.2,70,False,False,-11.064510965263326,51.27261085320954
2023-12-15,SIMPAC,009160,KOSPI,4335.0,20.92,50.42,-46.41255605381166,-30.252918287937746,-1.454043942062423,downtrend,9.1,100,True,False,-7.26643598615917,13.148788927335639
2023-12-11,한농화성,011500,KOSPI,17080.0,6.95,54.54,-40.075046904315194,-26.064814814814817,-0.2633283954566149,V_recovery,100.0,100,False,False,20.02341920374707,-13.466042154566745
2023-12-07,한농화성,011500,KOSPI,15680.0,8.81,56.92,-45.928705440900565,-33.28703703703704,-1.7463878633687095,V_recovery,74.0,100,False,False,23.91581632653061,-5.548469387755102
2023-12-05,에스디바이오센서,137310,KOSPI,13250.0,10.42,54.54,-64.49704142011834,-24.29022082018928,-1.5298456902238458,pullback_recovery,36.5,70,True,False,-19.0188679245283,-12.0
2023-12-01,한농화성,011500,KOSPI,16120.0,10.49,54.9,-45.253283302063785,-27.950617283950617,-4.7335149828366605,V_recovery,84.9,70,False,False,10.918114143920596,-6.823821339950372
2023-11-27,콘텐트리중앙,036420,KOSPI,16680.0,10.32,58.05,-56.98435277382645,-32.65033407572383,-3.3835584519770108,V_recovery,100.0,100,True,False,-43.884892086330936,-26.978417266187048
2023-11-24,두산퓨얼셀,336260,KOSPI,22550.0,8.41,50.53,-43.63143631436315,-31.803278688524593,-5.488306799230903,V_recovery,71.2,70,True,False,-16.851441241685144,-26.164079822616408
2023-11-22,NC,036570,KOSPI,272500.0,6.45,49.3,-46.61105318039625,-28.49162011173184,-0.03859469888704841,pullback_recovery,37.8,100,False,False,-32.88073394495413,-42.1651376146789
2023-11-20,롯데에너지머티리얼즈,020150,KOSPI,43050.0,4.11,47.6,-42.886740331491715,-27.456140350877188,-3.625941536930315,pullback_recovery,33.0,100,True,False,-18.81533101045296,-54.16957026713124
2023-10-18,KG스틸,016380,KOSPI,9620.0,26.41,70.36,-43.37797619047619,-33.245614035087726,-1.2472287568095142,downtrend,34.0,70,True,False,-33.056133056133056,-41.891891891891895
2023-09-13,SBS,034120,KOSPI,30200.0,14.39,44.52,-43.225806451612904,-38.24561403508772,-2.5387568570744086,downtrend,26.0,70,True,False,-37.05298013245033,-35.4635761589404
2023-08-31,CJ,001040,KOSPI,70300.0,4.3,54.0,-41.340295909486514,-27.6824034334764,-2.301766524953503,pullback_recovery,25.2,70,True,False,94.45234708392604,45.80369843527738
2023-08-28,신세계인터내셔날,031430,KOSPI,18450.0,10.88,46.1,-42.62068965517242,-27.017543859649116,-1.2738554787663914,pullback_recovery,30.4,100,True,False,-7.046070460704606,-45.14905149051491
2023-03-02,NPC,004250,KOSPI,7740.0,8.86,55.55,-40.252100840336134,-20.82405345211581,1.490279299075484,pullback_recovery,35.4,70,False,False,-30.87855297157623,-38.24289405684754
2023-02-27,후성,093370,KOSPI,12891.0,3.93,55.62,-52.34564106504784,-21.604196953416345,1.3287435262760747,pullback_recovery,23.5,70,True,False,-11.892017686758203,-48.95663641300132
2023-02-21,티와이홀딩스,363280,KOSPI,13450.0,9.08,68.39,-57.11304347826087,-30.141643059490086,0.07220642157305229,box_breakout,6.2,100,False,False,-59.92565055762081,-72.30483271375465
2023-02-21,한일시멘트,300720,KOSPI,12690.0,9.59,55.4,-46.88073394495413,-24.31372549019608,-1.4552887264954577,pullback_recovery,30.8,100,False,False,0.8668242710795903,12.214342001576044
2023-02-20,KG스틸,016380,KOSPI,10580.0,9.18,55.04,-60.689655172413794,-24.591439688715955,-0.4735592874942833,box_breakout,51.4,100,False,False,-24.102079395085067,-44.045368620037806
2023-02-17,현대비앤지스틸,004560,KOSPI,12170.0,10.74,64.66,-44.63476070528968,-20.93525179856115,-0.41358628564682187,sideways,28.6,100,True,False,1.0682004930156122,18.159408381265408
2023-02-16,후성,093370,KOSPI,13545.0,14.62,58.65,-54.597149114381224,-26.217532467532468,-0.7878273139517804,pullback_recovery,33.6,100,True,False,-22.495385751199702,-54.37430786267996
2023-02-09,무학,033920,KOSPI,5900.0,9.26,68.95,-52.212389380530965,-23.728813559322038,0.02848502072427537,box_breakout,39.2,70,False,False,-5.932203389830509,-4.067796610169491
2023-01-27,흥아해운,003280,KOSPI,1498.0,5.57,56.88,-60.583333333333336,-21.602209944751383,-1.7015017436025808,pullback_recovery,26.3,70,True,False,36.849132176234974,42.523364485981304
2023-01-12,넷마블,251270,KOSPI,57200.0,4.76,51.42,-53.92405063291139,-22.443181818181824,3.153581793964413,mixed,28.5,70,True,False,-27.185314685314687,1.7482517482517483
2023-01-12,일신석재,007110,KOSPI,1355.0,24.31,57.32,-50.45454545454545,-22.142857142857142,-1.7660539495810301,mixed,31.4,70,True,False,-25.535055350553503,-4.870848708487085
2023-01-09,넷마블,251270,KOSPI,53400.0,3.29,53.51,-59.45098039215686,-24.304538799414345,3.128868091741975,mixed,25.3,70,True,False,-24.06367041198502,5.617977528089887
2023-01-06,한일철강,002220,KOSPI,3070.0,11.23,42.27,-54.828150572831426,-28.404669260700388,-1.151198893642841,downtrend,16.0,70,True,False,-11.400651465798045,-26.058631921824105
2023-01-05,아이에스동서,010780,KOSPI,32750.0,20.63,41.21,-54.36974789915967,-29.480519480519483,-1.3937123577851203,mixed,29.0,70,True,False,-11.145038167938932,-26.259541984732827
2023-01-04,일성건설,013360,KOSPI,2500.0,6.38,60.06,-62.875197472353875,-33.80281690140845,0.2334855292346894,mixed,11.6,70,True,False,-35.28,-48.32
2022-12-29,넷마블,251270,KOSPI,60400.0,17.74,51.83,-59.76470588235294,-24.780058651026394,2.2306602459962,pullback_recovery,37.2,70,True,False,-25.08278145695364,-12.417218543046356
2022-12-28,에어부산,298690,KOSPI,2875.0,8.9,41.74,-58.28724917048507,-27.73063235696688,1.0676890201018379,V_recovery,61.7,100,False,False,-0.34782608695652173,-6.608695652173912
2022-12-12,제일파마홀딩스,002620,KOSPI,10900.0,8.46,41.32,-43.85474860335196,-25.0,-0.308252349365408,mixed,24.3,100,False,False,1.926605504587156,-7.155963302752294
2022-12-02,퍼스텍,010820,KOSPI,3410.0,16.38,46.1,-47.58497316636851,-45.94095940959409,-2.204606682717932,downtrend,25.6,70,True,False,3.0791788856304985,-2.346041055718475
2022-12-01,일성건설,013360,KOSPI,2995.0,7.73,57.55,-56.15141955835963,-31.611316113161138,-2.196515847920501,V_recovery,46.1,70,True,False,-47.412353923205345,-52.721202003338895
2022-11-24,대영포장,014160,KOSPI,1885.0,18.93,60.77,-48.117839607201304,-26.78983833718245,-0.7373150516218607,pullback_recovery,40.0,100,True,False,-37.40053050397878,-32.94429708222812
2022-11-22,금강공업,014280,KOSPI,7600.0,22.98,61.82,-40.86124401913875,-30.639730639730644,-4.369222428153462,V_recovery,87.6,70,True,False,-20.263157894736842,-29.078947368421055
2022-11-22,동방,004140,KOSPI,3015.0,22.56,61.14,-45.333333333333336,-26.015037593984957,-3.292137909011374,V_recovery,78.8,100,True,False,-30.18242122719735,-23.71475953565506
2022-11-17,알루코,001780,KOSPI,3265.0,25.34,58.19,-43.61471861471862,-23.49486049926579,-4.4842602633291415,pullback_recovery,77.9,70,False,False,16.84532924961715,3.0627871362940278
2022-11-08,제일약품,271980,KOSPI,19200.0,10.66,45.02,-54.100529100529094,-27.85862785862786,-5.3193090008788335,downtrend,34.2,70,False,False,-10.0,-12.65625
2022-11-01,성신양회,004980,KOSPI,10450.0,9.65,45.35,-48.20652173913044,-25.254901960784316,-4.813053038970648,V_recovery,63.0,70,True,False,-14.832535885167463,-19.138755980861244
2022-10-31,대동,000490,KOSPI,11450.0,11.17,41.51,-43.25068870523416,-43.25068870523416,-4.397905728861474,pullback_recovery,38.0,70,True,False,-3.2314410480349345,3.2314410480349345
2022-10-24,성신양회,004980,KOSPI,9700.0,25.65,42.98,-58.04347826086956,-42.388059701492544,-4.973275020574382,downtrend,21.1,70,True,False,-8.350515463917525,-13.814432989690722
2022-10-20,한신기계,011700,KOSPI,7510.0,24.13,41.62,-56.939501779359425,-48.29059829059828,-8.338430593473715,downtrend,22.8,70,True,False,-21.03861517976032,-42.41011984021305
2022-10-17,남선알미늄,008350,KOSPI,2120.0,9.0,42.68,-54.97685185185186,-39.31357254290172,-4.117140343435259,mixed,20.2,70,True,False,22.169811320754718,-14.716981132075471
2022-10-14,제일약품,271980,KOSPI,18300.0,15.09,43.07,-57.93650793650793,-41.75824175824175,-6.297678965592946,downtrend,10.0,70,True,False,1.2568306010928962,-10.655737704918032
2022-10-14,벽산,007210,KOSPI,2020.0,16.43,41.35,-59.930715935334874,-55.796178343949045,-7.043700653603213,downtrend,1.5,70,True,False,11.138613861386139,10.14851485148515
2022-10-14,미래산업,025560,KOSPI,22029.0,28.72,42.65,-67.7835924852227,-45.50722791823218,-4.916697926844656,downtrend,21.4,20,False,False,140.59194697898226,38.76707975850016
2022-10-06,한전산업,130660,KOSPI,9500.0,15.85,40.99,-54.317548746518106,-38.34586466165414,-2.703925507614545,downtrend,8.6,70,True,False,-20.31578947368421,-22.842105263157894
2022-09-27,에어부산,298690,KOSPI,3190.0,13.12,44.5,-68.8122096881221,-53.74774479252091,-3.4398796569396013,downtrend,5.7,70,True,False,6.112852664576803,-13.009404388714735
2022-09-22,SK케미칼,285130,KOSPI,105000.0,3.45,49.2,-54.79103659921698,-22.22222222222222,0.7590241813732099,mixed,27.4,70,True,False,-30.666666666666664,-38.285714285714285
2022-09-14,진원생명과학,011000,KOSPI,12150.0,12.5,41.28,-57.46859370692711,-28.947368421052634,0.47162049793346916,mixed,11.3,70,True,False,-59.053497942386834,-79.67078189300412
2022-09-07,보령,003850,KOSPI,11250.0,11.94,52.72,-42.074927953890494,-22.69230769230769,0.6141664027246926,mixed,18.1,70,True,False,-19.288888888888888,7.199999999999999
2022-09-05,한국석유,004090,KOSPI,12700.0,7.63,61.71,-52.41935483870967,-42.43902439024391,-0.6968142305979504,pullback_recovery,30.4,100,True,False,-17.637795275590552,-1.4960629921259843
2022-08-19,DH오토넥스,000300,KOSPI,18296.0,8.35,44.84,-41.4514059845359,-26.310277111062618,-2.232079942550828,pullback_recovery,34.5,70,False,False,-12.472671622212506,-81.34018364669873
2022-08-04,키다리스튜디오,020120,KOSPI,10850.0,9.82,56.82,-47.44680851063829,-34.78547854785479,1.3444995147747127,box_breakout,52.7,100,False,False,-34.83870967741935,-43.04147465437788
2022-07-29,키다리스튜디오,020120,KOSPI,9570.0,8.75,44.44,-53.191489361702125,-37.36654804270463,-0.8064643268556169,V_recovery,70.0,100,False,False,-20.58516196447231,-34.90073145245559
2022-07-20,키다리스튜디오,020120,KOSPI,9900.0,14.58,47.81,-54.04255319148936,-52.0,-6.391281830010107,V_recovery,97.0,70,False,False,-24.848484848484848,-40.909090909090914
2022-07-18,SJG세종,033530,KOSPI,5730.0,11.05,40.63,-57.87755102040817,-36.8421052631579,-7.536961392675142,downtrend,24.2,70,True,False,12.56544502617801,5.5846422338568935
2022-07-15,부광약품,003000,KOSPI,8665.0,10.24,40.74,-62.692234668691846,-25.547030406365444,-6.860603750291406,downtrend,28.4,70,True,False,-13.294864396999422,-23.635314483554527
2022-07-14,진원생명과학,011000,KOSPI,14850.0,26.38,58.4,-68.8848873235707,-21.666666666666668,-1.271325786702651,pullback_recovery,69.2,70,True,False,-54.34343434343434,-81.34680134680134
2022-07-06,YG PLUS,037270,KOSPI,5370.0,16.23,41.25,-54.02985074626866,-36.62551440329218,-7.776588295134689,downtrend,0.0,70,True,False,-2.0484171322160147,-19.273743016759777
2022-07-05,SK바이오사이언스,302440,KOSPI,122500.0,24.87,42.4,-70.76005961251863,-54.68822170900693,-5.5924742579213484,downtrend,17.7,70,True,False,-42.204081632653065,-42.61224489795919
2022-07-01,일성건설,013360,KOSPI,3740.0,9.68,49.15,-54.53333333333333,-44.552845528455286,-8.933486051062067,downtrend,6.0,70,True,False,-42.9144385026738,-56.951871657754005
2022-06-27,현대약품,004310,KOSPI,4760.0,19.45,41.04,-45.185694635488304,-30.81597222222222,-3.520317280240721,downtrend,15.2,70,True,False,0.31512605042016806,-18.38235294117647
2022-06-23,와이투솔루션,011690,KOSPI,4000.0,25.2,42.7,-46.75,-46.75,-3.640892419650484,downtrend,0.0,70,True,False,19.625,-29.875
2022-06-14,삼성제약,001360,KOSPI,3514.0,7.0,40.35,-65.21554920029658,-29.693855705416393,-2.725957617449305,pullback_recovery,26.4,100,False,False,-31.104154809334094,-40.8651109846329
2022-06-02,제일약품,271980,KOSPI,28000.0,14.75,49.48,-47.07158351409978,-20.907617504051867,-2.9930933896863183,downtrend,24.4,70,True,False,-29.5,-37.357142857142854
2022-05-12,한국타이어앤테크놀로지,161390,KOSPI,35750.0,7.36,46.91,-41.8848167539267,-21.276595744680847,-0.13180212419618126,sideways,22.3,70,False,False,-6.573426573426573,17.482517482517483
2022-05-04,코오롱인더,120110,KOSPI,67200.0,7.35,56.52,-43.85650224215246,-24.8499399759904,-0.28193442549045145,sideways,30.1,70,False,False,-33.33333333333333,-35.9375
2022-04-07,일진다이아,081000,KOSPI,29700.0,7.61,44.49,-47.42857142857143,-29.949238578680205,0.008321629569640058,pullback_recovery,32.3,45,False,False,-45.11784511784512,-52.289562289562284
2022-03-21,선진,136490,KOSPI,12300.0,14.95,64.87,-50.34802784222738,-28.666666666666664,-1.343142233811042,pullback_recovery,36.8,100,True,False,-29.67479674796748,-36.91056910569105
2022-03-08,신풍제약,019170,KOSPI,49250.0,22.21,56.03,-64.64912280701755,-41.339155749636106,-3.947191506761561,box_breakout,100.0,70,False,False,-55.32994923857868,-65.13705583756345
2022-02-22,부광약품,003000,KOSPI,11654.0,12.34,42.98,-59.247328724072915,-44.225806451612904,-3.6495501632783056,pullback_recovery,30.3,70,True,False,-34.51175562038785,-44.156512785309765
2022-02-21,한진중공업홀딩스,003480,KOSPI,3875.0,9.46,42.6,-45.53846153846154,-28.04878048780488,-2.302129803035706,downtrend,16.4,65,False,False,3.870967741935484,-11.741935483870968
2022-02-17,토니모리,214420,KOSPI,3890.0,8.66,41.48,-65.72194561470701,-48.79130310399085,-11.903251530683372,downtrend,29.2,70,True,False,-9.640102827763496,20.051413881748072
2022-02-17,잇츠한불,226320,KOSPI,19600.0,17.37,44.51,-45.51386623164764,-20.665083135391924,-3.8974324621333944,downtrend,36.6,70,True,False,-14.795918367346939,-34.69387755102041
2022-02-11,LG헬로비전,037560,KOSPI,5290.0,10.21,43.05,-49.31362196409715,-44.764096662830845,-5.209138522930194,downtrend,22.2,70,True,False,-10.113421550094518,-24.102079395085067
2022-01-25,LS네트웍스,000680,KOSPI,3930.0,21.11,58.72,-41.21376811594203,-22.275449101796408,-0.8561040268894163,mixed,57.5,100,False,False,-36.895674300254456,-28.498727735368956
2022-01-25,NI스틸,008260,KOSPI,3800.0,7.95,51.43,-45.25660964230171,-31.517509727626457,-0.28691626314328655,pullback_recovery,30.8,100,False,False,-3.1578947368421053,90.0
2022-01-21,대한전선,001440,KOSPI,15215.0,3.58,45.99,-59.39124184452063,-36.109782088643385,-4.5653106204231975,downtrend,23.0,100,True,False,-13.131777850805125,-17.48931975024647
2022-01-18,HD현대에너지솔루션,322000,KOSPI,27950.0,18.18,61.66,-43.28537170263789,-24.561403508771928,-0.8979928470319312,V_recovery,68.5,100,False,False,101.78890876565293,33.273703041144906
2022-01-17,HD현대에너지솔루션,322000,KOSPI,23650.0,4.88,47.48,-45.92326139088729,-28.75197472353871,-1.282022107416396,V_recovery,34.4,100,True,False,141.43763213530656,57.2938689217759
2022-01-13,알루코,001780,KOSPI,4385.0,26.92,60.73,-40.737564322469986,-30.830830830830834,-3.4102128523747584,pullback_recovery,48.6,100,True,False,-49.25883694412771,13.568985176738883
2022-01-05,수산세보틱스,017550,KOSPI,3145.0,6.79,59.91,-60.78561917443408,-26.4669163545568,1.1469947755301546,mixed,8.9,100,True,False,-25.914149443561207,-11.605723370429253
2022-01-05,HD건설기계,267270,KOSPI,46800.0,17.29,75.5,-40.713224368499255,-22.67441860465116,-0.19505951183120973,sideways,35.4,100,True,False,-34.401709401709404,75.85470085470085
2021-12-28,차AI헬스케어,025620,KOSPI,20462.0,10.88,40.61,-56.247036510194405,-36.22352006082179,-5.146053349820363,pullback_recovery,39.4,40,False,False,-28.677548626722704,-66.4744404261558
2021-12-27,제일약품,271980,KOSPI,37800.0,12.84,59.08,-50.662739322533135,-25.223214285714292,-1.9427991362682018,pullback_recovery,33.9,100,False,False,-50.264550264550266,-49.65608465608465
2021-12-22,수산세보틱스,017550,KOSPI,2945.0,6.9,54.39,-63.315579227696404,-36.81192660550459,-0.23840017683777665,pullback_recovery,29.6,70,True,False,-0.1697792869269949,-8.31918505942275
2021-12-22,제일약품,271980,KOSPI,36600.0,18.26,44.99,-55.785714285714285,-28.932261768082668,-2.832259836226446,pullback_recovery,37.7,70,True,False,-46.44808743169399,-48.442622950819676
2021-12-20,신성이엔지,011930,KOSPI,23050.0,8.47,53.8,-46.406052963430014,-26.724137931034488,-3.5964833936412814,pullback_recovery,27.5,70,True,False,0.8676789587852495,-3.036876355748373
2021-12-15,신성이엔지,011930,KOSPI,21850.0,5.56,47.95,-47.79319041614124,-28.373702422145332,-3.8940662862218804,downtrend,21.3,70,True,False,10.983981693363845,7.551487414187644
2021-12-15,경보제약,214390,KOSPI,7338.0,8.7,40.23,-52.58130224064058,-25.51031667218361,-3.981727648235565,downtrend,27.7,65,False,False,-36.0043608612701,-24.993186154265466
2021-11-08,F&F홀딩스,007700,KOSPI,45650.0,13.98,47.83,-55.49999999999999,-55.49999999999999,-0.9941790611560435,V_recovery,68.1,100,True,False,-58.48849945235487,-53.77875136911281
2021-10-22,대영포장,014160,KOSPI,2615.0,12.47,41.98,-41.87499999999999,-24.267100977198698,-6.337932046191584,downtrend,16.4,70,True,False,-36.137667304015295,-46.61567877629063
2021-08-10,SK케미칼,285130,KOSPI,196824.0,14.79,67.23,-44.43256205846134,-32.54603604206088,-0.23373597605695137,sideways,37.0,70,True,False,-36.237450717392186,-56.56017558834289
2021-07-29,명신산업,009900,KOSPI,33200.0,8.14,55.57,-40.73359073359073,-21.882951653944016,2.872049372958586,mixed,35.6,70,False,False,-34.93975903614458,-53.01204819277109
2021-07-12,차AI헬스케어,025620,KOSPI,29421.0,15.87,49.78,-45.744567191606656,-22.5270031122231,0.6249217639475181,mixed,20.5,70,True,False,-32.08932395227899,-79.6743822439754
2021-07-05,삼부토건,001470,KOSPI,3200.0,3.9,54.92,-44.60431654676259,-30.237825594563983,0.6899938973239774,mixed,25.9,100,False,False,-9.375,-59.06249999999999
2021-05-17,진원생명과학,011000,KOSPI,15936.0,25.84,58.68,-54.36396396396397,-24.998519395913533,6.004439507300002,mixed,59.7,65,False,False,-0.853413654618474,-53.43875502008032
2021-03-02,서연,007860,KOSPI,8400.0,14.91,41.39,-47.41007194244604,-23.53556485355649,-7.963477353372055,downtrend,23.2,70,True,False,62.5,-16.666666666666664
2020-07-03,대성산업,128820,KOSPI,3602.0,22.98,67.29,-43.33526794350938,-43.33526794350938,-1.2916008512884969,mixed,33.4,70,True,False,18.961687951138256,32.232093281510274
2020-06-30,아모레퍼시픽우,090435,KOSPI,71000.0,24.34,66.37,-45.87677725118483,-38.06941431670282,-0.004382076548229352,sideways,10.7,100,True,False,15.774647887323944,2.3943661971830985
